position,source_index,db_id,difficulty,question,evidence,gold_sql,valid_sql_baseline_no_evidence,execution_match_baseline_no_evidence,normalized_exact_match_baseline_no_evidence,input_token_count_baseline_no_evidence,output_token_count_baseline_no_evidence,generation_seconds_baseline_no_evidence,predicted_sql_baseline_no_evidence,sql_error_baseline_no_evidence,pipeline_error_baseline_no_evidence,valid_sql_baseline_with_evidence,execution_match_baseline_with_evidence,normalized_exact_match_baseline_with_evidence,input_token_count_baseline_with_evidence,output_token_count_baseline_with_evidence,generation_seconds_baseline_with_evidence,predicted_sql_baseline_with_evidence,sql_error_baseline_with_evidence,pipeline_error_baseline_with_evidence,valid_sql_sft_no_evidence,execution_match_sft_no_evidence,normalized_exact_match_sft_no_evidence,input_token_count_sft_no_evidence,output_token_count_sft_no_evidence,generation_seconds_sft_no_evidence,predicted_sql_sft_no_evidence,sql_error_sft_no_evidence,pipeline_error_sft_no_evidence,valid_sql_sft_with_evidence,execution_match_sft_with_evidence,normalized_exact_match_sft_with_evidence,input_token_count_sft_with_evidence,output_token_count_sft_with_evidence,generation_seconds_sft_with_evidence,predicted_sql_sft_with_evidence,sql_error_sft_with_evidence,pipeline_error_sft_with_evidence,correct_baseline_no_evidence,valid_baseline_no_evidence,correct_baseline_with_evidence,valid_baseline_with_evidence,correct_sft_no_evidence,valid_sft_no_evidence,correct_sft_with_evidence,valid_sft_with_evidence,change_evidence_effect_base,change_evidence_effect_sft,change_sft_effect_no_evidence,change_sft_effect_with_evidence
0,0,debit_card_specializing,simple,What is the ratio of customers who pay in EUR against customers who pay in CZK?,ratio of customers who pay in EUR against customers who pay in CZK = count(Currency = 'EUR') / count(Currency = 'CZK').,"SELECT CAST(SUM(IIF(Currency = 'EUR', 1, 0)) AS FLOAT) / SUM(IIF(Currency = 'CZK', 1, 0)) AS ratio FROM customers",True,False,False,321,72,3.329633412000021,SELECT SUM(CASE WHEN T2.Currency = 'EUR' THEN 1 ELSE 0 END) * 1.0 / SUM(CASE WHEN T2.Currency = 'CZK' THEN 1 ELSE 0 END) FROM transactions_1k AS T1 INNER JOIN customers AS T2 ON T1.CustomerID = T2.CustomerID,,,True,True,False,352,46,1.4081251769998744,SELECT CAST(SUM(CASE WHEN Currency = 'EUR' THEN 1 ELSE 0 END) AS REAL) / SUM(CASE WHEN Currency = 'CZK' THEN 1 ELSE 0 END) FROM customers,,,True,False,False,321,72,5.005480008000177,SELECT CAST(SUM(CASE WHEN T2.Currency = 'EUR' THEN 1 ELSE 0 END) AS REAL) / SUM(CASE WHEN T2.Currency = 'CZK' THEN 1 ELSE 0 END) FROM transactions_1k AS T1 INNER JOIN customers AS T2 ON T1.CustomerID = T2.CustomerID,,,True,False,False,352,71,4.813884564000546,"SELECT CAST(SUM(IIF(T2.Currency = 'EUR', 1, 0)) AS REAL) * 100 / SUM(IIF(T2.Currency = 'CZK', 1, 0)) FROM transactions_1k AS T1 INNER JOIN customers AS T2 ON T1.CustomerID = T2.CustomerID",,,False,True,True,True,False,True,False,True,improved,both_wrong,both_wrong,regressed
1,1,debit_card_specializing,moderate,"In 2012, who had the least consumption in LAM?",Year 2012 can be presented as Between 201201 And 201212; The first 4 strings of the Date values in the yearmonth table can represent year.,"SELECT T1.CustomerID FROM customers AS T1 INNER JOIN yearmonth AS T2 ON T1.CustomerID = T2.CustomerID WHERE T1.Segment = 'LAM' AND SUBSTR(T2.Date, 1, 4) = '2012' GROUP BY T1.CustomerID ORDER BY SUM(T2.Consumption) ASC LIMIT 1",True,False,False,319,60,1.8362182219999568,SELECT T1.CustomerID FROM yearmonth AS T1 INNER JOIN customers AS T2 ON T1.CustomerID = T2.CustomerID WHERE T1.Date LIKE '2012%' AND T2.Segment = 'LAM' ORDER BY T1.Consumption ASC LIMIT 1,,,True,False,False,362,60,1.8305796649999593,SELECT T1.CustomerID FROM customers AS T1 INNER JOIN yearmonth AS T2 ON T1.CustomerID = T2.CustomerID WHERE T2.Date LIKE '2012%' AND T1.Segment = 'LAM' ORDER BY T2.Consumption ASC LIMIT 1,,,True,False,False,319,59,4.0345137769995745,SELECT T1.CustomerID FROM yearmonth AS T1 INNER JOIN customers AS T2 ON T1.CustomerID = T2.CustomerID WHERE T1.Date LIKE '2012%' AND T2.Segment = 'LAM' ORDER BY T1.Consumption LIMIT 1,,,True,False,False,362,59,3.996911793000436,SELECT T1.CustomerID FROM yearmonth AS T1 INNER JOIN customers AS T2 ON T1.CustomerID = T2.CustomerID WHERE T1.Date LIKE '2012%' AND T2.Segment = 'LAM' ORDER BY T1.Consumption LIMIT 1,,,False,True,False,True,False,True,False,True,both_wrong,both_wrong,both_wrong,both_wrong
2,2,debit_card_specializing,moderate,What was the average monthly consumption of customers in SME for the year 2013?,Average Monthly consumption = AVG(Consumption) / 12; Year 2013 can be presented as Between 201301 And 201312; The first 4 strings of the Date values in the yearmonth table can represent year.,"SELECT AVG(T2.Consumption) / 12 FROM customers AS T1 INNER JOIN yearmonth AS T2 ON T1.CustomerID = T2.CustomerID WHERE SUBSTR(T2.Date, 1, 4) = '2013' AND T1.Segment = 'SME'",True,False,False,322,44,1.3507581390000496,"SELECT AVG(Consumption) FROM yearmonth WHERE STRFTIME('%Y', Date) = '2013' AND CustomerID IN ( SELECT CustomerID FROM customers WHERE Segment = 'SME' )",,,True,False,False,379,52,1.5849603489998572,SELECT AVG(Consumption) / 12 FROM yearmonth WHERE Date BETWEEN '201301' AND '201312' AND CustomerID IN ( SELECT CustomerID FROM customers WHERE Segment = 'SME' ),,,True,False,False,322,59,4.097873735000121,"SELECT AVG(T2.Consumption) FROM customers AS T1 INNER JOIN yearmonth AS T2 ON T1.CustomerID = T2.CustomerID WHERE T1.Segment = 'SME' AND STRFTIME('%Y', T2.Date) = '2013'",,,False,False,False,379,77,5.25566065699968,"SELECT CAST(SUM(CASE WHEN SUBSTR(T1.Date, 1, 4) = '2013' THEN T2.Consumption ELSE 0 END) AS REAL) / 12 FROM yearmonth AS T1 INNER JOIN customers AS T2 ON T1.CustomerID = T2.CustomerID WHERE T2.Segment = 'SME'",no such column: T2.Consumption,,False,True,False,True,False,True,False,False,both_wrong,both_wrong,both_wrong,both_wrong
3,3,debit_card_specializing,challenging,What was the difference in gas consumption between CZK-paying customers and EUR-paying customers in 2012?,Year 2012 can be presented as Between 201201 And 201212; The first 4 strings of the Date values in the yearmonth table can represent year; Difference in Consumption = CZK customers consumption in 2012 - EUR customers consumption in 2012,"SELECT SUM(IIF(T1.Currency = 'CZK', T2.Consumption, 0)) - SUM(IIF(T1.Currency = 'EUR', T2.Consumption, 0)) FROM customers AS T1 INNER JOIN yearmonth AS T2 ON T1.CustomerID = T2.CustomerID WHERE SUBSTR(T2.Date, 1, 4) = '2012'",True,False,False,326,91,2.792682754999987,"SELECT SUM(CASE WHEN T1.Currency = 'CZK' THEN T2.Consumption ELSE 0 END) - SUM(CASE WHEN T1.Currency = 'EUR' THEN T2.Consumption ELSE 0 END) AS Difference FROM customers AS T1 INNER JOIN yearmonth AS T2 ON T1.CustomerID = T2.CustomerID WHERE STRFTIME('%Y', T2.Date) = '2012'",,,True,False,False,394,95,2.925608597000064,SELECT SUM(CASE WHEN T1.Currency = 'CZK' THEN T2.Consumption ELSE 0 END) - SUM(CASE WHEN T1.Currency = 'EUR' THEN T2.Consumption ELSE 0 END) AS diff FROM customers AS T1 INNER JOIN yearmonth AS T2 ON T1.CustomerID = T2.CustomerID WHERE T2.Date BETWEEN '201201' AND '201212',,,True,False,False,326,89,6.072208303000025,"SELECT SUM(CASE WHEN T1.Currency = 'CZK' THEN T2.Consumption ELSE 0 END) - SUM(CASE WHEN T1.Currency = 'EUR' THEN T2.Consumption ELSE 0 END) FROM customers AS T1 INNER JOIN yearmonth AS T2 ON T1.CustomerID = T2.CustomerID WHERE STRFTIME('%Y', T2.Date) = '2012'",,,True,True,False,394,82,5.624223589999929,SELECT SUM(CASE WHEN T1.Currency = 'CZK' THEN T2.Consumption ELSE 0 END) - SUM(CASE WHEN T1.Currency = 'EUR' THEN T2.Consumption ELSE 0 END) FROM customers AS T1 INNER JOIN yearmonth AS T2 ON T1.CustomerID = T2.CustomerID WHERE T2.Date LIKE '2012%',,,False,True,False,True,False,True,True,True,both_wrong,improved,both_wrong,improved
4,4,debit_card_specializing,moderate,Which year recorded the most consumption of gas paid in CZK?,The first 4 strings of the Date values in the yearmonth table can represent year.,"SELECT SUBSTR(T2.Date, 1, 4) FROM customers AS T1 INNER JOIN yearmonth AS T2 ON T1.CustomerID = T2.CustomerID WHERE T1.Currency = 'CZK' GROUP BY SUBSTR(T2.Date, 1, 4) ORDER BY SUM(T2.Consumption) DESC LIMIT 1",False,False,False,316,72,2.213650240999982,"SELECT STRFTIME('%Y', T2.Date) FROM transactions_1k AS T1 INNER JOIN yearmonth AS T2 ON T1.CustomerID = T2.CustomerID WHERE T1.Currency = 'CZK' GROUP BY STRFTIME('%Y', T2.Date) ORDER BY SUM(T2.Consumption) DESC LIMIT 1",no such column: T1.Currency,,False,False,False,332,65,2.005623379000099,"SELECT STRFTIME('%Y', T2.Date) AS Year FROM transactions_1k AS T1 INNER JOIN yearmonth AS T2 ON T1.CustomerID = T2.CustomerID WHERE T1.Currency = 'CZK' GROUP BY Year ORDER BY SUM(T2.Consumption) DESC LIMIT 1",no such column: T1.Currency,,True,False,False,316,69,4.706162099000267,"SELECT STRFTIME('%Y', T2.Date) FROM customers AS T1 INNER JOIN yearmonth AS T2 ON T1.CustomerID = T2.CustomerID WHERE T1.Currency = 'CZK' GROUP BY STRFTIME('%Y', T2.Date) ORDER BY SUM(T2.Consumption) DESC LIMIT 1",,,False,False,False,332,67,4.58437292599956,"SELECT SUBSTR(T2.Date, 1, 4) FROM transactions_1k AS T1 INNER JOIN yearmonth AS T2 ON T1.CustomerID = T2.CustomerID WHERE T1.Currency = 'CZK' GROUP BY T2.Date ORDER BY SUM(T2.Consumption) DESC LIMIT 1",no such column: T1.Currency,,False,False,False,False,False,True,False,False,both_wrong,both_wrong,both_wrong,both_wrong
5,5,debit_card_specializing,moderate,What was the gas consumption peak month for SME customers in 2013?,Year 2013 can be presented as Between 201301 And 201312; The first 4 strings of the Date values in the yearmonth table can represent year; The 5th and 6th string of the date can refer to month.,"SELECT SUBSTR(T2.Date, 5, 2) FROM customers AS T1 INNER JOIN yearmonth AS T2 ON T1.CustomerID = T2.CustomerID WHERE SUBSTR(T2.Date, 1, 4) = '2013' AND T1.Segment = 'SME' GROUP BY SUBSTR(T2.Date, 5, 2) ORDER BY SUM(T2.Consumption) DESC LIMIT 1",True,False,False,320,66,2.0316800399999693,"SELECT T2.Date FROM customers AS T1 INNER JOIN yearmonth AS T2 ON T1.CustomerID = T2.CustomerID WHERE T1.Segment = 'SME' AND STRFTIME('%Y', T2.Date) = '2013' ORDER BY T2.Consumption DESC LIMIT 1",,,True,False,False,380,77,2.3716021230000024,"SELECT SUBSTR(Date, 1, 7) AS Month, MAX(Consumption) AS PeakConsumption FROM yearmonth WHERE CustomerID IN ( SELECT CustomerID FROM customers WHERE Segment = 'SME' ) AND Date BETWEEN '201301' AND '201312' GROUP BY Month ORDER BY PeakConsumption DESC LIMIT 1",,,True,False,False,320,66,4.522830927000086,"SELECT T2.Date FROM customers AS T1 INNER JOIN yearmonth AS T2 ON T1.CustomerID = T2.CustomerID WHERE T1.Segment = 'SME' AND STRFTIME('%Y', T2.Date) = '2013' ORDER BY T2.Consumption DESC LIMIT 1",,,True,False,False,380,59,4.027500622999469,SELECT T2.Date FROM customers AS T1 INNER JOIN yearmonth AS T2 ON T1.CustomerID = T2.CustomerID WHERE T1.Segment = 'SME' AND T2.Date LIKE '2013%' ORDER BY T2.Consumption DESC LIMIT 1,,,False,True,False,True,False,True,False,True,both_wrong,both_wrong,both_wrong,both_wrong
6,6,debit_card_specializing,challenging,"What is the difference in the annual average consumption of the customers with the least amount of consumption paid in CZK for 2013 between SME and LAM, LAM and KAM, and KAM and SME?",annual average consumption of customer with the lowest consumption in each segment = total consumption per year / the number of customer with lowest consumption in each segment; Difference in annual average = SME's annual average - LAM's annual average; Difference in annual average = LAM's annual average - KAM's annual average; Year 2013 can be presented as Between 201301 And 201312; The first 4 strings of the Date values in the yearmonth table can represent year.,"SELECT CAST(SUM(IIF(T1.Segment = 'SME', T2.Consumption, 0)) AS REAL) / COUNT(T1.CustomerID) - CAST(SUM(IIF(T1.Segment = 'LAM', T2.Consumption, 0)) AS REAL) / COUNT(T1.CustomerID) , CAST(SUM(IIF(T1.Segment = 'LAM', T2.Consumption, 0)) AS REAL) / COUNT(T1.CustomerID) - CAST(SUM(IIF(T1.Segment = 'KAM', T2.Consumption, 0)) AS REAL) / COUNT(T1.CustomerID) , CAST(SUM(IIF(T1.Segment = 'KAM', T2.Consumption, 0)) AS REAL) / COUNT(T1.CustomerID) - CAST(SUM(IIF(T1.Segment = 'SME', T2.Consumption, 0)) AS REAL) / COUNT(T1.CustomerID) FROM customers AS T1 INNER JOIN yearmonth AS T2 ON T1.CustomerID = T2.CustomerID WHERE T1.Currency = 'CZK' AND T2.Consumption = ( SELECT MIN(Consumption) FROM yearmonth ) AND T2.Date BETWEEN 201301 AND 201312",True,False,False,349,204,6.196563857000001,"SELECT AVG(CASE WHEN T1.Segment = 'SME' THEN T2.Consumption ELSE NULL END) - AVG(CASE WHEN T1.Segment = 'LAM' THEN T2.Consumption ELSE NULL END) AS diff1, AVG(CASE WHEN T1.Segment = 'LAM' THEN T2.Consumption ELSE NULL END) - AVG(CASE WHEN T1.Segment = 'KAM' THEN T2.Consumption ELSE NULL END) AS diff2, AVG(CASE WHEN T1.Segment = 'KAM' THEN T2.Consumption ELSE NULL END) - AVG(CASE WHEN T1.Segment = 'SME' THEN T2.Consumption ELSE NULL END) AS diff3 FROM customers AS T1 INNER JOIN yearmonth AS T2 ON T1.CustomerID = T2.CustomerID WHERE STRFTIME('%Y', T2.Date) = '2013' AND T1.Currency = 'CZK'",,,False,False,False,454,237,7.137049624999918,"WITH low_consumption AS (
    SELECT 
        Segment, 
        AVG(Consumption) AS avg_consumption
    FROM 
        yearmonth
    WHERE 
        Date BETWEEN '201301' AND '201312'
    GROUP BY 
        Segment
),
sme_avg AS (
    SELECT 
        avg_consumption AS sme_avg
    FROM 
        low_consumption
    WHERE 
        Segment = 'SME'
),
lam_avg AS (
    SELECT 
        avg_consumption AS lam_avg
    FROM 
        low_consumption
    WHERE 
        Segment = 'LAM'
),
kam_avg AS (
    SELECT 
        avg_consumption AS kam_avg
    FROM 
        low_consumption
    WHERE 
        Segment = 'KAM'
)
SELECT 
    (lam_avg.lam_avg - sme_avg.sme_avg) AS diff_lam_sme,
    (lam_avg.lam_avg - kam_avg.kam_avg) AS diff_lam_kam,
    (kam_avg.kam_avg - sme_avg.sme_avg) AS diff_kam_sme;",no such column: lam_avg.lam_avg,,False,False,False,349,248,16.847715873000197,SELECT AVG(T2.Consumption) - AVG(T1.Consumption) FROM yearmonth AS T1 INNER JOIN yearmonth AS T2 ON T1.CustomerID = T2.CustomerID WHERE T1.Date LIKE '2013%' AND T2.Date LIKE '2014%' AND T1.Segment = 'SME' AND T2.Segment = 'LAM' UNION ALL SELECT AVG(T2.Consumption) - AVG(T1.Consumption) FROM yearmonth AS T1 INNER JOIN yearmonth AS T2 ON T1.CustomerID = T2.CustomerID WHERE T1.Date LIKE '2013%' AND T2.Date LIKE '2014%' AND T1.Segment = 'LAM' AND T2.Segment = 'KAM' UNION ALL SELECT AVG(T2.Consumption) - AVG(T1.Consumption) FROM yearmonth AS T1 INNER JOIN yearmonth AS T2 ON T1.CustomerID = T2.CustomerID WHERE T1.Date LIKE '2013%' AND T2.Date LIKE '2014%' AND T1.Segment = 'KAM' AND T2.Segment = 'SME',no such column: T1.Segment,,False,False,False,454,146,9.953982633999658,"SELECT AVG(T2.Consumption) - AVG(T3.Consumption), AVG(T3.Consumption) - AVG(T1.Consumption), AVG(T1.Consumption) - AVG(T2.Consumption) FROM customers AS T1 INNER JOIN yearmonth AS T2 ON T1.CustomerID = T2.CustomerID INNER JOIN yearmonth AS T3 ON T1.CustomerID = T3.CustomerID WHERE T1.Currency = 'CZK' AND T2.Date BETWEEN '201301' AND '201312' AND T3.Date BETWEEN '201301' AND '201312' GROUP BY T1.Segment",no such column: T1.Consumption,,False,True,False,False,False,False,False,False,both_wrong,both_wrong,both_wrong,both_wrong
7,7,debit_card_specializing,challenging,"Which of the three segments—SME, LAM and KAM—has the biggest and lowest percentage increases in consumption paid in EUR between 2012 and 2013?",Increase or Decrease = consumption for 2013 - consumption for 2012; Percentage of Increase = (Increase or Decrease / consumption for 2013) * 100%; The first 4 strings of the Date values in the yearmonth table can represent year,"SELECT CAST((SUM(IIF(T1.Segment = 'SME' AND T2.Date LIKE '2013%', T2.Consumption, 0)) - SUM(IIF(T1.Segment = 'SME' AND T2.Date LIKE '2012%', T2.Consumption, 0))) AS FLOAT) * 100 / SUM(IIF(T1.Segment = 'SME' AND T2.Date LIKE '2012%', T2.Consumption, 0)), CAST(SUM(IIF(T1.Segment = 'LAM' AND T2.Date LIKE '2013%', T2.Consumption, 0)) - SUM(IIF(T1.Segment = 'LAM' AND T2.Date LIKE '2012%', T2.Consumption, 0)) AS FLOAT) * 100 / SUM(IIF(T1.Segment = 'LAM' AND T2.Date LIKE '2012%', T2.Consumption, 0)) , CAST(SUM(IIF(T1.Segment = 'KAM' AND T2.Date LIKE '2013%', T2.Consumption, 0)) - SUM(IIF(T1.Segment = 'KAM' AND T2.Date LIKE '2012%', T2.Consumption, 0)) AS FLOAT) * 100 / SUM(IIF(T1.Segment = 'KAM' AND T2.Date LIKE '2012%', T2.Consumption, 0)) FROM customers AS T1 INNER JOIN yearmonth AS T2 ON T1.CustomerID = T2.CustomerID",True,False,False,343,91,2.8040679599999976,"SELECT T1.Segment, MAX(T2.Consumption) - MIN(T2.Consumption) AS PercentageIncrease FROM customers AS T1 INNER JOIN yearmonth AS T2 ON T1.CustomerID = T2.CustomerID WHERE T1.Currency = 'EUR' AND T2.Date LIKE '%/%/12' OR T2.Date LIKE '%/%/13' GROUP BY T1.Segment ORDER BY PercentageIncrease DESC LIMIT 1",,,True,False,False,404,163,4.962802940000074,"SELECT T1.Segment, MAX(T2.IncreaseOrDecrease), MIN(T2.IncreaseOrDecrease) FROM customers AS T1 INNER JOIN ( SELECT T1.Segment, SUM(CASE WHEN SUBSTR(T2.Date, 1, 4) = '2013' THEN T2.Consumption ELSE 0 END) - SUM(CASE WHEN SUBSTR(T2.Date, 1, 4) = '2012' THEN T2.Consumption ELSE 0 END) AS IncreaseOrDecrease FROM customers AS T1 INNER JOIN yearmonth AS T2 ON T1.CustomerID = T2.CustomerID WHERE T1.Currency = 'EUR' GROUP BY T1.Segment ) AS T2 ON T1.Segment = T2.Segment",,,True,False,False,343,95,6.461917183999958,"SELECT T2.Segment, CAST((T1.Consumption - T1.Consumption) AS REAL) * 100 / T1.Consumption FROM yearmonth AS T1 INNER JOIN customers AS T2 ON T1.CustomerID = T2.CustomerID WHERE T2.Currency = 'EUR' AND T1.Date LIKE '%/%/12' GROUP BY T2.Segment ORDER BY SUM(T1.Consumption) DESC LIMIT 1",,,True,False,False,404,232,15.804526998000256,"SELECT T1.Segment, CAST((SUM(CASE WHEN SUBSTR(T2.Date, 1, 4) = '2013' THEN T2.Consumption ELSE 0 END) - SUM(CASE WHEN SUBSTR(T2.Date, 1, 4) = '2012' THEN T2.Consumption ELSE 0 END)) AS REAL) * 100 / SUM(CASE WHEN SUBSTR(T2.Date, 1, 4) = '2013' THEN T2.Consumption ELSE 0 END) FROM customers AS T1 INNER JOIN yearmonth AS T2 ON T1.CustomerID = T2.CustomerID WHERE T1.Currency = 'EUR' GROUP BY T1.Segment ORDER BY SUM(CASE WHEN SUBSTR(T2.Date, 1, 4) = '2013' THEN T2.Consumption ELSE 0 END) - SUM(CASE WHEN SUBSTR(T2.Date, 1, 4) = '2012' THEN T2.Consumption ELSE 0 END) DESC LIMIT 1",,,False,True,False,True,False,True,False,True,both_wrong,both_wrong,both_wrong,both_wrong
8,8,debit_card_specializing,simple,How much did customer 6 consume in total between August and November 2013?,Between August And November 2013 refers to Between 201308 And 201311; The first 4 strings of the Date values in the yearmonth table can represent year; The 5th and 6th string of the date can refer to month.,SELECT SUM(Consumption) FROM yearmonth WHERE CustomerID = 6 AND Date BETWEEN '201308' AND '201311',True,False,False,322,38,1.178255001000025,SELECT SUM(Consumption) FROM yearmonth WHERE CustomerID = 6 AND Date BETWEEN '2013-08' AND '2013-11',,,True,True,True,383,36,1.1089243110000098,SELECT SUM(Consumption) FROM yearmonth WHERE CustomerID = 6 AND Date BETWEEN '201308' AND '201311',,,True,False,False,322,38,2.5549946640003327,SELECT SUM(Consumption) FROM yearmonth WHERE CustomerID = 6 AND Date BETWEEN '2013-08' AND '2013-11',,,True,True,True,383,36,2.4674103570005173,SELECT SUM(Consumption) FROM yearmonth WHERE CustomerID = 6 AND Date BETWEEN '201308' AND '201311',,,False,True,True,True,False,True,True,True,improved,improved,both_wrong,both_correct
9,9,debit_card_specializing,simple,"How many more ""discount"" gas stations does the Czech Republic have compared to Slovakia?","Czech Republic can be represented as the Country value in gasstations table is 'CZE'; Slovakia can be represented as the Country value in the gasstations table is 'SVK';  Computation of more ""discount"" gas stations= Total no. of discount gas stations in Czech Republic - Total no. of discount gas stations in Slovakia","SELECT SUM(IIF(Country = 'CZE', 1, 0)) - SUM(IIF(Country = 'SVK', 1, 0)) FROM gasstations WHERE Segment = 'Discount'",True,False,False,320,52,1.5946300570000176,SELECT SUM(CASE WHEN Country = 'Czech Republic' THEN 1 ELSE 0 END) - SUM(CASE WHEN Country = 'Slovakia' THEN 1 ELSE 0 END) AS difference FROM gasstations WHERE Segment = 'discount',,,True,True,False,387,50,1.5430326470000182,SELECT SUM(CASE WHEN Country = 'CZE' THEN 1 ELSE 0 END) - SUM(CASE WHEN Country = 'SVK' THEN 1 ELSE 0 END) AS difference FROM gasstations WHERE Segment LIKE '%Discount%',,,True,False,False,320,50,3.3978730909998376,SELECT SUM(CASE WHEN Country = 'Czech Republic' THEN 1 ELSE 0 END) - SUM(CASE WHEN Country = 'Slovakia' THEN 1 ELSE 0 END) FROM gasstations WHERE Segment = 'Discount',,,True,False,False,387,72,4.94010852700012,SELECT SUM(CASE WHEN T2.Country = 'CZE' THEN 1 ELSE 0 END) - SUM(CASE WHEN T2.Country = 'SVK' THEN 1 ELSE 0 END) FROM transactions_1k AS T1 INNER JOIN gasstations AS T2 ON T1.GasStationID = T2.GasStationID,,,False,True,True,True,False,True,False,True,improved,both_wrong,both_wrong,regressed
10,10,debit_card_specializing,simple,"Is it true that more SMEs pay in Czech koruna than in euros? If so, how many more?",Amount of more SMEs = Total of SMEs pay using Currency CZK - Total of SMEs pay using Currency EUR,SELECT SUM(Currency = 'CZK') - SUM(Currency = 'EUR') FROM customers WHERE Segment = 'SME',True,False,False,326,79,2.4101402860000007,SELECT SUM(CASE WHEN T2.Currency = 'CZK' THEN 1 ELSE 0 END) - SUM(CASE WHEN T2.Currency = 'EUR' THEN 1 ELSE 0 END) AS difference FROM transactions_1k AS T1 INNER JOIN customers AS T2 ON T1.CustomerID = T2.CustomerID WHERE T2.Segment = 'SME',,,True,False,False,349,79,2.4376839130000008,SELECT SUM(CASE WHEN T2.Currency = 'CZK' THEN 1 ELSE 0 END) - SUM(CASE WHEN T2.Currency = 'EUR' THEN 1 ELSE 0 END) AS difference FROM transactions_1k AS T1 INNER JOIN customers AS T2 ON T1.CustomerID = T2.CustomerID WHERE T2.Segment = 'SME',,,False,False,False,326,153,10.61181774600027,SELECT SUM(CASE WHEN T2.Segment = 'SME' THEN 1 ELSE 0 END) - SUM(CASE WHEN T2.Segment = 'Consumer' THEN 1 ELSE 0 END) FROM transactions_1k AS T1 INNER JOIN customers AS T2 ON T1.CustomerID = T2.CustomerID WHERE T2.Currency = 'CZK' > SUM(CASE WHEN T2.Segment = 'SME' THEN 1 ELSE 0 END) - SUM(CASE WHEN T2.Segment = 'Consumer' THEN 1 ELSE 0 END) FROM transactions_1k AS T1 INNER JOIN customers AS T2 ON T1.CustomerID = T2.CustomerID WHERE T2.Currency = 'EUR',"near ""FROM"": syntax error",,True,False,False,349,77,5.25911056699988,SELECT SUM(CASE WHEN T2.Currency = 'CZK' THEN 1 ELSE 0 END) - SUM(CASE WHEN T2.Currency = 'EUR' THEN 1 ELSE 0 END) FROM transactions_1k AS T1 INNER JOIN customers AS T2 ON T1.CustomerID = T2.CustomerID WHERE T2.Segment = 'SME',,,False,True,False,True,False,False,False,True,both_wrong,both_wrong,both_wrong,both_wrong
11,11,debit_card_specializing,moderate,How many percent of LAM customer consumed more than 46.73?,Percentage of LAM customer consumed more than 46.73 = (Total no. of LAM customers who consumed more than 46.73 / Total no. of LAM customers) * 100.,"SELECT CAST(SUM(IIF(T2.Consumption > 46.73, 1, 0)) AS FLOAT) * 100 / COUNT(T1.CustomerID) FROM customers AS T1 INNER JOIN yearmonth AS T2 ON T1.CustomerID = T2.CustomerID WHERE T1.Segment = 'LAM'",True,True,False,320,75,2.2978023949999624,SELECT CAST(SUM(CASE WHEN T2.Consumption > 46.73 THEN 1 ELSE 0 END) AS REAL) * 100 / COUNT(T1.CustomerID) FROM customers AS T1 INNER JOIN yearmonth AS T2 ON T1.CustomerID = T2.CustomerID WHERE T1.Segment = 'LAM',,,True,True,False,366,75,2.3299577249999857,SELECT CAST(SUM(CASE WHEN T2.Consumption > 46.73 THEN 1 ELSE 0 END) AS REAL) * 100 / COUNT(T1.CustomerID) FROM customers AS T1 INNER JOIN yearmonth AS T2 ON T1.CustomerID = T2.CustomerID WHERE T1.Segment = 'LAM',,,True,True,False,320,75,5.182310884999879,SELECT CAST(SUM(CASE WHEN T2.Consumption > 46.73 THEN 1 ELSE 0 END) AS REAL) * 100 / COUNT(T1.CustomerID) FROM customers AS T1 INNER JOIN yearmonth AS T2 ON T1.CustomerID = T2.CustomerID WHERE T1.Segment = 'LAM',,,True,True,False,366,75,5.11806933600019,SELECT CAST(SUM(CASE WHEN T2.Consumption > 46.73 THEN 1 ELSE 0 END) AS REAL) * 100 / COUNT(T1.CustomerID) FROM customers AS T1 INNER JOIN yearmonth AS T2 ON T1.CustomerID = T2.CustomerID WHERE T1.Segment = 'LAM',,,True,True,True,True,True,True,True,True,both_correct,both_correct,both_correct,both_correct
12,12,debit_card_specializing,simple,"In February 2012, what percentage of customers consumed more than 528.3?",February 2012 refers to '201202' in yearmonth.date; The first 4 strings of the Date values in the yearmonth table can represent year; The 5th and 6th string of the date can refer to month.,"SELECT CAST(SUM(IIF(Consumption > 528.3, 1, 0)) AS FLOAT) * 100 / COUNT(CustomerID) FROM yearmonth WHERE Date = '201202'",True,False,False,325,80,2.4461312219999627,SELECT CAST(SUM(CASE WHEN T2.Consumption > 528.3 THEN 1 ELSE 0 END) AS REAL) * 100 / COUNT(T1.CustomerID) FROM customers AS T1 INNER JOIN yearmonth AS T2 ON T1.CustomerID = T2.CustomerID WHERE T2.Date LIKE '2012-02-%',,,True,True,False,379,78,2.4238519059999817,SELECT CAST(SUM(CASE WHEN T2.Consumption > 528.3 THEN 1 ELSE 0 END) AS REAL) * 100 / COUNT(T1.CustomerID) FROM customers AS T1 INNER JOIN yearmonth AS T2 ON T1.CustomerID = T2.CustomerID WHERE T2.Date LIKE '201202%',,,True,False,False,325,79,5.451689343999988,SELECT CAST(SUM(CASE WHEN T2.Consumption > 528.3 THEN 1 ELSE 0 END) AS REAL) * 100 / COUNT(T1.CustomerID) FROM customers AS T1 INNER JOIN yearmonth AS T2 ON T1.CustomerID = T2.CustomerID WHERE T2.Date LIKE '2012-02%',,,True,True,False,379,78,5.316983645000619,SELECT CAST(SUM(CASE WHEN T2.Consumption > 528.3 THEN 1 ELSE 0 END) AS REAL) * 100 / COUNT(T1.CustomerID) FROM customers AS T1 INNER JOIN yearmonth AS T2 ON T1.CustomerID = T2.CustomerID WHERE T2.Date LIKE '201202%',,,False,True,True,True,False,True,True,True,improved,improved,both_wrong,both_correct
13,13,debit_card_specializing,simple,What is the highest monthly consumption in the year 2012?,The first 4 strings of the Date values in the yearmonth table can represent year; The 5th and 6th string of the date can refer to month.,"SELECT SUM(Consumption) FROM yearmonth WHERE SUBSTR(Date, 1, 4) = '2012' GROUP BY SUBSTR(Date, 5, 2) ORDER BY SUM(Consumption) DESC LIMIT 1",True,False,False,318,19,0.5976058060000469,SELECT MAX(Consumption) FROM yearmonth WHERE Date LIKE '2012%',,,True,False,False,351,19,0.5944160980000106,SELECT MAX(Consumption) FROM yearmonth WHERE Date LIKE '2012%',,,True,False,False,318,19,1.303071897999871,SELECT MAX(Consumption) FROM yearmonth WHERE Date LIKE '2012%',,,True,False,False,351,19,1.2911037220001162,SELECT MAX(Consumption) FROM yearmonth WHERE Date LIKE '2012%',,,False,True,False,True,False,True,False,True,both_wrong,both_wrong,both_wrong,both_wrong
14,14,debit_card_specializing,simple,"Please list the product description of the products consumed in September, 2013.",September 2013 refers to 201309; The first 4 strings of the Date values in the yearmonth table can represent year; The 5th and 6th string of the date can refer to month.,SELECT T3.Description FROM transactions_1k AS T1 INNER JOIN yearmonth AS T2 ON T1.CustomerID = T2.CustomerID INNER JOIN products AS T3 ON T1.ProductID = T3.ProductID WHERE T2.Date = '201309',True,False,False,321,52,1.6133894549999468,"SELECT T2.Description FROM transactions_1k AS T1 INNER JOIN products AS T2 ON T1.ProductID = T2.ProductID WHERE STRFTIME('%Y-%m', T1.Date) = '2013-09'",,,False,False,False,370,50,1.5484423369998694,"SELECT DISTINCT T2.Description FROM yearmonth AS T1 INNER JOIN products AS T2 ON T2.ProductID = T1.ProductID WHERE SUBSTR(T1.Date, 1, 6) = '201309'",no such column: T1.ProductID,,True,False,False,321,53,3.5867302719998406,"SELECT DISTINCT T2.Description FROM transactions_1k AS T1 INNER JOIN products AS T2 ON T1.ProductID = T2.ProductID WHERE STRFTIME('%Y-%m', T1.Date) = '2013-09'",,,False,False,False,370,41,2.7940045510003984,SELECT DISTINCT T2.Description FROM yearmonth AS T1 INNER JOIN products AS T2 ON T1.ProductID = T2.ProductID WHERE T1.Date LIKE '201309%',no such column: T1.ProductID,,False,True,False,False,False,True,False,False,both_wrong,both_wrong,both_wrong,both_wrong
15,15,debit_card_specializing,moderate,"Please list the countries of the gas stations with transactions taken place in June, 2013.",June 2013 refers to '201306'; The first 4 strings of the Date values in the yearmonth table can represent year; The 5th and 6th string of the date can refer to month;,SELECT DISTINCT T2.Country FROM transactions_1k AS T1 INNER JOIN gasstations AS T2 ON T1.GasStationID = T2.GasStationID INNER JOIN yearmonth AS T3 ON T1.CustomerID = T3.CustomerID WHERE T3.Date = '201306',True,False,False,324,58,1.7528476630000114,"SELECT DISTINCT T2.Country FROM transactions_1k AS T1 INNER JOIN gasstations AS T2 ON T1.GasStationID = T2.GasStationID WHERE STRFTIME('%Y-%m', T1.Date) = '2013-06'",,,True,False,False,373,57,1.7622358189998977,"SELECT DISTINCT T2.Country FROM transactions_1k AS T1 INNER JOIN gasstations AS T2 ON T1.GasStationID = T2.GasStationID WHERE SUBSTR(T1.Date, 1, 6) = '201306'",,,True,False,False,324,58,3.922668672999862,"SELECT DISTINCT T2.Country FROM transactions_1k AS T1 INNER JOIN gasstations AS T2 ON T1.GasStationID = T2.GasStationID WHERE STRFTIME('%Y-%m', T1.Date) = '2013-06'",,,True,False,False,373,54,3.7686112829997,"SELECT DISTINCT T2.Country FROM transactions_1k AS T1 INNER JOIN gasstations AS T2 ON T1.GasStationID = T2.GasStationID WHERE strftime('%Y%m', T1.Date) = '201306'",,,False,True,False,True,False,True,False,True,both_wrong,both_wrong,both_wrong,both_wrong
16,16,debit_card_specializing,simple,"Among the customers who paid in euro, how many of them have a monthly consumption of over 1000?",Pays in euro = Currency = 'EUR'.,SELECT COUNT(*) FROM yearmonth AS T1 INNER JOIN customers AS T2 ON T1.CustomerID = T2.CustomerID WHERE T2.Currency = 'EUR' AND T1.Consumption > 1000.00,True,False,False,327,50,1.5139572499999758,SELECT COUNT(T2.CustomerID) FROM yearmonth AS T1 INNER JOIN customers AS T2 ON T1.CustomerID = T2.CustomerID WHERE T2.Currency = 'Euro' AND T1.Consumption > 1000,,,True,True,False,335,50,1.5493762429998696,SELECT COUNT(T2.CustomerID) FROM yearmonth AS T1 INNER JOIN customers AS T2 ON T1.CustomerID = T2.CustomerID WHERE T2.Currency = 'EUR' AND T1.Consumption > 1000,,,True,False,False,327,50,3.380107194000175,SELECT COUNT(T2.CustomerID) FROM yearmonth AS T1 INNER JOIN customers AS T2 ON T1.CustomerID = T2.CustomerID WHERE T2.Currency = 'Euro' AND T1.Consumption > 1000,,,True,True,False,335,50,3.4254958800001987,SELECT COUNT(T2.CustomerID) FROM yearmonth AS T1 INNER JOIN customers AS T2 ON T1.CustomerID = T2.CustomerID WHERE T2.Currency = 'EUR' AND T1.Consumption > 1000,,,False,True,True,True,False,True,True,True,improved,improved,both_wrong,both_correct
17,17,debit_card_specializing,moderate,Please list the product descriptions of the transactions taken place in the gas stations in the Czech Republic.,Czech Republic can be represented as the Country value in the gasstations table is 'CZE'; ,SELECT DISTINCT T3.Description FROM transactions_1k AS T1 INNER JOIN gasstations AS T2 ON T1.GasStationID = T2.GasStationID INNER JOIN products AS T3 ON T1.ProductID = T3.ProductID WHERE T2.Country = 'CZE',True,False,False,322,60,1.8553513690000045,SELECT T3.Description FROM transactions_1k AS T1 INNER JOIN gasstations AS T2 ON T1.GasStationID = T2.GasStationID INNER JOIN products AS T3 ON T1.ProductID = T3.ProductID WHERE T2.Country = 'Czech Republic',,,True,True,True,340,60,1.8515693549998105,SELECT DISTINCT T3.Description FROM transactions_1k AS T1 INNER JOIN gasstations AS T2 ON T1.GasStationID = T2.GasStationID INNER JOIN products AS T3 ON T1.ProductID = T3.ProductID WHERE T2.Country = 'CZE',,,True,False,False,322,61,4.124679176999962,SELECT DISTINCT T3.Description FROM transactions_1k AS T1 INNER JOIN gasstations AS T2 ON T1.GasStationID = T2.GasStationID INNER JOIN products AS T3 ON T1.ProductID = T3.ProductID WHERE T2.Country = 'Czech Republic',,,True,True,True,340,60,4.07511982699998,SELECT DISTINCT T3.Description FROM transactions_1k AS T1 INNER JOIN gasstations AS T2 ON T1.GasStationID = T2.GasStationID INNER JOIN products AS T3 ON T1.ProductID = T3.ProductID WHERE T2.Country = 'CZE',,,False,True,True,True,False,True,True,True,improved,improved,both_wrong,both_correct
18,18,debit_card_specializing,simple,Please list the disparate time of the transactions taken place in the gas stations from chain no. 11.,,SELECT DISTINCT T1.Time FROM transactions_1k AS T1 INNER JOIN gasstations AS T2 ON T1.GasStationID = T2.GasStationID WHERE T2.ChainID = 11,True,True,False,325,30,0.923128313999996,SELECT DISTINCT Time FROM transactions_1k WHERE GasStationID IN ( SELECT GasStationID FROM gasstations WHERE ChainID = 11 ),,,True,True,False,325,30,0.9281842620000589,SELECT DISTINCT Time FROM transactions_1k WHERE GasStationID IN ( SELECT GasStationID FROM gasstations WHERE ChainID = 11 ),,,True,True,False,325,44,3.0154552879998846,SELECT DISTINCT T2.Time FROM gasstations AS T1 INNER JOIN transactions_1k AS T2 ON T1.GasStationID = T2.GasStationID WHERE T1.ChainID = 11,,,True,True,False,325,44,2.993451981000362,SELECT DISTINCT T2.Time FROM gasstations AS T1 INNER JOIN transactions_1k AS T2 ON T1.GasStationID = T2.GasStationID WHERE T1.ChainID = 11,,,True,True,True,True,True,True,True,True,both_correct,both_correct,both_correct,both_correct
19,19,debit_card_specializing,moderate,"Among the transactions made in the gas stations in the Czech Republic, how many of them are taken place after 2012/1/1?",Czech Republic can be represented as the Country value in the gasstations table is 'CZE',"SELECT COUNT(T1.TransactionID) FROM transactions_1k AS T1 INNER JOIN gasstations AS T2 ON T1.GasStationID = T2.GasStationID WHERE T2.Country = 'CZE' AND STRFTIME('%Y', T1.Date) >= '2012'",True,False,False,334,60,1.8412021090000508,SELECT COUNT(*) FROM transactions_1k AS T1 INNER JOIN gasstations AS T2 ON T1.GasStationID = T2.GasStationID WHERE T2.Country = 'Czech Republic' AND T1.Date > '2012-01-01',,,True,True,False,352,63,1.9382795840001563,SELECT COUNT(T1.TransactionID) FROM transactions_1k AS T1 INNER JOIN gasstations AS T2 ON T1.GasStationID = T2.GasStationID WHERE T2.Country = 'CZE' AND T1.Date > '2012-01-01',,,True,False,False,334,64,4.349480338999911,SELECT COUNT(T1.TransactionID) FROM transactions_1k AS T1 INNER JOIN gasstations AS T2 ON T1.GasStationID = T2.GasStationID WHERE T2.Country = 'Czech Republic' AND T1.Date > '2012-01-01',,,True,True,False,352,63,4.298470351000105,SELECT COUNT(T2.TransactionID) FROM gasstations AS T1 INNER JOIN transactions_1k AS T2 ON T1.GasStationID = T2.GasStationID WHERE T1.Country = 'CZE' AND T2.Date > '2012-01-01',,,False,True,True,True,False,True,True,True,improved,improved,both_wrong,both_correct
20,20,debit_card_specializing,simple,What kind of currency did the customer paid at 16:25:00 in 2012/8/24?,'2012/8/24' can be represented by '2012-08-24'; ,SELECT DISTINCT T3.Currency FROM transactions_1k AS T1 INNER JOIN gasstations AS T2 ON T1.GasStationID = T2.GasStationID INNER JOIN customers AS T3 ON T1.CustomerID = T3.CustomerID WHERE T1.Date = '2012-08-24' AND T1.Time = '16:25:00',True,True,False,333,61,1.8787681210000073,SELECT T1.Currency FROM customers AS T1 INNER JOIN transactions_1k AS T2 ON T1.CustomerID = T2.CustomerID WHERE T2.Date = '2012-08-24' AND T2.Time = '16:25:00',,,True,True,False,358,61,1.8664471629999753,SELECT T1.Currency FROM customers AS T1 INNER JOIN transactions_1k AS T2 ON T1.CustomerID = T2.CustomerID WHERE T2.Date = '2012-08-24' AND T2.Time = '16:25:00',,,True,True,False,333,61,4.139796125999965,SELECT T1.Currency FROM customers AS T1 INNER JOIN transactions_1k AS T2 ON T1.CustomerID = T2.CustomerID WHERE T2.Date = '2012-08-24' AND T2.Time = '16:25:00',,,True,True,False,358,61,4.167592050999701,SELECT T1.Currency FROM customers AS T1 INNER JOIN transactions_1k AS T2 ON T1.CustomerID = T2.CustomerID WHERE T2.Date = '2012-08-24' AND T2.Time = '16:25:00',,,True,True,True,True,True,True,True,True,both_correct,both_correct,both_correct,both_correct
21,21,debit_card_specializing,simple,What segment did the customer have at 2012/8/23 21:20:00?,'2012/8/23' can be represented by '2012-08-23',SELECT T2.Segment FROM transactions_1k AS T1 INNER JOIN customers AS T2 ON T1.CustomerID = T2.CustomerID WHERE T1.date = '2012-08-23' AND T1.time = '21:20:00',True,True,False,330,62,1.912001853999982,SELECT T1.Segment FROM customers AS T1 INNER JOIN transactions_1k AS T2 ON T1.CustomerID = T2.CustomerID WHERE T2.Date = '2012-08-23' AND T2.Time = '21:20:00',,,True,True,False,355,62,1.9012354229998891,SELECT T1.Segment FROM customers AS T1 INNER JOIN transactions_1k AS T2 ON T1.CustomerID = T2.CustomerID WHERE T2.Date = '2012-08-23' AND T2.Time = '21:20:00',,,True,True,False,330,62,4.213603899999725,SELECT T1.Segment FROM customers AS T1 INNER JOIN transactions_1k AS T2 ON T1.CustomerID = T2.CustomerID WHERE T2.Date = '2012-08-23' AND T2.Time = '21:20:00',,,True,True,False,355,62,4.232932629000061,SELECT T1.Segment FROM customers AS T1 INNER JOIN transactions_1k AS T2 ON T1.CustomerID = T2.CustomerID WHERE T2.Date = '2012-08-23' AND T2.Time = '21:20:00',,,True,True,True,True,True,True,True,True,both_correct,both_correct,both_correct,both_correct
22,22,debit_card_specializing,moderate,"For all the transactions happened during 8:00-9:00 in 2012/8/26, how many happened in CZE?",Czech Republic can be represented as the Country value in the gasstations table is 'CZE'; '2012/8/26' can be represented by '2012-08-26'; during 8:00-9:00 can be represented as Time BETWEEN '08:00:00' AND '09:00:00',SELECT COUNT(T1.TransactionID) FROM transactions_1k AS T1 INNER JOIN gasstations AS T2 ON T1.GasStationID = T2.GasStationID WHERE T1.Date = '2012-08-26' AND T1.Time BETWEEN '08:00:00' AND '09:00:00' AND T2.Country = 'CZE',True,True,False,338,79,2.453852164000068,SELECT COUNT(*) FROM transactions_1k AS T1 INNER JOIN gasstations AS T2 ON T1.GasStationID = T2.GasStationID WHERE T1.Date = '2012-08-26' AND T1.Time BETWEEN '08:00' AND '09:00' AND T2.Country = 'CZE',,,True,True,False,421,85,2.595362770000065,SELECT COUNT(*) FROM transactions_1k AS T1 INNER JOIN gasstations AS T2 ON T1.GasStationID = T2.GasStationID WHERE T1.Date = '2012-08-26' AND T1.Time BETWEEN '08:00:00' AND '09:00:00' AND T2.Country = 'CZE',,,True,False,False,338,74,5.022268251000241,SELECT COUNT(T1.GasStationID) FROM gasstations AS T1 INNER JOIN transactions_1k AS T2 ON T1.GasStationID = T2.GasStationID WHERE T2.Date = '2012-08-26' AND T2.Time LIKE '8:%' AND T1.Country = 'CZE',,,True,True,False,421,91,6.234893062000083,SELECT COUNT(T1.GasStationID) FROM gasstations AS T1 INNER JOIN transactions_1k AS T2 ON T1.GasStationID = T2.GasStationID WHERE T1.Country = 'CZE' AND T2.Date = '2012-08-26' AND T2.Time BETWEEN '08:00:00' AND '09:00:00',,,True,True,True,True,False,True,True,True,both_correct,improved,regressed,both_correct
23,23,debit_card_specializing,simple,What's the nationality of the customer who spent 548.4 in 2012/8/24?,'2012/8/24' can be represented by '2012-08-24',SELECT T2.Country FROM transactions_1k AS T1 INNER JOIN gasstations AS T2 ON T1.GasStationID = T2.GasStationID WHERE T1.Date = '2012-08-24' AND T1.Price  = 548.4,True,False,False,330,62,1.9129669589999594,SELECT T1.Country FROM gasstations AS T1 INNER JOIN transactions_1k AS T2 ON T1.GasStationID = T2.GasStationID WHERE T2.Date = '2012-08-24' AND T2.Amount = 548.4,,,True,False,False,355,62,1.908596045999957,SELECT T1.Country FROM gasstations AS T1 INNER JOIN transactions_1k AS T2 ON T1.GasStationID = T2.GasStationID WHERE T2.Date = '2012-08-24' AND T2.Amount = 548.4,,,True,False,False,330,78,5.293124098000135,SELECT T3.Country FROM transactions_1k AS T1 INNER JOIN customers AS T2 ON T1.CustomerID = T2.CustomerID INNER JOIN gasstations AS T3 ON T1.GasStationID = T3.GasStationID WHERE T1.Date = '2012-08-24' AND T1.Amount = 548.4,,,True,False,False,355,79,5.3535476840006595,SELECT T3.Country FROM transactions_1k AS T1 INNER JOIN yearmonth AS T2 ON T1.CustomerID = T2.CustomerID INNER JOIN gasstations AS T3 ON T1.GasStationID = T3.GasStationID WHERE T1.Date = '2012-08-24' AND T1.Amount = 548.4,,,False,True,False,True,False,True,False,True,both_wrong,both_wrong,both_wrong,both_wrong
24,24,debit_card_specializing,simple,What is the percentage of the customers who used EUR in 2012/8/25?,'2012/8/25' can be represented by '2012-08-25',"SELECT CAST(SUM(IIF(T2.Currency = 'EUR', 1, 0)) AS FLOAT) * 100 / COUNT(T1.CustomerID) FROM transactions_1k AS T1 INNER JOIN customers AS T2 ON T1.CustomerID = T2.CustomerID WHERE T1.Date = '2012-08-25'",True,True,False,325,79,2.435676918000013,SELECT CAST(SUM(CASE WHEN T1.Currency = 'EUR' THEN 1 ELSE 0 END) AS REAL) * 100 / COUNT(T1.CustomerID) FROM customers AS T1 INNER JOIN transactions_1k AS T2 ON T1.CustomerID = T2.CustomerID WHERE T2.Date = '2012-08-25',,,True,True,False,350,79,2.412992049999957,SELECT CAST(SUM(CASE WHEN T1.Currency = 'EUR' THEN 1 ELSE 0 END) AS REAL) * 100 / COUNT(T1.CustomerID) FROM customers AS T1 INNER JOIN transactions_1k AS T2 ON T1.CustomerID = T2.CustomerID WHERE T2.Date = '2012-08-25',,,True,True,False,325,79,5.388274474999889,SELECT CAST(SUM(CASE WHEN T1.Currency = 'EUR' THEN 1 ELSE 0 END) AS REAL) * 100 / COUNT(T1.CustomerID) FROM customers AS T1 INNER JOIN transactions_1k AS T2 ON T1.CustomerID = T2.CustomerID WHERE T2.Date = '2012-08-25',,,True,True,False,350,79,5.358641019999595,SELECT CAST(SUM(CASE WHEN T2.Currency = 'EUR' THEN 1 ELSE 0 END) AS REAL) * 100 / COUNT(T1.CustomerID) FROM transactions_1k AS T1 INNER JOIN customers AS T2 ON T1.CustomerID = T2.CustomerID WHERE T1.Date = '2012-08-25',,,True,True,True,True,True,True,True,True,both_correct,both_correct,both_correct,both_correct
25,25,debit_card_specializing,challenging,"For the customer who paid 634.8 in 2012/8/25, what was the consumption decrease rate from Year 2012 to 2013?",'2012/8/24' can be represented by '2012-08-24'; Consumption decrease rate = (consumption_2012 - consumption_2013) / consumption_2012,"SELECT CAST(SUM(IIF(SUBSTRING(Date, 1, 4) = '2012', Consumption, 0)) - SUM(IIF(SUBSTRING(Date, 1, 4) = '2013', Consumption, 0)) AS FLOAT) / SUM(IIF(SUBSTRING(Date, 1, 4) = '2012', Consumption, 0)) FROM yearmonth WHERE CustomerID = ( SELECT T1.CustomerID FROM transactions_1k AS T1 INNER JOIN gasstations AS T2 ON T1.GasStationID = T2.GasStationID WHERE T1.Date = '2012-08-25' AND T1.Price  = 1513.12 )",True,False,False,346,75,2.2759039959998972,SELECT T2.Consumption - T1.Consumption AS ConsumptionDecreaseRate FROM yearmonth AS T1 INNER JOIN yearmonth AS T2 ON T1.CustomerID = T2.CustomerID WHERE T1.Date = '2012-08-25' AND T2.Date = '2013-08-25',,,True,False,False,399,110,3.3776823569999124,SELECT T2.Consumption - T3.Consumption AS ConsumptionDecreaseRate FROM transactions_1k AS T1 INNER JOIN yearmonth AS T2 ON T1.CustomerID = T2.CustomerID AND T1.Date LIKE '2012%' INNER JOIN yearmonth AS T3 ON T1.CustomerID = T3.CustomerID AND T1.Date LIKE '2013%' WHERE T1.Amount = 634.8 AND T1.Date = '2012-08-25',,,True,False,False,346,105,7.14765410300015,SELECT T2.Consumption - T1.Consumption FROM yearmonth AS T1 INNER JOIN yearmonth AS T2 ON T1.CustomerID = T2.CustomerID WHERE T1.Date = '2012-08' AND T2.Date = '2013-08' AND T1.CustomerID IN ( SELECT DISTINCT CustomerID FROM transactions_1k WHERE Date = '2012-08-25' AND Amount = 634.8 ),,,False,False,False,399,102,6.930430761000025,SELECT T2.Consumption - T3.Consumption AS diff FROM transactions_1k AS T1 INNER JOIN yearmonth AS T2 ON T1.CustomerID = T2.CustomerID WHERE T1.Date = '2012-08-25' AND T1.Amount = 634.8 LEFT JOIN yearmonth AS T3 ON T1.CustomerID = T3.CustomerID AND T3.Date = '2013-08-25',"near ""LEFT"": syntax error",,False,True,False,True,False,True,False,False,both_wrong,both_wrong,both_wrong,both_wrong
26,26,debit_card_specializing,simple,"What is the percentage of ""premium"" against the overall segment in Country = ""SVK""?",,"SELECT CAST(SUM(IIF(Country = 'SVK' AND Segment = 'Premium', 1, 0)) AS FLOAT) * 100 / SUM(IIF(Country = 'SVK', 1, 0)) FROM gasstations",False,False,False,322,70,2.149724198999934,SELECT CAST(SUM(CASE WHEN T2.Segment = 'Premium' THEN 1 ELSE 0 END) AS REAL) * 100 / COUNT(T1.CustomerID) FROM yearmonth AS T1 INNER JOIN customers AS T2 ON T1.CustomerID = T2.CustomerID WHERE T2.Country = 'SVK',no such column: T2.Country,,False,False,False,322,70,2.1535475550001593,SELECT CAST(SUM(CASE WHEN T2.Segment = 'Premium' THEN 1 ELSE 0 END) AS REAL) * 100 / COUNT(T1.CustomerID) FROM yearmonth AS T1 INNER JOIN customers AS T2 ON T1.CustomerID = T2.CustomerID WHERE T2.Country = 'SVK',no such column: T2.Country,,True,False,False,322,70,4.725872330000129,SELECT CAST(SUM(CASE WHEN T2.Segment = 'Premium' THEN 1 ELSE 0 END) AS REAL) * 100 / COUNT(T1.GasStationID) FROM gasstations AS T1 INNER JOIN customers AS T2 ON T1.Country = T2.Currency WHERE T1.Country = 'SVK',,,True,False,False,322,70,4.755902464999963,SELECT CAST(SUM(CASE WHEN T2.Segment = 'Premium' THEN 1 ELSE 0 END) AS REAL) * 100 / COUNT(T1.GasStationID) FROM gasstations AS T1 INNER JOIN customers AS T2 ON T1.Country = T2.Currency WHERE T1.Country = 'SVK',,,False,False,False,False,False,True,False,True,both_wrong,both_wrong,both_wrong,both_wrong
27,27,debit_card_specializing,moderate,"What is the amount spent by customer ""38508"" at the gas stations? How much had the customer spent in January 2012?",January 2012 refers to the Date value = '201201',"SELECT SUM(T1.Price ) , SUM(IIF(T3.Date = '201201', T1.Price, 0)) FROM transactions_1k AS T1 INNER JOIN gasstations AS T2 ON T1.GasStationID = T2.GasStationID INNER JOIN yearmonth AS T3 ON T1.CustomerID = T3.CustomerID WHERE T1.CustomerID = '38508'",True,False,False,336,42,1.3011037329999908,"SELECT SUM(Amount) FROM transactions_1k WHERE CustomerID = 38508 AND STRFTIME('%Y-%m', Date) = '2012-01'",,,True,False,False,354,32,0.9792775439998422,SELECT SUM(Amount) FROM transactions_1k WHERE CustomerID = 38508 AND Date LIKE '201201%',,,True,False,False,336,59,4.037650080000276,SELECT SUM(T1.Amount) FROM transactions_1k AS T1 INNER JOIN yearmonth AS T2 ON T1.CustomerID = T2.CustomerID WHERE T1.CustomerID = '38508' AND T2.Date LIKE '2012-01%',,,True,False,False,354,32,2.174363572999937,SELECT SUM(Amount) FROM transactions_1k WHERE CustomerID = 38508 AND Date LIKE '201201%',,,False,True,False,True,False,True,False,True,both_wrong,both_wrong,both_wrong,both_wrong
28,28,debit_card_specializing,moderate,Who is the top spending customer and how much is the average price per single item purchased by this customer? What currency was being used?,average price per single item = Total(price) / Total(amount),"SELECT T2.CustomerID, SUM(T2.Price / T2.Amount), T1.Currency FROM customers AS T1 INNER JOIN transactions_1k AS T2 ON T1.CustomerID = T2.CustomerID WHERE T2.CustomerID = ( SELECT CustomerID FROM yearmonth ORDER BY Consumption DESC LIMIT 1 ) GROUP BY T2.CustomerID, T1.Currency",True,False,False,330,66,2.019323155000052,"SELECT T2.CustomerID, AVG(T1.Price) AS AveragePricePerItem, T2.Currency FROM transactions_1k AS T1 INNER JOIN customers AS T2 ON T1.CustomerID = T2.CustomerID GROUP BY T2.CustomerID, T2.Currency ORDER BY SUM(T1.Amount) DESC LIMIT 1",,,True,False,False,341,74,2.2695119180000347,"SELECT T2.CustomerID, AVG(T1.Price / T1.Amount) AS AveragePricePerItem, T2.Currency FROM transactions_1k AS T1 INNER JOIN customers AS T2 ON T1.CustomerID = T2.CustomerID GROUP BY T2.CustomerID, T2.Currency ORDER BY SUM(T1.Amount * T1.Price) DESC LIMIT 1",,,True,False,False,330,56,3.86688782300007,"SELECT T2.CustomerID, AVG(T1.Price), T2.Currency FROM transactions_1k AS T1 INNER JOIN customers AS T2 ON T1.CustomerID = T2.CustomerID GROUP BY T2.CustomerID ORDER BY SUM(T1.Amount) DESC LIMIT 1",,,True,False,False,341,60,4.065518104999683,"SELECT T2.CustomerID, AVG(T1.Price / T1.Amount), T2.Currency FROM transactions_1k AS T1 INNER JOIN customers AS T2 ON T1.CustomerID = T2.CustomerID GROUP BY T2.CustomerID ORDER BY SUM(T1.Price) DESC LIMIT 1",,,False,True,False,True,False,True,False,True,both_wrong,both_wrong,both_wrong,both_wrong
29,29,debit_card_specializing,moderate,For all the people who paid more than 29.00 per unit of product id No.5. Give their consumption status in the August of 2012.,August of 2012 refers to the Date value = '201208' ; Price per unit of product = Price / Amount;,SELECT T2.Consumption FROM transactions_1k AS T1 INNER JOIN yearmonth AS T2 ON T1.CustomerID = T2.CustomerID WHERE T1.Price / T1.Amount > 29.00 AND T1.ProductID = 5 AND T2.Date = '201208',True,False,False,340,66,1.9857658590000256,SELECT T1.Consumption FROM yearmonth AS T1 INNER JOIN transactions_1k AS T2 ON T1.CustomerID = T2.CustomerID WHERE T2.ProductID = 5 AND T2.Price > 29.00 AND T1.Date LIKE '2012-08-%',,,True,True,False,370,65,1.999888121999902,SELECT T1.Consumption FROM yearmonth AS T1 INNER JOIN transactions_1k AS T2 ON T1.CustomerID = T2.CustomerID WHERE T2.ProductID = 5 AND T2.Price / T2.Amount > 29 AND T1.Date LIKE '201208%',,,True,False,False,340,65,4.459903872000268,SELECT T1.Consumption FROM yearmonth AS T1 INNER JOIN transactions_1k AS T2 ON T1.CustomerID = T2.CustomerID WHERE T2.ProductID = 5 AND T2.Price > 29.00 AND T1.Date LIKE '2012-08%',,,True,True,False,370,65,4.468021519999638,SELECT T2.Consumption FROM transactions_1k AS T1 INNER JOIN yearmonth AS T2 ON T1.CustomerID = T2.CustomerID WHERE T1.ProductID = 5 AND T1.Price / T1.Amount > 29 AND T2.Date = '201208',,,False,True,True,True,False,True,True,True,improved,improved,both_wrong,both_correct
30,30,student_club,simple,What's Angela Sanders's major?,"Angela Sanders is the full name; full name refers to first_name, last_name; major refers to major_name.",SELECT T2.major_name FROM member AS T1 INNER JOIN major AS T2 ON T1.link_to_major = T2.major_id WHERE T1.first_name = 'Angela' AND T1.last_name = 'Sanders',True,True,False,580,47,1.4296268939999663,SELECT T1.major_name FROM major AS T1 INNER JOIN member AS T2 ON T1.major_id = T2.link_to_major WHERE T2.first_name = 'Angela' AND T2.last_name = 'Sanders',,,True,True,False,602,47,1.454063387999895,SELECT T3.major_name FROM member AS T1 INNER JOIN major AS T3 ON T1.link_to_major = T3.major_id WHERE T1.first_name = 'Angela' AND T1.last_name = 'Sanders',,,True,True,True,580,47,3.226837945999705,SELECT T2.major_name FROM member AS T1 INNER JOIN major AS T2 ON T1.link_to_major = T2.major_id WHERE T1.first_name = 'Angela' AND T1.last_name = 'Sanders',,,True,True,False,602,47,3.2216287720002583,SELECT T3.major_name FROM member AS T1 INNER JOIN major AS T3 ON T1.link_to_major = T3.major_id WHERE T1.first_name = 'Angela' AND T1.last_name = 'Sanders',,,True,True,True,True,True,True,True,True,both_correct,both_correct,both_correct,both_correct
31,31,student_club,moderate,"Among the students from the Student_Club who attended the event ""Women's Soccer"", how many of them want a T-shirt that's in medium size?",Women's Soccer is an event name; T-shirt that is in medium size refers to t_shirt_size = 'Medium',SELECT COUNT(T1.event_id) FROM event AS T1 INNER JOIN attendance AS T2 ON T1.event_id = T2.link_to_event INNER JOIN member AS T3 ON T2.link_to_member = T3.member_id WHERE T1.event_name = 'Women''s Soccer' AND T3.t_shirt_size = 'Medium',True,True,False,604,70,2.1324757739999995,SELECT COUNT(T1.member_id) FROM member AS T1 INNER JOIN attendance AS T2 ON T1.member_id = T2.link_to_member INNER JOIN event AS T3 ON T2.link_to_event = T3.event_id WHERE T3.event_name = 'Women''s Soccer' AND T1.t_shirt_size = 'Medium',,,True,True,False,627,70,2.180535256999974,SELECT COUNT(T1.member_id) FROM member AS T1 INNER JOIN attendance AS T2 ON T1.member_id = T2.link_to_member INNER JOIN event AS T3 ON T2.link_to_event = T3.event_id WHERE T3.event_name = 'Women''s Soccer' AND T1.t_shirt_size = 'Medium',,,False,False,False,604,69,4.727842309999687,SELECT COUNT(T1.member_id) FROM attendance AS T1 INNER JOIN event AS T2 ON T1.link_to_event = T2.event_id INNER JOIN member AS T3 ON T1.link_to_member = T3.member_id WHERE T2.event_name LIKE 'Women%s Soccer' AND T3.t_shirt_size = 'Medium',no such column: T1.member_id,,False,False,False,627,65,4.423833625999578,SELECT COUNT(T1.member_id) FROM attendance AS T1 INNER JOIN event AS T2 ON T1.link_to_event = T2.event_id WHERE T2.event_name = 'Women''s Soccer' AND T1.link_to_member IN ( SELECT member_id FROM member WHERE t_shirt_size = 'Medium' ),no such column: T1.member_id,,True,True,True,True,False,False,False,False,both_correct,both_wrong,regressed,regressed
32,32,student_club,moderate,"Among the events attended by more than 10 members of the Student_Club, how many of them are meetings?",meetings events refers to type = 'Meeting'; attended by more than 10 members refers to COUNT(event_id) > 10,SELECT COUNT(DISTINCT T1.event_id) FROM event AS T1 INNER JOIN attendance AS T2 ON T1.event_id = T2.link_to_event WHERE T1.type = 'Meeting' GROUP BY T1.event_id HAVING COUNT(T2.link_to_event) > 10,True,False,False,597,57,1.7605423870001005,SELECT COUNT(T2.event_name) FROM attendance AS T1 INNER JOIN event AS T2 ON T1.link_to_event = T2.event_id WHERE T2.type = 'meeting' GROUP BY T2.event_name HAVING COUNT(T1.link_to_member) > 10,,,True,False,False,624,57,1.7768840370001726,SELECT COUNT(T2.event_id) FROM attendance AS T1 INNER JOIN event AS T2 ON T1.link_to_event = T2.event_id WHERE T2.type = 'Meeting' GROUP BY T2.event_id HAVING COUNT(T1.link_to_member) > 10,,,True,False,False,597,57,3.912771242999952,SELECT COUNT(T2.event_name) FROM attendance AS T1 INNER JOIN event AS T2 ON T1.link_to_event = T2.event_id WHERE T2.type = 'meeting' GROUP BY T2.event_name HAVING COUNT(T1.link_to_member) > 10,,,True,False,False,624,56,3.857927805000145,SELECT COUNT(T2.event_id) FROM attendance AS T1 INNER JOIN event AS T2 ON T1.link_to_event = T2.event_id WHERE T2.type = 'Meeting' GROUP BY T2.event_id HAVING COUNT(T2.event_id) > 10,,,False,True,False,True,False,True,False,True,both_wrong,both_wrong,both_wrong,both_wrong
33,33,student_club,moderate,List all the names of events that had an attendance of over 20 students but were not fundraisers.,name of events refers to event_name; attendance of over 20 students COUNT(event_id) > 20.,SELECT T1.event_name FROM event AS T1 INNER JOIN attendance AS T2 ON T1.event_id = T2.link_to_event GROUP BY T1.event_id HAVING COUNT(T2.link_to_event) > 20 EXCEPT SELECT T1.event_name FROM event AS T1  WHERE T1.type = 'Fundraiser',True,False,False,595,48,1.4916746069999363,SELECT T1.event_name FROM event AS T1 INNER JOIN attendance AS T2 ON T1.event_id = T2.link_to_event WHERE T2.link_to_member > 20 AND T1.type != 'fundraiser',,,True,True,False,617,57,1.7701144599998315,SELECT T1.event_name FROM event AS T1 INNER JOIN attendance AS T2 ON T1.event_id = T2.link_to_event WHERE T1.type != 'fundraiser' GROUP BY T1.event_id HAVING COUNT(T2.link_to_member) > 20,,,True,False,False,595,48,3.2876834799999415,SELECT T1.event_name FROM event AS T1 INNER JOIN attendance AS T2 ON T1.event_id = T2.link_to_event WHERE T2.link_to_member > 20 AND T1.type != 'fundraiser',,,True,True,False,617,57,3.9024604750002254,SELECT T1.event_name FROM event AS T1 INNER JOIN attendance AS T2 ON T1.event_id = T2.link_to_event WHERE T1.type != 'fundraiser' GROUP BY T1.event_id HAVING COUNT(T2.link_to_member) > 20,,,False,True,True,True,False,True,True,True,improved,improved,both_wrong,both_correct
34,34,student_club,simple,What is the amount of the funds that the Vice President received?,'Vice President' is a position of Student Club; funds received refers to amount.,SELECT T2.amount FROM member AS T1 INNER JOIN income AS T2 ON T1.member_id = T2.link_to_member WHERE T1.position = 'Vice President',True,True,False,586,39,1.221533574000091,SELECT SUM(T1.amount) FROM income AS T1 INNER JOIN member AS T2 ON T1.link_to_member = T2.member_id WHERE T2.position = 'Vice President',,,True,True,False,602,39,1.2174280780000117,SELECT SUM(T1.amount) FROM income AS T1 INNER JOIN member AS T2 ON T1.link_to_member = T2.member_id WHERE T2.position = 'Vice President',,,True,True,False,586,39,2.661685927000235,SELECT SUM(T1.amount) FROM income AS T1 INNER JOIN member AS T2 ON T1.link_to_member = T2.member_id WHERE T2.position = 'Vice President',,,True,True,False,602,39,2.6585798520000026,SELECT SUM(T2.amount) FROM member AS T1 INNER JOIN income AS T2 ON T1.member_id = T2.link_to_member WHERE T1.position = 'Vice President',,,True,True,True,True,True,True,True,True,both_correct,both_correct,both_correct,both_correct
35,35,student_club,simple,List the full name of the Student_Club members that grew up in Illinois state.,"full name of member refers to first_name, last_name","SELECT T1.first_name, T1.last_name FROM member AS T1 INNER JOIN zip_code AS T2 ON T1.zip = T2.zip_code WHERE T2.state = 'Illinois'",True,False,False,590,40,1.241103178000003,"SELECT T1.first_name, T1.last_name FROM member AS T1 INNER JOIN zip_code AS T2 ON T1.zip = T2.zip_code WHERE T2.state = 'IL'",,,True,False,False,600,40,1.2545683999999255,"SELECT T1.first_name, T1.last_name FROM member AS T1 INNER JOIN zip_code AS T2 ON T1.zip = T2.zip_code WHERE T2.state = 'IL'",,,True,False,False,590,40,2.7401220709998597,"SELECT T1.first_name, T1.last_name FROM member AS T1 INNER JOIN zip_code AS T2 ON T1.zip = T2.zip_code WHERE T2.state = 'IL'",,,True,False,False,600,40,2.74596112800009,"SELECT T1.first_name, T1.last_name FROM member AS T1 INNER JOIN zip_code AS T2 ON T1.zip = T2.zip_code WHERE T2.state = 'IL'",,,False,True,False,True,False,True,False,True,both_wrong,both_wrong,both_wrong,both_wrong
36,36,student_club,moderate,"Was each expense in October Meeting on October 8, 2019 approved?",event_name = 'October Meeting' where event_date = '2019-10-08'; approved = True means expenses was approved; approved = False means expenses was not approved,SELECT T3.approved FROM event AS T1 INNER JOIN budget AS T2 ON T1.event_id = T2.link_to_event INNER JOIN expense AS T3 ON T2.budget_id = T3.link_to_budget WHERE T1.event_name = 'October Meeting' AND T1.event_date LIKE '2019-10-08%',True,False,False,591,75,2.30431338599999,SELECT T1.approved FROM expense AS T1 INNER JOIN attendance AS T2 ON T1.link_to_member = T2.link_to_member INNER JOIN event AS T3 ON T2.link_to_event = T3.event_id WHERE T3.event_name = 'October Meeting' AND T3.event_date = '2019-10-08',,,True,False,False,629,75,2.3241336290000163,SELECT T1.approved FROM expense AS T1 INNER JOIN attendance AS T2 ON T1.link_to_member = T2.link_to_member INNER JOIN event AS T3 ON T2.link_to_event = T3.event_id WHERE T3.event_name = 'October Meeting' AND T3.event_date = '2019-10-08',,,True,False,False,591,75,5.0982006549998005,SELECT T3.approved FROM event AS T1 INNER JOIN attendance AS T2 ON T1.event_id = T2.link_to_event INNER JOIN expense AS T3 ON T2.link_to_member = T3.link_to_member WHERE T1.event_name = 'October Meeting' AND T1.event_date = '2019-10-08',,,True,False,False,629,75,5.17497098199965,SELECT T1.approved FROM expense AS T1 INNER JOIN attendance AS T2 ON T1.link_to_member = T2.link_to_member INNER JOIN event AS T3 ON T2.link_to_event = T3.event_id WHERE T3.event_date = '2019-10-08' AND T3.event_name = 'October Meeting',,,False,True,False,True,False,True,False,True,both_wrong,both_wrong,both_wrong,both_wrong
37,37,student_club,challenging,Calculate the total average cost that Elijah Allen spent in the events on September and October.,"Elijah Allen is the full name; full name refers to first_name, last_name; The 5th and 6th string of the expense_date in the expense table can refer to month; events in September and October refers to month(expense_date) = 9 OR month(expense_date) = 10","SELECT AVG(T2.cost) FROM member AS T1 INNER JOIN expense AS T2 ON T1.member_id = T2.link_to_member WHERE T1.last_name = 'Allen' AND T1.first_name = 'Elijah' AND (SUBSTR(T2.expense_date, 6, 2) = '09' OR SUBSTR(T2.expense_date, 6, 2) = '10')",True,False,False,590,74,2.2365783809999584,SELECT AVG(T2.cost) FROM member AS T1 INNER JOIN expense AS T2 ON T1.member_id = T2.link_to_member WHERE T1.first_name = 'Elijah' AND T1.last_name = 'Allen' AND T2.expense_date LIKE '%/%/09%' OR T2.expense_date LIKE '%/%/10%',,,True,True,False,654,70,2.1886401589999878,"SELECT AVG(T2.cost) FROM member AS T1 INNER JOIN expense AS T2 ON T1.member_id = T2.link_to_member WHERE T1.first_name = 'Elijah' AND T1.last_name = 'Allen' AND STRFTIME('%m', T2.expense_date) IN ('09', '10')",,,True,False,False,590,63,4.273294542999793,SELECT SUM(T2.cost) / COUNT(T1.link_to_member) FROM attendance AS T1 INNER JOIN expense AS T2 ON T1.link_to_member = T2.link_to_member WHERE T1.link_to_member = 'Elijah Allen' AND T2.expense_date LIKE '%/%/19',,,True,True,False,654,76,5.178558490000796,"SELECT AVG(T2.cost) FROM member AS T1 INNER JOIN expense AS T2 ON T1.member_id = T2.link_to_member WHERE T1.first_name = 'Elijah' AND T1.last_name = 'Allen' AND SUBSTR(CAST(T2.expense_date AS TEXT), 6, 2) IN ('09', '10')",,,False,True,True,True,False,True,True,True,improved,improved,both_wrong,both_correct
38,38,student_club,moderate,Calculate the difference of the total amount spent in all events by the Student_Club in year 2019 and 2020.,"The first 4 strings of the event_date values in the event table can represent year; The difference of the total amount spent = SUBTRACT(spent where YEAR(event_date) = 2019, spent where YEAR(event_date) = 2020)","SELECT SUM(CASE WHEN SUBSTR(T1.event_date, 1, 4) = '2019' THEN T2.spent ELSE 0 END) - SUM(CASE WHEN SUBSTR(T1.event_date, 1, 4) = '2020' THEN T2.spent ELSE 0 END) AS num FROM event AS T1 INNER JOIN budget AS T2 ON T1.event_id = T2.link_to_event",True,False,False,603,104,3.2456470380000155,"SELECT SUM(CASE WHEN strftime('%Y', T1.event_date) = '2019' THEN T2.spent ELSE 0 END) - SUM(CASE WHEN strftime('%Y', T1.event_date) = '2020' THEN T2.spent ELSE 0 END) AS diff FROM event AS T1 INNER JOIN budget AS T2 ON T1.event_id = T2.link_to_event WHERE T1.status = 'Completed' AND T2.event_status = 'Approved'",,,True,True,False,656,91,2.840020066000079,"SELECT SUM(CASE WHEN STRFTIME('%Y', T1.event_date) = '2019' THEN T2.spent ELSE 0 END) - SUM(CASE WHEN STRFTIME('%Y', T1.event_date) = '2020' THEN T2.spent ELSE 0 END) AS diff FROM event AS T1 INNER JOIN budget AS T2 ON T1.event_id = T2.link_to_event",,,True,False,False,603,104,7.078869905999909,"SELECT SUM(CASE WHEN SUBSTR(T1.event_date, -4) = '2019' THEN T2.spent ELSE 0 END) - SUM(CASE WHEN SUBSTR(T1.event_date, -4) = '2020' THEN T2.spent ELSE 0 END) FROM event AS T1 INNER JOIN budget AS T2 ON T1.event_id = T2.link_to_event WHERE T1.status = 'Completed' AND T2.event_status = 'Completed'",,,True,True,False,656,89,6.0773788660007995,"SELECT SUM(CASE WHEN STRFTIME('%Y', T1.event_date) = '2019' THEN T2.spent ELSE 0 END) - SUM(CASE WHEN STRFTIME('%Y', T1.event_date) = '2020' THEN T2.spent ELSE 0 END) FROM event AS T1 INNER JOIN budget AS T2 ON T1.event_id = T2.link_to_event",,,False,True,True,True,False,True,True,True,improved,improved,both_wrong,both_correct
39,39,student_club,simple,What was the notes of the fundraising on 2019/9/14?,fundraising on 2019/9/14 refers to source = 'Fundraising' where date_received = '2019-09-14',SELECT notes FROM income WHERE source = 'Fundraising' AND date_received = '2019-09-14',True,False,False,592,54,1.7095196360000955,SELECT T1.notes FROM event AS T1 INNER JOIN income AS T2 ON T1.event_id = T2.link_to_member WHERE T1.event_date = '2019-09-14' AND T1.type = 'fundraising',,,True,True,False,627,28,0.8928757910000513,SELECT notes FROM income WHERE date_received = '2019-09-14' AND source = 'Fundraising',,,True,False,False,592,54,3.67461054999967,SELECT T1.notes FROM event AS T1 INNER JOIN income AS T2 ON T2.link_to_member = T1.event_id WHERE T1.event_date = '2019-09-14' AND T1.status = 'fundraising',,,True,True,False,627,28,1.9373005979996378,SELECT notes FROM income WHERE date_received = '2019-09-14' AND source = 'Fundraising',,,False,True,True,True,False,True,True,True,improved,improved,both_wrong,both_correct
40,40,student_club,simple,"Tell the phone number of ""Carlo Jacobs"".","Carlo Jacobs is the full name; full name refers to first_name, last_name;",SELECT phone FROM member WHERE first_name = 'Carlo' AND last_name = 'Jacobs',True,True,True,583,21,0.6777544809999654,SELECT phone FROM member WHERE first_name = 'Carlo' AND last_name = 'Jacobs',,,True,True,True,599,21,0.6656008939999083,SELECT phone FROM member WHERE first_name = 'Carlo' AND last_name = 'Jacobs',,,True,True,True,583,21,1.4633052029998908,SELECT phone FROM member WHERE first_name = 'Carlo' AND last_name = 'Jacobs',,,True,True,True,599,21,1.4444249799998943,SELECT phone FROM member WHERE first_name = 'Carlo' AND last_name = 'Jacobs',,,True,True,True,True,True,True,True,True,both_correct,both_correct,both_correct,both_correct
41,41,student_club,moderate,"What is the status of the event which bought ""Post Cards, Posters"" on 2019/8/20?","'Post Cards, Posters' is an expense description; on 2019/8/20 refers to expense_date = '2019-8-20'; status of event refers to event_status","SELECT T1.event_status FROM budget AS T1 INNER JOIN expense AS T2 ON T1.budget_id = T2.link_to_budget WHERE T2.expense_description = 'Post Cards, Posters' AND T2.expense_date = '2019-08-20'",False,False,False,601,60,1.8800683110000591,"SELECT T1.status FROM event AS T1 INNER JOIN expense AS T2 ON T1.event_id = T2.link_to_event WHERE T2.expense_date = '2019-08-20' AND T2.expense_description LIKE '%Post Cards, Posters%'",no such column: T2.link_to_event,,False,False,False,646,78,2.4485531389998414,"SELECT T3.event_status FROM expense AS T1 INNER JOIN budget AS T2 ON T1.link_to_budget = T2.budget_id INNER JOIN event AS T3 ON T2.link_to_event = T3.event_id WHERE T1.expense_date = '2019-8-20' AND T1.expense_description = 'Post Cards, Posters'",no such column: T3.event_status,,True,True,False,601,78,5.346294480999859,"SELECT T3.status FROM expense AS T1 INNER JOIN budget AS T2 ON T1.link_to_budget = T2.budget_id INNER JOIN event AS T3 ON T2.link_to_event = T3.event_id WHERE T1.expense_date = '2019-08-20' AND T1.expense_description = 'Post Cards, Posters'",,,False,False,False,646,78,5.2866525050003474,"SELECT T3.event_status FROM expense AS T1 INNER JOIN budget AS T2 ON T1.link_to_budget = T2.budget_id INNER JOIN event AS T3 ON T2.link_to_event = T3.event_id WHERE T1.expense_date = '2019-8-20' AND T1.expense_description = 'Post Cards, Posters'",no such column: T3.event_status,,False,False,False,False,True,True,False,False,both_wrong,regressed,improved,both_wrong
42,42,student_club,simple,What was Brent Thomason's major?,"Brent Thomason is the full name; full name refers to first_name, last_name; major refers to major_name",SELECT T2.major_name FROM member AS T1 INNER JOIN major AS T2 ON T1.link_to_major = T2.major_id WHERE T1.first_name = 'Brent' AND T1.last_name = 'Thomason',True,True,False,581,49,1.5368441919999896,SELECT T1.major_name FROM major AS T1 INNER JOIN member AS T2 ON T1.major_id = T2.link_to_major WHERE T2.first_name = 'Brent' AND T2.last_name = 'Thomason',,,True,True,False,604,49,1.5176364020001074,SELECT T1.major_name FROM major AS T1 INNER JOIN member AS T2 ON T1.major_id = T2.link_to_major WHERE T2.first_name = 'Brent' AND T2.last_name = 'Thomason',,,True,True,True,581,49,3.374373827999989,SELECT T2.major_name FROM member AS T1 INNER JOIN major AS T2 ON T1.link_to_major = T2.major_id WHERE T1.first_name = 'Brent' AND T1.last_name = 'Thomason',,,True,True,True,604,49,3.3644174769997335,SELECT T2.major_name FROM member AS T1 INNER JOIN major AS T2 ON T1.link_to_major = T2.major_id WHERE T1.first_name = 'Brent' AND T1.last_name = 'Thomason',,,True,True,True,True,True,True,True,True,both_correct,both_correct,both_correct,both_correct
43,43,student_club,moderate,"For all the club members from ""Business"" major, how many of them wear medium size t-shirt?",'Business' is a major name; wear medium size t-shirt refers to t_shirt_size = 'Medium',SELECT COUNT(T1.member_id) FROM member AS T1 INNER JOIN major AS T2 ON T1.link_to_major = T2.major_id WHERE T2.major_name = 'Business' AND T1.t_shirt_size = 'Medium',True,True,False,594,34,1.0717744620000076,SELECT COUNT(*) FROM member WHERE t_shirt_size = 'Medium' AND link_to_major IN ( SELECT major_id FROM major WHERE major_name = 'Business' ),,,True,True,False,615,46,1.4301833930001067,SELECT COUNT(*) FROM member AS T1 INNER JOIN major AS T2 ON T1.link_to_major = T2.major_id WHERE T2.major_name = 'Business' AND T1.t_shirt_size = 'Medium',,,True,True,True,594,50,3.426504889000171,SELECT COUNT(T1.member_id) FROM member AS T1 INNER JOIN major AS T2 ON T1.link_to_major = T2.major_id WHERE T2.major_name = 'Business' AND T1.t_shirt_size = 'Medium',,,True,True,True,615,50,3.4080561619994114,SELECT COUNT(T1.member_id) FROM member AS T1 INNER JOIN major AS T2 ON T1.link_to_major = T2.major_id WHERE T2.major_name = 'Business' AND T1.t_shirt_size = 'Medium',,,True,True,True,True,True,True,True,True,both_correct,both_correct,both_correct,both_correct
44,44,student_club,simple,Which department was the President of the club in?,'President' is a position of Student Club,SELECT T2.department FROM member AS T1 INNER JOIN major AS T2 ON T1.link_to_major = T2.major_id WHERE T1.position = 'President',True,True,False,583,35,1.0994602700000087,SELECT T1.department FROM major AS T1 INNER JOIN member AS T2 ON T1.major_id = T2.link_to_major WHERE T2.position = 'President',,,True,True,False,591,35,1.0848350219998792,SELECT T1.department FROM major AS T1 INNER JOIN member AS T2 ON T1.major_id = T2.link_to_major WHERE T2.position = 'President',,,True,True,False,583,35,2.4111707219999516,SELECT T1.department FROM major AS T1 INNER JOIN member AS T2 ON T1.major_id = T2.link_to_major WHERE T2.position = 'President',,,True,True,True,591,35,2.3827126410005803,SELECT T2.department FROM member AS T1 INNER JOIN major AS T2 ON T1.link_to_major = T2.major_id WHERE T1.position = 'President',,,True,True,True,True,True,True,True,True,both_correct,both_correct,both_correct,both_correct
45,45,student_club,simple,State the date Connor Hilton paid his/her dues.,"Connor Hilton is the full name; full name refers to first_name, last_name; date the dues was paid refers to date_received where source = 'Dues';",SELECT T2.date_received FROM member AS T1 INNER JOIN income AS T2 ON T1.member_id = T2.link_to_member WHERE T1.first_name = 'Connor' AND T1.last_name = 'Hilton' AND T2.source = 'Dues',True,True,False,583,47,1.4517361409999694,SELECT T1.date_received FROM income AS T1 INNER JOIN member AS T2 ON T1.link_to_member = T2.member_id WHERE T2.first_name = 'Connor' AND T2.last_name = 'Hilton',,,True,True,True,614,56,1.7444655869999224,SELECT T2.date_received FROM member AS T1 INNER JOIN income AS T2 ON T1.member_id = T2.link_to_member WHERE T1.first_name = 'Connor' AND T1.last_name = 'Hilton' AND T2.source = 'Dues',,,True,True,False,583,47,3.2385205009995843,SELECT T2.date_received FROM member AS T1 INNER JOIN income AS T2 ON T1.member_id = T2.link_to_member WHERE T1.first_name = 'Connor' AND T1.last_name = 'Hilton',,,True,True,True,614,56,3.815186236000045,SELECT T2.date_received FROM member AS T1 INNER JOIN income AS T2 ON T1.member_id = T2.link_to_member WHERE T1.first_name = 'Connor' AND T1.last_name = 'Hilton' AND T2.source = 'Dues',,,True,True,True,True,True,True,True,True,both_correct,both_correct,both_correct,both_correct
46,46,student_club,challenging,"How many times was the budget in Advertisement for ""Yearly Kickoff"" meeting more than ""October Meeting""?","budget in Advertisement refer to category = 'Advertisement' in the budget table; DIVIDE(SUM(amount when event_name = 'Yearly Kickoff'), SUM(amount when event_name = 'October Meeting'))",SELECT CAST(SUM(CASE WHEN T2.event_name = 'Yearly Kickoff' THEN T1.amount ELSE 0 END) AS REAL) / SUM(CASE WHEN T2.event_name = 'October Meeting' THEN T1.amount ELSE 0 END) FROM budget AS T1 INNER JOIN event AS T2 ON T1.link_to_event = T2.event_id WHERE T1.category = 'Advertisement' AND T2.type = 'Meeting',True,False,False,595,80,2.455159743000081,SELECT COUNT(*) FROM budget AS T1 INNER JOIN event AS T2 ON T1.link_to_event = T2.event_id WHERE T2.event_name = 'Advertisement' AND T1.spent > ( SELECT SUM(spent) FROM budget AS T3 INNER JOIN event AS T4 ON T3.link_to_event = T4.event_id WHERE T4.event_name = 'October Meeting' ),,,True,True,False,633,84,2.6286827250000897,SELECT CAST(SUM(CASE WHEN T1.event_name = 'Yearly Kickoff' THEN T2.amount ELSE 0 END) AS REAL) / SUM(CASE WHEN T1.event_name = 'October Meeting' THEN T2.amount ELSE 0 END) FROM event AS T1 INNER JOIN budget AS T2 ON T1.event_id = T2.link_to_event WHERE T2.category = 'Advertisement',,,True,False,False,595,86,5.849372000999665,SELECT COUNT(T1.budget_id) FROM budget AS T1 INNER JOIN event AS T2 ON T1.link_to_event = T2.event_id WHERE T2.event_name LIKE 'Yearly Kickoff' AND T1.category = 'Advertisement' AND T1.spent > ( SELECT SUM(spent) FROM budget WHERE link_to_event IN ( SELECT event_id FROM event WHERE event_name LIKE 'October Meeting' ) ),,,True,True,False,633,84,5.765865865999331,SELECT CAST(SUM(CASE WHEN T1.event_name = 'Yearly Kickoff' THEN T2.amount ELSE 0 END) AS REAL) / SUM(CASE WHEN T1.event_name = 'October Meeting' THEN T2.amount ELSE 0 END) FROM event AS T1 INNER JOIN budget AS T2 ON T1.event_id = T2.link_to_event WHERE T2.category = 'Advertisement',,,False,True,True,True,False,True,True,True,improved,improved,both_wrong,both_correct
47,47,student_club,simple,What is the total cost of the pizzas for all the events?,total cost of the pizzas refers to SUM(cost) where expense_description = 'Pizza',SELECT SUM(cost) FROM expense WHERE expense_description = 'Pizza',True,True,False,586,40,1.2460638400000335,SELECT SUM(T1.cost) FROM expense AS T1 INNER JOIN budget AS T2 ON T1.link_to_budget = T2.budget_id WHERE T1.expense_description LIKE '%pizza%',,,True,True,False,601,22,0.6987675580000996,SELECT SUM(T1.cost) FROM expense AS T1 WHERE T1.expense_description = 'Pizza',,,True,True,False,586,40,2.751683241000137,SELECT SUM(T1.cost) FROM expense AS T1 INNER JOIN budget AS T2 ON T1.link_to_budget = T2.budget_id WHERE T1.expense_description LIKE '%pizza%',,,True,True,False,601,22,1.5037311380001483,SELECT SUM(T1.cost) FROM expense AS T1 WHERE T1.expense_description = 'Pizza',,,True,True,True,True,True,True,True,True,both_correct,both_correct,both_correct,both_correct
48,48,student_club,simple,"How many cities are there in Orange County, Virginia?","Orange County is the county name, Virginia is the state name",SELECT COUNT(city) FROM zip_code WHERE county = 'Orange County' AND state = 'Virginia',True,False,False,584,23,0.728381757999955,SELECT COUNT(DISTINCT city) FROM zip_code WHERE county = 'Orange' AND state = 'Virginia';,,,True,True,True,595,21,0.6674579499999709,SELECT COUNT(city) FROM zip_code WHERE county = 'Orange County' AND state = 'Virginia',,,True,False,False,584,45,3.085525069999676,SELECT COUNT(T1.city) FROM zip_code AS T1 INNER JOIN member AS T2 ON T1.zip_code = T2.zip WHERE T1.county = 'Orange' AND T1.state = 'VA',,,True,True,False,595,31,2.1058083860007173,SELECT COUNT(T1.city) FROM zip_code AS T1 WHERE T1.county = 'Orange County' AND T1.state = 'Virginia',,,False,True,True,True,False,True,True,True,improved,improved,both_wrong,both_correct
49,49,student_club,simple,"What does the person with the phone number ""809-555-3360"" major in?",major in refers to major_name,SELECT T2.major_name FROM member AS T1 INNER JOIN major AS T2 ON T1.link_to_major = T2.major_id WHERE T1.phone = '809-555-3360',True,True,False,598,47,1.4599028050000697,SELECT T1.major_name FROM major AS T1 INNER JOIN member AS T2 ON T1.major_id = T2.link_to_major WHERE T2.phone = '809-555-3360',,,True,True,False,603,47,1.4661686949998511,SELECT T1.major_name FROM major AS T1 INNER JOIN member AS T2 ON T1.major_id = T2.link_to_major WHERE T2.phone = '809-555-3360',,,True,True,True,598,47,3.207881271000133,SELECT T2.major_name FROM member AS T1 INNER JOIN major AS T2 ON T1.link_to_major = T2.major_id WHERE T1.phone = '809-555-3360',,,True,True,True,603,47,3.199659242999587,SELECT T2.major_name FROM member AS T1 INNER JOIN major AS T2 ON T1.link_to_major = T2.major_id WHERE T1.phone = '809-555-3360',,,True,True,True,True,True,True,True,True,both_correct,both_correct,both_correct,both_correct
50,50,student_club,simple,"How many members attended the ""Women's Soccer"" event?",'Women's Soccer' is the event name;,SELECT COUNT(T2.link_to_member) FROM event AS T1 INNER JOIN attendance AS T2 ON T1.event_id = T2.link_to_event WHERE T1.event_name = 'Women''s Soccer',True,True,True,585,43,1.362458801999992,SELECT COUNT(T2.link_to_member) FROM event AS T1 INNER JOIN attendance AS T2 ON T1.event_id = T2.link_to_event WHERE T1.event_name = 'Women''s Soccer',,,True,True,True,593,43,1.3423628099999405,SELECT COUNT(T2.link_to_member) FROM event AS T1 INNER JOIN attendance AS T2 ON T1.event_id = T2.link_to_event WHERE T1.event_name = 'Women''s Soccer',,,True,True,True,585,43,2.942217160999917,SELECT COUNT(T2.link_to_member) FROM event AS T1 INNER JOIN attendance AS T2 ON T1.event_id = T2.link_to_event WHERE T1.event_name = 'Women''s Soccer',,,True,True,True,593,43,2.9400196520000463,SELECT COUNT(T2.link_to_member) FROM event AS T1 INNER JOIN attendance AS T2 ON T1.event_id = T2.link_to_event WHERE T1.event_name = 'Women''s Soccer',,,True,True,True,True,True,True,True,True,both_correct,both_correct,both_correct,both_correct
51,51,student_club,moderate,"List all the members of the ""School of Applied Sciences, Technology and Education"" department.","list all members means to list all the full name; full name refers to first_name, last_name;","SELECT T1.first_name, T1.last_name FROM member AS T1 INNER JOIN major AS T2 ON T1.link_to_major = T2.major_id WHERE T2.department = 'School of Applied Sciences, Technology and Education'",True,True,True,591,48,1.4789627160000691,"SELECT T1.first_name, T1.last_name FROM member AS T1 INNER JOIN major AS T2 ON T1.link_to_major = T2.major_id WHERE T2.department = 'School of Applied Sciences, Technology and Education'",,,True,True,True,610,48,1.4953476110001702,"SELECT T1.first_name, T1.last_name FROM member AS T1 INNER JOIN major AS T2 ON T1.link_to_major = T2.major_id WHERE T2.department = 'School of Applied Sciences, Technology and Education'",,,True,True,True,591,48,3.293636645999868,"SELECT T1.first_name, T1.last_name FROM member AS T1 INNER JOIN major AS T2 ON T1.link_to_major = T2.major_id WHERE T2.department = 'School of Applied Sciences, Technology and Education'",,,True,True,True,610,48,3.272830740000245,"SELECT T1.first_name, T1.last_name FROM member AS T1 INNER JOIN major AS T2 ON T1.link_to_major = T2.major_id WHERE T2.department = 'School of Applied Sciences, Technology and Education'",,,True,True,True,True,True,True,True,True,both_correct,both_correct,both_correct,both_correct
52,52,student_club,moderate,"Among all the closed events, which event has the highest spend-to-budget ratio?","closed events refers to event_name where status = 'Closed'; highest spend-to budget ratio refers to MAX(DIVIDE(spent, amount))",SELECT T2.event_name FROM budget AS T1 INNER JOIN event AS T2 ON T1.link_to_event = T2.event_id WHERE T2.status = 'Closed' ORDER BY T1.spent / T1.amount DESC LIMIT 1,True,True,False,589,50,1.5369895840000254,SELECT T1.event_name FROM event AS T1 INNER JOIN budget AS T2 ON T1.event_id = T2.link_to_event WHERE T1.status = 'Closed' ORDER BY T2.spent / T2.amount DESC LIMIT 1,,,True,True,False,615,50,1.5536697659999845,SELECT T1.event_name FROM event AS T1 INNER JOIN budget AS T2 ON T1.event_id = T2.link_to_event WHERE T1.status = 'Closed' ORDER BY T2.spent / T2.amount DESC LIMIT 1,,,True,True,False,589,50,3.407786202999887,SELECT T1.event_name FROM event AS T1 INNER JOIN budget AS T2 ON T1.event_id = T2.link_to_event WHERE T1.status = 'Closed' ORDER BY T2.spent / T2.amount DESC LIMIT 1,,,True,True,False,615,50,3.401937106999867,SELECT T1.event_name FROM event AS T1 INNER JOIN budget AS T2 ON T1.event_id = T2.link_to_event WHERE T1.status = 'Closed' ORDER BY T2.spent / T2.amount DESC LIMIT 1,,,True,True,True,True,True,True,True,True,both_correct,both_correct,both_correct,both_correct
53,53,student_club,simple,What is the highest amount of budget spend for an event?,highest amount of budget spend refers to MAX(spent),SELECT MAX(spent) FROM budget,True,True,True,585,8,0.27304009500005577,SELECT MAX(spent) FROM budget,,,True,True,True,594,8,0.2678595930001393,SELECT MAX(spent) FROM budget,,,True,True,True,585,9,0.6298286940000253,SELECT MAX(spent) FROM budget;,,,True,True,True,594,9,0.6319409200004884,SELECT MAX(spent) FROM budget;,,,True,True,True,True,True,True,True,True,both_correct,both_correct,both_correct,both_correct
54,54,student_club,simple,What is the total amount of money spent for food?,total amount of money spent refers to SUM(spent); spent for food refers to category = 'Food',SELECT SUM(spent) FROM budget WHERE category = 'Food',True,False,False,584,14,0.4458467010000504,SELECT SUM(cost) FROM expense WHERE expense_description LIKE '%food%',,,True,True,True,603,14,0.45050074499999937,SELECT SUM(spent) FROM budget WHERE category = 'Food',,,True,False,False,584,47,3.2005085490000056,SELECT SUM(T1.spent) FROM budget AS T1 INNER JOIN event AS T2 ON T1.link_to_event = T2.event_id WHERE T2.type = 'Food' AND T1.event_status = 'Closed',,,True,True,True,603,14,0.9622266149999632,SELECT SUM(spent) FROM budget WHERE category = 'Food',,,False,True,True,True,False,True,True,True,improved,improved,both_wrong,both_correct
55,55,student_club,moderate,List the name of students that have attended more than 7 events.,"name of students means the full name; full name refers to first_name, last_name; attended more than 7 events refers to COUNT(link_to_event) > 7","SELECT T1.first_name, T1.last_name FROM member AS T1 INNER JOIN attendance AS T2 ON T1.member_id = T2.link_to_member GROUP BY T2.link_to_member HAVING COUNT(T2.link_to_event) > 7",True,True,False,587,51,1.6251841189999823,"SELECT T1.first_name, T1.last_name FROM member AS T1 INNER JOIN attendance AS T2 ON T1.member_id = T2.link_to_member GROUP BY T1.member_id HAVING COUNT(T2.link_to_event) > 7",,,True,True,False,620,51,1.5919207459999143,"SELECT T1.first_name, T1.last_name FROM member AS T1 INNER JOIN attendance AS T2 ON T1.member_id = T2.link_to_member GROUP BY T1.member_id HAVING COUNT(T2.link_to_event) > 7",,,True,True,False,587,56,3.8321656779999103,"SELECT T1.first_name, T1.last_name FROM member AS T1 INNER JOIN attendance AS T2 ON T1.member_id = T2.link_to_member GROUP BY T1.first_name, T1.last_name HAVING COUNT(T2.link_to_event) > 7",,,True,True,False,620,56,3.843743800000084,"SELECT T1.first_name, T1.last_name FROM member AS T1 INNER JOIN attendance AS T2 ON T1.member_id = T2.link_to_member GROUP BY T1.first_name, T1.last_name HAVING COUNT(T2.link_to_event) > 7",,,True,True,True,True,True,True,True,True,both_correct,both_correct,both_correct,both_correct
56,56,student_club,moderate,Which student has been entrusted to manage the budget for the Yearly Kickoff?,"name of students means the full name; full name refers to first_name, last_name;'Yearly Kickoff' is an event name;","SELECT T4.first_name, T4.last_name FROM event AS T1 INNER JOIN budget AS T2 ON T1.event_id = T2.link_to_event INNER JOIN expense AS T3 ON T2.budget_id = T3.link_to_budget INNER JOIN member AS T4 ON T3.link_to_member = T4.member_id WHERE T1.event_name = 'Yearly Kickoff'",False,False,False,589,54,1.6929054189999988,"SELECT T1.first_name, T1.last_name FROM member AS T1 INNER JOIN budget AS T2 ON T1.member_id = T2.link_to_member WHERE T2.event_name = 'Yearly Kickoff' AND T2.event_status = 'managed'",no such column: T2.event_name,,True,False,False,615,71,2.2340813539999544,"SELECT T1.first_name, T1.last_name FROM member AS T1 INNER JOIN attendance AS T2 ON T1.member_id = T2.link_to_member INNER JOIN event AS T3 ON T2.link_to_event = T3.event_id WHERE T3.event_name = 'Yearly Kickoff' AND T1.position = 'Budget Manager'",,,True,False,False,589,71,4.874247908000143,"SELECT T1.first_name, T1.last_name FROM member AS T1 INNER JOIN attendance AS T2 ON T1.member_id = T2.link_to_member INNER JOIN event AS T3 ON T2.link_to_event = T3.event_id WHERE T3.event_name = 'Yearly Kickoff' AND T1.position = 'Budget Manager'",,,True,False,False,615,71,4.842556325999794,"SELECT T1.first_name, T1.last_name FROM member AS T1 INNER JOIN attendance AS T2 ON T1.member_id = T2.link_to_member INNER JOIN event AS T3 ON T2.link_to_event = T3.event_id WHERE T3.event_name = 'Yearly Kickoff' AND T1.position = 'treasurer'",,,False,False,False,True,False,True,False,True,both_wrong,both_wrong,both_wrong,both_wrong
57,57,student_club,simple,Which event has the lowest cost?,event refers to event_name; lowest cost means MIN(cost),SELECT T1.event_name FROM event AS T1 INNER JOIN budget AS T2 ON T1.event_id = T2.link_to_event INNER JOIN expense AS T3 ON T2.budget_id = T3.link_to_budget ORDER BY T3.cost LIMIT 1,False,False,False,580,37,1.1508749109999599,SELECT T1.event_name FROM event AS T1 INNER JOIN expense AS T2 ON T1.event_id = T2.link_to_event ORDER BY T2.cost ASC LIMIT 1,no such column: T2.link_to_event,,False,False,False,590,37,1.1905924609998237,SELECT T1.event_name FROM event AS T1 INNER JOIN expense AS T2 ON T1.event_id = T2.link_to_event ORDER BY T2.cost ASC LIMIT 1,no such column: T2.link_to_event,,False,False,False,580,36,2.476963271999921,SELECT T1.event_name FROM event AS T1 INNER JOIN expense AS T2 ON T1.event_id = T2.link_to_event ORDER BY T2.cost LIMIT 1,no such column: T2.link_to_event,,False,False,False,590,36,2.4652259810000032,SELECT T1.event_name FROM event AS T1 INNER JOIN expense AS T2 ON T1.event_id = T2.link_to_event ORDER BY T2.cost LIMIT 1,no such column: T2.link_to_event,,False,False,False,False,False,False,False,False,both_wrong,both_wrong,both_wrong,both_wrong
58,58,student_club,moderate,"Based on the total cost for all event, what is the percentage of cost for Yearly Kickoff event?","percentage = DIVIDE(SUM(cost where event_name = 'Yearly Kickoff'), SUM(cost)) * 100",SELECT CAST(SUM(CASE WHEN T1.event_name = 'Yearly Kickoff' THEN T3.cost ELSE 0 END) AS REAL) * 100 / SUM(T3.cost) FROM event AS T1 INNER JOIN budget AS T2 ON T1.event_id = T2.link_to_event INNER JOIN expense AS T3 ON T2.budget_id = T3.link_to_budget,False,False,False,595,59,1.8132982739999761,SELECT SUM(CASE WHEN T1.event_name = 'Yearly Kickoff' THEN T2.cost ELSE 0 END) * 100 / SUM(T2.cost) FROM event AS T1 INNER JOIN expense AS T2 ON T1.event_id = T2.link_to_event,no such column: T2.link_to_event,,False,False,False,619,64,2.00768455299999,SELECT CAST(SUM(CASE WHEN T2.event_name = 'Yearly Kickoff' THEN T1.cost ELSE 0 END) AS REAL) * 100 / SUM(T1.cost) FROM expense AS T1 INNER JOIN event AS T2 ON T1.link_to_event = T2.event_id,no such column: T1.link_to_event,,False,False,False,595,64,4.362275220999891,SELECT CAST(SUM(CASE WHEN T1.event_name = 'Yearly Kickoff' THEN T2.cost ELSE 0 END) AS REAL) * 100 / SUM(T2.cost) FROM event AS T1 INNER JOIN expense AS T2 ON T1.event_id = T2.link_to_event,no such column: T2.link_to_event,,True,False,False,619,64,4.3546698600002856,SELECT CAST(SUM(CASE WHEN T2.event_name = 'Yearly Kickoff' THEN T1.cost ELSE 0 END) AS REAL) * 100 / SUM(T1.cost) FROM expense AS T1 INNER JOIN event AS T2 ON T1.link_to_budget = T2.event_id,,,False,False,False,False,False,False,False,True,both_wrong,both_wrong,both_wrong,both_wrong
59,59,student_club,simple,Indicate the top source of funds received in September 2019 based on their amount.,top source funds refers to MAX(source); September 2019 means date_received BETWEEN '2019-09-01' and '2019-09-30',SELECT source FROM income WHERE date_received BETWEEN '2019-09-01' and '2019-09-30' ORDER BY source DESC LIMIT 1,True,True,False,593,26,0.8164099370000031,SELECT source FROM income WHERE date_received LIKE '2019-09-%' ORDER BY amount DESC LIMIT 1,,,True,True,False,634,41,1.2754565570000977,SELECT source FROM income WHERE date_received BETWEEN '2019-09-01' AND '2019-09-30' ORDER BY amount DESC LIMIT 1,,,True,True,False,593,31,2.127663843999926,SELECT source FROM income WHERE date_received LIKE '2019-09-%' GROUP BY source ORDER BY SUM(amount) DESC LIMIT 1,,,True,True,False,634,26,1.806145651999941,SELECT source FROM income WHERE date_received LIKE '2019-09-%' ORDER BY amount DESC LIMIT 1,,,True,True,True,True,True,True,True,True,both_correct,both_correct,both_correct,both_correct
60,60,student_club,simple,How many members of the Student_Club have major in 'Physics Teaching'?,'Physics Teaching' is the major_name;,SELECT COUNT(T2.member_id) FROM major AS T1 INNER JOIN member AS T2 ON T1.major_id = T2.link_to_major WHERE T1.major_name = 'Physics Teaching',True,True,False,589,36,1.1295770599999742,SELECT COUNT(*) FROM member AS T1 INNER JOIN major AS T2 ON T1.link_to_major = T2.major_id WHERE T2.major_name = 'Physics Teaching',,,True,True,False,596,36,1.125548912999875,SELECT COUNT(*) FROM member AS T1 INNER JOIN major AS T2 ON T1.link_to_major = T2.major_id WHERE T2.major_name = 'Physics Teaching',,,True,True,False,589,40,2.734504998000375,SELECT COUNT(T1.member_id) FROM member AS T1 INNER JOIN major AS T2 ON T1.link_to_major = T2.major_id WHERE T2.major_name = 'Physics Teaching',,,True,True,False,596,40,2.7704336960005094,SELECT COUNT(T1.member_id) FROM member AS T1 INNER JOIN major AS T2 ON T1.link_to_major = T2.major_id WHERE T2.major_name = 'Physics Teaching',,,True,True,True,True,True,True,True,True,both_correct,both_correct,both_correct,both_correct
61,61,student_club,moderate,Name the event with the highest amount spent on advertisement.,Name of event refers to event_name; highest amount spent on advertisement refers to MAX(spent) where category = 'Advertisement',SELECT T2.event_name FROM budget AS T1 INNER JOIN event AS T2 ON T1.link_to_event = T2.event_id WHERE T1.category = 'Advertisement' ORDER BY T1.spent DESC LIMIT 1,True,True,False,584,46,1.429857683000023,SELECT T1.event_name FROM event AS T1 INNER JOIN budget AS T2 ON T1.event_id = T2.link_to_event WHERE T2.category = 'Advertisement' ORDER BY T2.spent DESC LIMIT 1,,,True,True,False,607,46,1.4262343650000275,SELECT T1.event_name FROM event AS T1 INNER JOIN budget AS T2 ON T1.event_id = T2.link_to_event WHERE T2.category = 'Advertisement' ORDER BY T2.spent DESC LIMIT 1,,,True,False,False,584,46,3.188425367000036,SELECT T1.event_name FROM event AS T1 INNER JOIN budget AS T2 ON T1.event_id = T2.link_to_event WHERE T2.category = 'advertisement' ORDER BY T2.spent DESC LIMIT 1,,,True,True,False,607,46,3.1732900850001897,SELECT T1.event_name FROM event AS T1 INNER JOIN budget AS T2 ON T1.event_id = T2.link_to_event WHERE T2.category = 'Advertisement' ORDER BY T2.spent DESC LIMIT 1,,,True,True,True,True,False,True,True,True,both_correct,improved,regressed,both_correct
62,62,student_club,moderate,Did Maya Mclean attend the 'Women's Soccer' event?,"Maya Mclean is the full name; full name refers to first_name, last_name; 'Women's Soccer' is an event_name",SELECT CASE WHEN T3.event_name = 'Women''s Soccer' THEN 'YES' END AS result FROM member AS T1 INNER JOIN attendance AS T2 ON T1.member_id = T2.link_to_member INNER JOIN event AS T3 ON T2.link_to_event = T3.event_id WHERE T1.first_name = 'Maya' AND T1.last_name = 'Mclean',True,False,False,586,94,2.895800081999937,SELECT CASE WHEN T1.link_to_member IS NOT NULL THEN 'Yes' ELSE 'No' END AS attended FROM attendance AS T1 INNER JOIN member AS T2 ON T1.link_to_member = T2.member_id INNER JOIN event AS T3 ON T1.link_to_event = T3.event_id WHERE T2.first_name = 'Maya' AND T2.last_name = 'Mclean' AND T3.event_name = 'Women''s Soccer',,,True,False,False,613,85,2.6408655420000287,SELECT CASE WHEN T1.first_name = 'Maya' AND T1.last_name = 'Mclean' THEN 'Yes' ELSE 'No' END AS attended FROM member AS T1 INNER JOIN attendance AS T2 ON T1.member_id = T2.link_to_member INNER JOIN event AS T3 ON T2.link_to_event = T3.event_id WHERE T3.event_name = 'Women''s Soccer',,,True,False,False,586,85,5.766615874999843,SELECT CASE WHEN T1.first_name = 'Maya' AND T1.last_name = 'Mclean' THEN 'Yes' ELSE 'No' END AS result FROM member AS T1 INNER JOIN attendance AS T2 ON T1.member_id = T2.link_to_member INNER JOIN event AS T3 ON T2.link_to_event = T3.event_id WHERE T3.event_name = 'Women''s Soccer',,,True,False,False,613,85,5.84100421400035,SELECT CASE WHEN T1.first_name = 'Maya' AND T1.last_name = 'Mclean' THEN 'Yes' ELSE 'No' END AS result FROM member AS T1 INNER JOIN attendance AS T2 ON T1.member_id = T2.link_to_member INNER JOIN event AS T3 ON T2.link_to_event = T3.event_id WHERE T3.event_name = 'Women''s Soccer',,,False,True,False,True,False,True,False,True,both_wrong,both_wrong,both_wrong,both_wrong
63,63,student_club,moderate,Indicate the cost of posters for 'September Speaker' event.,'Posters' is the expense description; 'September Speaker' is an event name,SELECT T3.cost FROM event AS T1 INNER JOIN budget AS T2 ON T1.event_id = T2.link_to_event INNER JOIN expense AS T3 ON T2.budget_id = T3.link_to_budget WHERE T1.event_name = 'September Speaker' AND T3.expense_description = 'Posters',False,False,False,586,48,1.4856388340000422,SELECT T1.cost FROM expense AS T1 INNER JOIN event AS T2 ON T1.link_to_event = T2.event_id WHERE T2.event_name = 'September Speaker' AND T1.expense_description LIKE '%posters%',no such column: T1.link_to_event,,False,False,False,602,48,1.516886864999833,SELECT T2.cost FROM event AS T1 INNER JOIN expense AS T2 ON T2.link_to_event = T1.event_id WHERE T1.event_name = 'September Speaker' AND T2.expense_description = 'Posters',no such column: T2.link_to_event,,False,False,False,586,48,3.2919010399996296,SELECT T2.cost FROM event AS T1 INNER JOIN expense AS T2 ON T1.event_id = T2.link_to_event WHERE T1.event_name = 'September Speaker' AND T2.expense_description = 'posters',no such column: T2.link_to_event,,True,False,False,602,48,3.3053336769999078,SELECT T2.cost FROM event AS T1 INNER JOIN expense AS T2 ON T1.event_id = T2.link_to_budget WHERE T1.event_name = 'September Speaker' AND T2.expense_description = 'Posters',,,False,False,False,False,False,False,False,True,both_wrong,both_wrong,both_wrong,both_wrong
64,64,student_club,moderate,Indicate the name of the closed event whose cost has exceeded the budget the most.,closed events refers to event_name where status = 'Closed'; exceed the budget the most refers to MIN(remaining) where remaining < 0,SELECT T2.event_name FROM budget AS T1 INNER JOIN event AS T2 ON T2.event_id = T1.link_to_event WHERE T1.event_status = 'Closed' AND T1.remaining < 0 ORDER BY T1.remaining LIMIT 1,True,False,False,590,59,1.821357148000061,SELECT T1.event_name FROM event AS T1 INNER JOIN budget AS T2 ON T1.event_id = T2.link_to_event WHERE T1.status = 'closed' AND T2.spent > T2.amount ORDER BY T2.spent - T2.amount DESC LIMIT 1,,,True,True,False,617,52,1.6477979040000719,SELECT T1.event_name FROM event AS T1 INNER JOIN budget AS T2 ON T1.event_id = T2.link_to_event WHERE T1.status = 'Closed' AND T2.remaining < 0 ORDER BY T2.remaining ASC LIMIT 1,,,True,True,False,590,59,4.054818652999984,SELECT T1.event_name FROM event AS T1 INNER JOIN budget AS T2 ON T1.event_id = T2.link_to_event WHERE T1.status = 'Closed' AND T2.spent > T2.amount ORDER BY T2.spent - T2.amount DESC LIMIT 1,,,True,True,False,617,51,3.496751728000163,SELECT T1.event_name FROM event AS T1 INNER JOIN budget AS T2 ON T1.event_id = T2.link_to_event WHERE T1.status = 'Closed' AND T2.remaining < 0 ORDER BY T2.remaining LIMIT 1,,,False,True,True,True,True,True,True,True,improved,both_correct,improved,both_correct
65,65,student_club,moderate,Identify the type of expenses and their total value approved for 'October Meeting' event.,total value refers to SUM(cost); 'October Meeting' is an event name;,"SELECT T1.type, SUM(T3.cost) FROM event AS T1 INNER JOIN budget AS T2 ON T1.event_id = T2.link_to_event INNER JOIN expense AS T3 ON T2.budget_id = T3.link_to_budget WHERE T1.event_name = 'October Meeting'",True,False,False,591,80,2.454609618999939,"SELECT T1.expense_description, SUM(T1.cost) FROM expense AS T1 INNER JOIN attendance AS T2 ON T1.link_to_member = T2.link_to_member INNER JOIN event AS T3 ON T2.link_to_event = T3.event_id WHERE T3.event_name = 'October Meeting' AND T1.approved = 'Yes' GROUP BY T1.expense_description",,,False,False,False,605,53,1.658174850000023,"SELECT T1.type, SUM(T2.cost) FROM event AS T1 INNER JOIN expense AS T2 ON T1.event_id = T2.link_to_event WHERE T1.event_name = 'October Meeting' AND T2.approved = 'yes'",no such column: T2.link_to_event,,True,False,False,591,80,5.495569031999821,"SELECT T1.expense_description, SUM(T1.cost) FROM expense AS T1 INNER JOIN budget AS T2 ON T1.link_to_budget = T2.budget_id INNER JOIN event AS T3 ON T2.link_to_event = T3.event_id WHERE T3.event_name = 'October Meeting' AND T1.approved = 'yes' GROUP BY T1.expense_description",,,True,False,False,605,76,5.233727277000071,"SELECT T1.category, SUM(T2.cost) FROM budget AS T1 INNER JOIN expense AS T2 ON T1.budget_id = T2.link_to_budget INNER JOIN event AS T3 ON T1.link_to_event = T3.event_id WHERE T3.event_name = 'October Meeting' AND T2.approved = 'yes' GROUP BY T1.category",,,False,True,False,False,False,True,False,True,both_wrong,both_wrong,both_wrong,both_wrong
66,66,student_club,moderate,Calculate the amount budgeted for 'April Speaker' event. List all the budgeted categories for said event in an ascending order based on their amount budgeted.,'April Speaker' is an event name; amount budgeted refers to SUM(amount); budget categories refers to category,"SELECT T2.category, SUM(T2.amount) FROM event AS T1 JOIN budget AS T2 ON T1.event_id = T2.link_to_event WHERE T1.event_name = 'April Speaker' GROUP BY T2.category ORDER BY SUM(T2.amount) ASC",True,True,False,605,47,1.4642155410000441,"SELECT T1.category, T1.amount FROM budget AS T1 INNER JOIN event AS T2 ON T1.link_to_event = T2.event_id WHERE T2.event_name = 'April Speaker' ORDER BY T1.amount ASC",,,True,True,False,626,56,1.717825597000001,"SELECT T1.category, SUM(T1.amount) AS total_amount FROM budget AS T1 INNER JOIN event AS T2 ON T1.link_to_event = T2.event_id WHERE T2.event_name = 'April Speaker' GROUP BY T1.category ORDER BY total_amount ASC",,,True,False,False,605,43,2.957924427999842,SELECT T1.category FROM budget AS T1 INNER JOIN event AS T2 ON T1.link_to_event = T2.event_id WHERE T2.event_name = 'April Speaker' ORDER BY T1.amount ASC,,,True,True,False,626,56,3.8399750299995503,"SELECT T1.category, SUM(T1.amount) FROM budget AS T1 INNER JOIN event AS T2 ON T1.link_to_event = T2.event_id WHERE T2.event_name = 'April Speaker' GROUP BY T1.category ORDER BY SUM(T1.amount) ASC",,,True,True,True,True,False,True,True,True,both_correct,improved,regressed,both_correct
67,67,student_club,simple,Mention the total expense used on 8/20/2019.,total expense refers SUM(cost) where expense_date = '2019-08-20',SELECT SUM(cost) FROM expense WHERE expense_date = '2019-08-20',True,True,True,591,23,0.7251041000000669,SELECT SUM(cost) FROM expense WHERE expense_date = '2019-08-20',,,True,True,True,611,23,0.7225091259999772,SELECT SUM(cost) FROM expense WHERE expense_date = '2019-08-20',,,True,False,False,591,29,1.994522859999961,SELECT SUM(cost) FROM expense WHERE expense_date = '2019-08-20' AND approved = 'yes';,,,True,True,False,611,30,2.1269004550003956,SELECT SUM(CASE WHEN expense_date = '2019-08-20' THEN cost ELSE 0 END) FROM expense,,,True,True,True,True,False,True,True,True,both_correct,improved,regressed,both_correct
68,68,student_club,simple,"List out the full name and total cost that member id ""rec4BLdZHS2Blfp4v"" incurred?","full name refers to first_name, last name","SELECT T1.first_name, T1.last_name, SUM(T2.cost) FROM member AS T1 INNER JOIN expense AS T2 ON T1.member_id = T2.link_to_member WHERE T1.member_id = 'rec4BLdZHS2Blfp4v'",True,True,True,599,58,1.7921059390000664,"SELECT T1.first_name, T1.last_name, SUM(T2.cost) FROM member AS T1 INNER JOIN expense AS T2 ON T1.member_id = T2.link_to_member WHERE T1.member_id = 'rec4BLdZHS2Blfp4v'",,,True,True,True,607,58,1.7809725229999458,"SELECT T1.first_name, T1.last_name, SUM(T2.cost) FROM member AS T1 INNER JOIN expense AS T2 ON T1.member_id = T2.link_to_member WHERE T1.member_id = 'rec4BLdZHS2Blfp4v'",,,True,True,False,599,70,4.763498581000022,"SELECT T1.first_name, T1.last_name, SUM(T2.cost) FROM member AS T1 INNER JOIN expense AS T2 ON T1.member_id = T2.link_to_member WHERE T2.link_to_member = 'rec4BLdZHS2Blfp4v' GROUP BY T1.first_name, T1.last_name",,,True,True,False,607,69,4.728869038000084,"SELECT T1.first_name, T1.last_name, SUM(T2.cost) FROM member AS T1 INNER JOIN expense AS T2 ON T1.member_id = T2.link_to_member WHERE T1.member_id = 'rec4BLdZHS2Blfp4v' GROUP BY T1.first_name, T1.last_name",,,True,True,True,True,True,True,True,True,both_correct,both_correct,both_correct,both_correct
69,69,student_club,simple,State what kind of expenses that Sacha Harrison incurred?,"kind of expenses refers to expense_description; Sacha Harrison is the full name; full name refers to first_name, last_name;",SELECT T2.expense_description FROM member AS T1 INNER JOIN expense AS T2 ON T1.member_id = T2.link_to_member WHERE T1.first_name = 'Sacha' AND T1.last_name = 'Harrison',True,True,False,584,49,1.5089337420000675,SELECT T1.expense_description FROM expense AS T1 INNER JOIN member AS T2 ON T1.link_to_member = T2.member_id WHERE T2.first_name = 'Sacha' AND T2.last_name = 'Harrison',,,True,True,False,608,49,1.5139426230000481,SELECT T1.expense_description FROM expense AS T1 INNER JOIN member AS T2 ON T1.link_to_member = T2.member_id WHERE T2.first_name = 'Sacha' AND T2.last_name = 'Harrison',,,True,True,False,584,49,3.3378971629999796,SELECT T1.expense_description FROM expense AS T1 INNER JOIN member AS T2 ON T1.link_to_member = T2.member_id WHERE T2.first_name = 'Sacha' AND T2.last_name = 'Harrison',,,True,True,True,608,49,3.3645945090001987,SELECT T2.expense_description FROM member AS T1 INNER JOIN expense AS T2 ON T1.member_id = T2.link_to_member WHERE T1.first_name = 'Sacha' AND T1.last_name = 'Harrison',,,True,True,True,True,True,True,True,True,both_correct,both_correct,both_correct,both_correct
70,70,student_club,simple,State the category of events were held at MU 215.,'MU 215' is the location of event; ,SELECT DISTINCT T2.category FROM event AS T1 INNER JOIN budget AS T2 ON T1.event_id = T2.link_to_event WHERE T1.location = 'MU 215',True,True,False,587,39,1.2212304079999967,SELECT T1.category FROM budget AS T1 INNER JOIN event AS T2 ON T1.link_to_event = T2.event_id WHERE T2.location = 'MU 215',,,True,True,False,598,40,1.2458793020000485,SELECT DISTINCT T1.category FROM budget AS T1 INNER JOIN event AS T2 ON T1.link_to_event = T2.event_id WHERE T2.location = 'MU 215',,,True,True,False,587,44,2.9759783469999093,SELECT T2.category FROM event AS T1 INNER JOIN budget AS T2 ON T1.event_id = T2.link_to_event WHERE T1.location = 'MU 215' GROUP BY T2.category,,,True,True,False,598,44,3.0515680140006225,SELECT T2.category FROM event AS T1 INNER JOIN budget AS T2 ON T1.event_id = T2.link_to_event WHERE T1.location = 'MU 215' GROUP BY T2.category,,,True,True,True,True,True,True,True,True,both_correct,both_correct,both_correct,both_correct
71,71,student_club,moderate,List the last name of members with a major in environmental engineering and include its department and college name.,'Environmental Engineering' is the major_name;,"SELECT T2.last_name, T1.department, T1.college FROM major AS T1 INNER JOIN member AS T2 ON T1.major_id = T2.link_to_major WHERE T2.position = 'Member' AND T1.major_name = 'Environmental Engineering'",True,True,False,593,47,1.4522675200000776,"SELECT T1.last_name, T2.department, T2.college FROM member AS T1 INNER JOIN major AS T2 ON T1.link_to_major = T2.major_id WHERE T2.major_name = 'Environmental Engineering'",,,True,True,False,600,47,1.4782245540000076,"SELECT T1.last_name, T2.department, T2.college FROM member AS T1 INNER JOIN major AS T2 ON T1.link_to_major = T2.major_id WHERE T2.major_name = 'Environmental Engineering'",,,True,True,False,593,47,3.1432876630001374,"SELECT T1.last_name, T2.department, T2.college FROM member AS T1 INNER JOIN major AS T2 ON T1.link_to_major = T2.major_id WHERE T2.major_name = 'Environmental Engineering'",,,True,True,False,600,47,3.218476228000327,"SELECT T1.last_name, T2.department, T2.college FROM member AS T1 INNER JOIN major AS T2 ON T1.link_to_major = T2.major_id WHERE T2.major_name = 'Environmental Engineering'",,,True,True,True,True,True,True,True,True,both_correct,both_correct,both_correct,both_correct
72,72,student_club,moderate,What are the budget category of the events located at MU 215 and a guest speaker type with a 0 budget spent?,budget category refers to category; events located at refers to location; type = 'Guest Speaker'; 0 budget spent refers to spent = 0; ,"SELECT DISTINCT T2.category, T1.type FROM event AS T1 INNER JOIN budget AS T2 ON T1.event_id = T2.link_to_event WHERE T1.location = 'MU 215' AND T2.spent = 0 AND T1.type = 'Guest Speaker'",True,False,False,600,56,1.7380909700000302,SELECT T2.category FROM event AS T1 INNER JOIN budget AS T2 ON T1.event_id = T2.link_to_event WHERE T1.location = 'MU 215' AND T1.type = 'guest speaker' AND T2.spent = 0,,,True,False,False,628,56,1.8235119720000057,SELECT T1.category FROM budget AS T1 INNER JOIN event AS T2 ON T1.link_to_event = T2.event_id WHERE T2.location = 'MU 215' AND T2.type = 'Guest Speaker' AND T1.spent = 0,,,True,False,False,600,56,3.7328896210001403,SELECT T1.category FROM budget AS T1 INNER JOIN event AS T2 ON T1.link_to_event = T2.event_id WHERE T2.location = 'MU 215' AND T2.type = 'guest speaker' AND T1.spent = 0,,,True,False,False,628,56,3.8299579900003664,SELECT T1.category FROM budget AS T1 INNER JOIN event AS T2 ON T1.link_to_event = T2.event_id WHERE T2.location = 'MU 215' AND T2.type = 'Guest Speaker' AND T1.spent = 0,,,False,True,False,True,False,True,False,True,both_wrong,both_wrong,both_wrong,both_wrong
73,73,student_club,moderate,"Among the members with t-shirt size of medium, what is the percentage of the amount 50 received by the Student_Club?","t_shirt_size = 'Medium' where position = 'Member'; percentage = DIVIDE(COUNT(amount = 50), COUNT(member_id)) * 100",SELECT CAST(SUM(CASE WHEN T2.amount = 50 THEN 1.0 ELSE 0 END) AS REAL) * 100 / COUNT(T2.income_id) FROM member AS T1 INNER JOIN income AS T2 ON T1.member_id = T2.link_to_member WHERE T1.position = 'Member' AND T1.t_shirt_size = 'Medium',True,True,False,600,67,2.066850158999955,SELECT CAST(SUM(CASE WHEN T2.amount = 50 THEN 1 ELSE 0 END) AS REAL) * 100 / COUNT(*) FROM member AS T1 INNER JOIN income AS T2 ON T1.member_id = T2.link_to_member WHERE T1.t_shirt_size = 'Medium',,,True,True,False,634,79,2.5079752070000723,SELECT CAST(SUM(CASE WHEN T2.amount = 50 THEN 1 ELSE 0 END) AS REAL) * 100 / COUNT(T1.member_id) FROM member AS T1 INNER JOIN income AS T2 ON T1.member_id = T2.link_to_member WHERE T1.t_shirt_size = 'Medium' AND T1.position = 'Member',,,True,True,False,600,71,4.7632694670001,SELECT CAST(SUM(CASE WHEN T1.amount = 50 THEN 1 ELSE 0 END) AS REAL) * 100 / COUNT(T2.member_id) FROM income AS T1 INNER JOIN member AS T2 ON T1.link_to_member = T2.member_id WHERE T2.t_shirt_size = 'Medium',,,True,True,False,634,73,5.016527476999727,"SELECT CAST(SUM(IIF(T2.amount = 50, 1, 0)) AS REAL) * 100 / COUNT(*) FROM member AS T1 INNER JOIN income AS T2 ON T1.member_id = T2.link_to_member WHERE T1.t_shirt_size = 'Medium' AND T1.position = 'Member'",,,True,True,True,True,True,True,True,True,both_correct,both_correct,both_correct,both_correct
74,74,student_club,moderate,"List the names of closed event as ""game"" that was closed from 3/15/2019 to 3/20/2020.",name of events refers event_name; game event that was closed refers to type = 'Game' where status = 'Closed'; event_date BETWEEN '2019-03-15' and '2020-03-20'; ,"SELECT DISTINCT event_name FROM event WHERE type = 'Game' AND date(SUBSTR(event_date, 1, 10)) BETWEEN '2019-03-15' AND '2020-03-20' AND status = 'Closed'",True,False,False,609,47,1.4567329459999883,SELECT event_name FROM event WHERE type = 'game' AND status = 'closed' AND event_date BETWEEN '2019-03-15' AND '2020-03-20',,,True,True,False,660,47,1.45345987099995,SELECT event_name FROM event WHERE type = 'Game' AND status = 'Closed' AND event_date BETWEEN '2019-03-15' AND '2020-03-20',,,True,True,False,609,47,3.2381352820002576,SELECT event_name FROM event WHERE status = 'Closed' AND type = 'Game' AND event_date BETWEEN '2019-03-15' AND '2020-03-20',,,True,True,False,660,47,3.2479112439996243,SELECT event_name FROM event WHERE type = 'Game' AND status = 'Closed' AND event_date BETWEEN '2019-03-15' AND '2020-03-20',,,False,True,True,True,True,True,True,True,improved,both_correct,improved,both_correct
75,75,student_club,challenging,Give the full name and contact number of members who had to spend more than average on each expense.,"full name refers to first_name, last_name; contact number refers to phone; had spent more than average on each expense refers to cost > AVG(cost)","SELECT DISTINCT T3.first_name, T3.last_name, T3.phone FROM expense AS T1 INNER JOIN budget AS T2 ON T1.link_to_budget = T2.budget_id INNER JOIN member AS T3 ON T3.member_id = T1.link_to_member WHERE T1.cost > ( SELECT AVG(T1.cost) FROM expense AS T1 INNER JOIN budget AS T2 ON T1.link_to_budget = T2.budget_id INNER JOIN member AS T3 ON T3.member_id = T1.link_to_member )",True,True,False,593,50,1.5455669120000266,"SELECT T1.first_name, T1.last_name, T1.phone FROM member AS T1 INNER JOIN expense AS T2 ON T1.member_id = T2.link_to_member WHERE T2.cost > ( SELECT AVG(cost) FROM expense )",,,True,True,False,622,50,1.586364893000109,"SELECT T1.first_name, T1.last_name, T1.phone FROM member AS T1 INNER JOIN expense AS T2 ON T1.member_id = T2.link_to_member WHERE T2.cost > ( SELECT AVG(cost) FROM expense )",,,True,True,False,593,50,3.423695776999921,"SELECT T1.first_name, T1.last_name, T1.phone FROM member AS T1 INNER JOIN expense AS T2 ON T1.member_id = T2.link_to_member WHERE T2.cost > ( SELECT AVG(cost) FROM expense )",,,True,True,False,622,50,3.4017699269998047,"SELECT T1.first_name, T1.last_name, T1.phone FROM member AS T1 INNER JOIN expense AS T2 ON T1.member_id = T2.link_to_member WHERE T2.cost > ( SELECT AVG(cost) FROM expense )",,,True,True,True,True,True,True,True,True,both_correct,both_correct,both_correct,both_correct
76,76,student_club,challenging,"Write the full name of the member who spent money for water, veggie tray and supplies and include the cost of it.","full name refers to first_name, last name; spent money for refers expense description; expense_description = 'Water, Veggie tray, supplies'","SELECT T2.first_name, T2.last_name, T1.cost FROM expense AS T1 INNER JOIN member AS T2 ON T1.link_to_member = T2.member_id WHERE T1.expense_description = 'Water, Veggie tray, supplies'",True,False,False,598,59,1.831634394000048,"SELECT T1.first_name, T1.last_name, SUM(T2.cost) FROM member AS T1 INNER JOIN expense AS T2 ON T1.member_id = T2.link_to_member WHERE T2.expense_description IN ('water', 'veggie tray', 'supplies')",,,True,True,False,625,53,1.644054942999901,"SELECT T1.first_name, T1.last_name, T2.cost FROM member AS T1 INNER JOIN expense AS T2 ON T1.member_id = T2.link_to_member WHERE T2.expense_description = 'Water, Veggie tray, supplies'",,,True,False,False,598,57,3.8824682479998955,"SELECT T1.first_name, T1.last_name, T2.cost FROM member AS T1 INNER JOIN expense AS T2 ON T1.member_id = T2.link_to_member WHERE T2.expense_description IN ('water', 'veggie tray', 'supplies')",,,True,True,False,625,53,3.646346425000047,"SELECT T1.first_name, T1.last_name, T2.cost FROM member AS T1 INNER JOIN expense AS T2 ON T1.member_id = T2.link_to_member WHERE T2.expense_description = 'Water, Veggie tray, supplies'",,,False,True,True,True,False,True,True,True,improved,improved,both_wrong,both_correct
77,77,student_club,challenging,Write the full names of students who received funds on the date of 9/9/2019 and include the amount received.,"full name refers to first_name, last_name, amount of funds received refers to amount, received funds on date refers to date_received","SELECT DISTINCT T3.first_name, T3.last_name, T4.amount FROM event AS T1 INNER JOIN attendance AS T2 ON T1.event_id = T2.link_to_event INNER JOIN member AS T3 ON T3.member_id = T2.link_to_member INNER JOIN income AS T4 ON T4.link_to_member = T3.member_id WHERE T4.date_received = '2019-09-09'",True,False,False,601,53,1.6493465830000105,"SELECT T1.first_name, T1.last_name, T2.amount FROM member AS T1 INNER JOIN income AS T2 ON T1.member_id = T2.link_to_member WHERE T2.date_received = '9/9/2019'",,,True,False,False,626,53,1.6437487240000337,"SELECT T1.first_name, T1.last_name, T2.amount FROM member AS T1 INNER JOIN income AS T2 ON T1.member_id = T2.link_to_member WHERE T2.date_received = '9/9/2019'",,,True,False,False,601,53,3.623742020000009,"SELECT T1.first_name, T1.last_name, T2.amount FROM member AS T1 INNER JOIN income AS T2 ON T1.member_id = T2.link_to_member WHERE T2.date_received = '9/9/2019'",,,True,False,False,626,53,3.5596584549994077,"SELECT T1.first_name, T1.last_name, T2.amount FROM member AS T1 INNER JOIN income AS T2 ON T1.member_id = T2.link_to_member WHERE T2.date_received = '9/9/2019'",,,False,True,False,True,False,True,False,True,both_wrong,both_wrong,both_wrong,both_wrong
78,78,thrombosis_prediction,moderate,Are there more in-patient or outpatient who were male? What is the deviation in percentage?,"male refers to SEX = 'M'; in-patient refers to Admission = '+'; outpatient refers to Admission = '-'; percentage = DIVIDE(COUNT(ID) where SEX = 'M' and Admission = '+', COUNT(ID) where SEX  = 'M' and Admission = '-')",SELECT CAST(SUM(CASE WHEN Admission = '+' THEN 1 ELSE 0 END) AS REAL) * 100 / SUM(CASE WHEN Admission = '-' THEN 1 ELSE 0 END) FROM Patient WHERE SEX = 'M',True,False,False,709,49,1.5329315939999333,SELECT SUM(CASE WHEN Admission = 'inpatient' THEN 1 ELSE 0 END) - SUM(CASE WHEN Admission = 'outpatient' THEN 1 ELSE 0 END) AS difference FROM Patient WHERE SEX = 'male',,,True,False,False,765,56,1.7688496250000298,SELECT CAST(SUM(CASE WHEN Admission = '+' THEN 1 ELSE 0 END) AS REAL) * 100 / SUM(CASE WHEN Admission = '-' THEN 1 ELSE 0 END) - 100 FROM Patient WHERE SEX = 'M',,,True,False,False,709,87,5.952198333000069,"SELECT SUM(CASE WHEN T2.SEX = 'Male' THEN 1 ELSE 0 END), CAST(SUM(CASE WHEN T2.SEX = 'Male' THEN 1 ELSE 0 END) AS REAL) * 100 / COUNT(T1.ID) - 50 FROM Laboratory AS T1 INNER JOIN Patient AS T2 ON T1.ID = T2.ID WHERE T2.Description IS NULL",,,True,False,False,765,80,5.348868665999362,"SELECT CAST(SUM(IIF(Admission = '+', 1, 0)) AS REAL) * 100 / SUM(IIF(Admission = '-', 1, 0)), SUM(IIF(Admission = '+', 1, 0)) - SUM(IIF(Admission = '-', 1, 0)) FROM Patient WHERE SEX = 'M'",,,False,True,False,True,False,True,False,True,both_wrong,both_wrong,both_wrong,both_wrong
79,79,thrombosis_prediction,moderate,What is the percentage of female patient were born after 1930?,"female refers to Sex = 'F'; patient who were born after 1930 refers to year(Birthday) > '1930'; calculation = DIVIDE(COUNT(ID) where year(Birthday) > '1930' and SEX = 'F'), (COUNT(ID) where SEX = 'F')","SELECT CAST(SUM(CASE WHEN STRFTIME('%Y', Birthday) > '1930' THEN 1 ELSE 0 END) AS REAL) * 100 / COUNT(*) FROM Patient WHERE SEX = 'F'",True,False,False,706,50,1.566116973000021,SELECT CAST(SUM(CASE WHEN SEX = 'F' AND Birthday > '1930-01-01' THEN 1 ELSE 0 END) AS REAL) * 100 / COUNT(ID) FROM Patient,,,True,True,False,771,51,1.6555817920000209,"SELECT CAST(SUM(CASE WHEN STRFTIME('%Y', Birthday) > '1930' THEN 1 ELSE 0 END) AS REAL) * 100 / COUNT(ID) FROM Patient WHERE SEX = 'F'",,,True,False,False,706,59,4.063534196999626,"SELECT CAST(SUM(CASE WHEN SUBSTR(SEX, 1, 1) = 'F' THEN 1 ELSE 0 END) AS REAL) * 100 / COUNT(ID) FROM Patient WHERE strftime('%Y', Birthday) > '1930'",,,True,True,False,771,49,3.3207657980001386,"SELECT CAST(SUM(IIF(STRFTIME('%Y', Birthday) > '1930', 1, 0)) AS REAL) * 100 / COUNT(ID) FROM Patient WHERE SEX = 'F'",,,False,True,True,True,False,True,True,True,improved,improved,both_wrong,both_correct
80,80,thrombosis_prediction,moderate,What is the ratio of outpatient to inpatient followed up treatment among all the 'SLE' diagnosed patient?,"'SLE' diagnosed patient means Diagnosis = 'SLE'; inpatient refers to Admission = '+'; outpatient refers to Admission = '-'; calculation =  DIVIDE(COUNT(ID) where Diagnosis = 'SLE' and Admission = '+', COUNT(ID) where Diagnosis = 'SLE' and Admission = '-')",SELECT SUM(CASE WHEN Admission = '+' THEN 1.0 ELSE 0 END) / SUM(CASE WHEN Admission = '-' THEN 1 ELSE 0 END) FROM Patient WHERE Diagnosis = 'SLE',True,False,False,712,50,1.552580454000008,SELECT SUM(CASE WHEN Admission = 'Outpatient' THEN 1 ELSE 0 END) / SUM(CASE WHEN Admission = 'Inpatient' THEN 1 ELSE 0 END) AS Ratio FROM Patient WHERE Diagnosis = 'SLE',,,True,True,False,773,47,1.4805288559998644,SELECT CAST(SUM(CASE WHEN Admission = '+' THEN 1 ELSE 0 END) AS REAL) / SUM(CASE WHEN Admission = '-' THEN 1 ELSE 0 END) FROM Patient WHERE Diagnosis = 'SLE',,,True,False,False,712,79,5.415109818000019,SELECT CAST(SUM(CASE WHEN T2.Admission = 'Outpatient' THEN 1 ELSE 0 END) AS REAL) / SUM(CASE WHEN T2.Admission = 'Inpatient' THEN 1 ELSE 0 END) FROM Laboratory AS T1 INNER JOIN Patient AS T2 ON T1.ID = T2.ID WHERE T2.Diagnosis = 'SLE',,,True,False,False,773,78,5.336420689000079,"SELECT CAST(SUM(IIF(T1.Admission = '-', 1, 0)) AS REAL) / SUM(IIF(T1.Admission = '+', 1, 0)) FROM Patient AS T1 INNER JOIN Examination AS T2 ON T1.ID = T2.ID WHERE T1.Diagnosis = 'SLE' AND T2.Thrombosis = 1",,,False,True,True,True,False,True,False,True,improved,both_wrong,both_wrong,regressed
81,81,thrombosis_prediction,simple,What is the disease patient '30609' diagnosed with. List all the date of laboratory tests done for this patient.,'30609' is the Patient ID; disease means Diagnosis,"SELECT T1.Diagnosis, T2.Date FROM Patient AS T1 INNER JOIN Laboratory AS T2 ON T1.ID = T2.ID WHERE T1.ID = 30609",True,True,False,717,41,1.2907672359999651,"SELECT DISTINCT T1.Diagnosis, T2.Date FROM Patient AS T1 INNER JOIN Laboratory AS T2 ON T1.ID = T2.ID WHERE T1.ID = 30609",,,True,True,False,731,41,1.26395836100005,"SELECT DISTINCT T1.Diagnosis, T2.Date FROM Patient AS T1 INNER JOIN Laboratory AS T2 ON T1.ID = T2.ID WHERE T1.ID = 30609",,,True,False,False,717,40,2.7450657230001525,"SELECT DISTINCT T1.Description, T2.Date FROM Patient AS T1 INNER JOIN Laboratory AS T2 ON T1.ID = T2.ID WHERE T1.ID = 30609",,,True,True,False,731,41,2.804299345999425,"SELECT DISTINCT T1.Diagnosis, T2.Date FROM Patient AS T1 INNER JOIN Laboratory AS T2 ON T1.ID = T2.ID WHERE T1.ID = 30609",,,True,True,True,True,False,True,True,True,both_correct,improved,regressed,both_correct
82,82,thrombosis_prediction,simple,"List the patient ID, sex and birthday of patient with LDH beyond normal range.",LDH beyond normal range refers to LDH > '500';,"SELECT DISTINCT T1.ID, T1.SEX, T1.Birthday FROM Patient AS T1 INNER JOIN Laboratory AS T2 ON T1.ID = T2.ID WHERE T2.LDH > 500",True,False,False,707,45,1.4456429399999706,"SELECT DISTINCT T1.ID, T1.SEX, T1.Birthday FROM Patient AS T1 INNER JOIN Laboratory AS T2 ON T1.ID = T2.ID WHERE T2.LDH > 250",,,True,True,True,720,45,1.3910697870001059,"SELECT DISTINCT T1.ID, T1.SEX, T1.Birthday FROM Patient AS T1 INNER JOIN Laboratory AS T2 ON T1.ID = T2.ID WHERE T2.LDH > 500",,,True,True,True,707,45,3.0816079889996217,"SELECT DISTINCT T1.ID, T1.SEX, T1.Birthday FROM Patient AS T1 INNER JOIN Laboratory AS T2 ON T1.ID = T2.ID WHERE T2.LDH > 500",,,True,True,True,720,45,3.0867727760005437,"SELECT DISTINCT T1.ID, T1.SEX, T1.Birthday FROM Patient AS T1 INNER JOIN Laboratory AS T2 ON T1.ID = T2.ID WHERE T2.LDH > 500",,,False,True,True,True,True,True,True,True,improved,both_correct,improved,both_correct
83,83,thrombosis_prediction,moderate,State the ID and age of patient with positive degree of coagulation.,"age refers to SUBTRACT(year(current_timestamp), year(Birthday)); positive degree of coagulation refers to RVVT = '+';","SELECT DISTINCT T1.ID, STRFTIME('%Y', CURRENT_TIMESTAMP) - STRFTIME('%Y', T1.Birthday) FROM Patient AS T1 INNER JOIN Examination AS T2 ON T1.ID = T2.ID WHERE T2.RVVT = '+'",True,False,False,705,54,1.71904830699998,"SELECT T1.ID, strftime('%Y', 'now') - strftime('%Y', T1.Birthday) AS Age FROM Patient AS T1 INNER JOIN Examination AS T2 ON T1.ID = T2.ID WHERE T2.Thrombosis = 1",,,True,True,False,729,56,1.7268317390000902,"SELECT T1.ID, STRFTIME('%Y', CURRENT_TIMESTAMP) - STRFTIME('%Y', T1.Birthday) AS Age FROM Patient AS T1 INNER JOIN Examination AS T2 ON T1.ID = T2.ID WHERE T2.RVVT = '+'",,,True,False,False,705,55,3.790933732999747,"SELECT DISTINCT T1.ID , strftime('%Y', 'now') - strftime('%Y', T1.Birthday) AS age FROM Patient AS T1 INNER JOIN Examination AS T2 ON T1.ID = T2.ID WHERE T2.RVVT = 'Positive'",,,True,True,False,729,53,3.6446339149997584,"SELECT DISTINCT T1.ID , strftime('%Y', 'now') - strftime('%Y', T1.Birthday) AS age FROM Patient AS T1 INNER JOIN Examination AS T2 ON T1.ID = T2.ID WHERE T2.RVVT = '+'",,,False,True,True,True,False,True,True,True,improved,improved,both_wrong,both_correct
84,84,thrombosis_prediction,simple,"For patients with severe degree of thrombosis, list their ID, sex and disease the patient is diagnosed with.",severe degree of thrombosis refers to thrombosis = 2; disease refers to diagnosis;,"SELECT DISTINCT T1.ID, T1.SEX, T1.Diagnosis FROM Patient AS T1 INNER JOIN Examination AS T2 ON T1.ID = T2.ID WHERE T2.Thrombosis = 2",True,False,False,713,45,1.4031978880000224,"SELECT DISTINCT T1.ID, T1.SEX, T1.Diagnosis FROM Patient AS T1 INNER JOIN Examination AS T2 ON T1.ID = T2.ID WHERE T2.Thrombosis = 3",,,True,True,False,732,44,1.3930247650000638,"SELECT T1.ID, T1.SEX, T1.Diagnosis FROM Patient AS T1 INNER JOIN Examination AS T2 ON T1.ID = T2.ID WHERE T2.Thrombosis = 2",,,True,True,True,713,45,3.0967533050002203,"SELECT DISTINCT T1.ID, T1.SEX, T1.Diagnosis FROM Patient AS T1 INNER JOIN Examination AS T2 ON T1.ID = T2.ID WHERE T2.Thrombosis = 2",,,True,True,True,732,45,3.096168347999992,"SELECT DISTINCT T1.ID, T1.SEX, T1.Diagnosis FROM Patient AS T1 INNER JOIN Examination AS T2 ON T1.ID = T2.ID WHERE T2.Thrombosis = 2",,,False,True,True,True,True,True,True,True,improved,both_correct,improved,both_correct
85,85,thrombosis_prediction,moderate,How many female patients who came at the hospital in 1997 was immediately followed at the outpatient clinic?,female refers to sex = 'F'; came at the hospital in 1997 refers to year(Description) = '1997'; immediately followed at the outpatient clinic refers to Admission = '-',"SELECT COUNT(*) FROM Patient WHERE STRFTIME('%Y', Description) = '1997' AND SEX = 'F' AND Admission = '-'",False,False,False,713,28,0.8913252560000728,"SELECT COUNT(ID) FROM Patient WHERE strftime('%Y', First_Date) = '1997' AND SEX = 'F'",no such column: First_Date,,True,True,False,754,33,1.0506424190000416,"SELECT COUNT(ID) FROM Patient WHERE STRFTIME('%Y', Description) = '1997' AND Admission = '-' AND SEX = 'F'",,,True,False,False,713,63,4.300822759999846,"SELECT COUNT(T1.ID) FROM Patient AS T1 INNER JOIN Examination AS T2 ON T1.ID = T2.ID WHERE strftime('%Y', T1.`First Date`) = '1997' AND T1.SEX = 'F' AND T2.Thrombosis = 1",,,True,True,False,754,33,2.3021998760004863,"SELECT COUNT(ID) FROM Patient WHERE STRFTIME('%Y', Description) = '1997' AND Admission = '-' AND SEX = 'F'",,,False,False,True,True,False,True,True,True,improved,improved,both_wrong,both_correct
86,86,thrombosis_prediction,moderate,How many of the patients with the most serious thrombosis cases examined in 1997 are women?,the most serious thrombosis refers to Thrombosis = '1' (the most severe one); women refers to sex = 'F',"SELECT  COUNT(*) FROM Patient AS T1 INNER JOIN Examination AS T2 ON T1.ID = T2.ID WHERE T1.SEX = 'F' AND STRFTIME('%Y', T2.`Examination Date`) = '1997' AND T2.Thrombosis = 1",True,False,False,713,68,2.1076072869999507,"SELECT COUNT(T1.ID) FROM Patient AS T1 INNER JOIN Examination AS T2 ON T1.ID = T2.ID WHERE T2.`Thrombosis` = 3 AND STRFTIME('%Y', T2.`Examination Date`) = '1997' AND T1.SEX = 'F'",,,True,True,False,741,68,2.140538480000032,"SELECT COUNT(T1.ID) FROM Patient AS T1 INNER JOIN Examination AS T2 ON T1.ID = T2.ID WHERE T2.`Thrombosis` = 1 AND T1.SEX = 'F' AND STRFTIME('%Y', T2.`Examination Date`) = '1997'",,,True,False,False,713,66,4.542021375999866,"SELECT COUNT(T1.ID) FROM Examination AS T1 INNER JOIN Patient AS T2 ON T1.ID = T2.ID WHERE T1.`Thrombosis` = 3 AND strftime('%Y', T1.`Examination Date`) = '1997' AND T2.SEX = 'F'",,,True,True,False,741,66,4.5367140509997625,"SELECT COUNT(T1.ID) FROM Examination AS T1 INNER JOIN Patient AS T2 ON T1.ID = T2.ID WHERE STRFTIME('%Y', T1.`Examination Date`) = '1997' AND T1.Thrombosis = 1 AND T2.SEX = 'F'",,,False,True,True,True,False,True,True,True,improved,improved,both_wrong,both_correct
87,87,thrombosis_prediction,simple,What are the symptoms observed by the youngest patient to ever did a medical examination? Identify their diagnosis.,"The larger the birthday value, the younger the person is, and vice versa; symptoms observed refers to the symptoms is not NULL","SELECT T2.Symptoms, T1.Diagnosis FROM Patient AS T1 INNER JOIN Examination AS T2 ON T1.ID = T2.ID WHERE T2.Symptoms IS NOT NULL ORDER BY T1.Birthday DESC LIMIT 1",True,False,False,710,41,1.2893205729999409,"SELECT T1.Symptoms, T1.Diagnosis FROM Examination AS T1 INNER JOIN Patient AS T2 ON T1.ID = T2.ID ORDER BY T2.Birthday DESC LIMIT 1",,,True,False,False,734,51,1.653446292000126,"SELECT DISTINCT T1.Symptoms, T1.Diagnosis FROM Examination AS T1 INNER JOIN Patient AS T2 ON T1.ID = T2.ID WHERE T1.Symptoms IS NOT NULL ORDER BY T2.Birthday DESC LIMIT 1",,,True,False,False,710,42,2.9063873090003653,"SELECT DISTINCT T1.Symptoms, T1.Diagnosis FROM Examination AS T1 INNER JOIN Patient AS T2 ON T1.ID = T2.ID ORDER BY T2.Birthday DESC LIMIT 1",,,True,False,False,734,49,3.3365201360002175,"SELECT DISTINCT T2.Symptoms, T2.Diagnosis FROM Laboratory AS T1 INNER JOIN Examination AS T2 ON T1.ID = T2.ID WHERE T2.Symptoms IS NOT NULL ORDER BY T1.Date LIMIT 1",,,False,True,False,True,False,True,False,True,both_wrong,both_wrong,both_wrong,both_wrong
88,88,thrombosis_prediction,challenging,"The oldest SJS patient's medical laboratory work was completed on what date, and what age was the patient when they initially arrived at the hospital?","The larger the birthday value, the younger the person is, and vice versa; 'SJS' refers to diagnosis; (SUBTRACT(year(`First Date`)), year(Birthday)); age of the patients when they initially arrived at the hospital refers to year(Birthday)","SELECT T1.Date, STRFTIME('%Y', T2.`First Date`) - STRFTIME('%Y', T2.Birthday),T2.Birthday FROM Laboratory AS T1 INNER JOIN Patient AS T2 ON T1.ID = T2.ID WHERE T2.Diagnosis = 'SJS' AND T2.Birthday IS NOT NULL ORDER BY T2.Birthday ASC LIMIT 1",True,False,False,719,64,1.982006747000014,"SELECT MIN(T2.Date), strftime('%Y', T2.Date) - strftime('%Y', T1.Birthday) AS Age FROM Patient AS T1 INNER JOIN Laboratory AS T2 ON T1.ID = T2.ID WHERE T1.Description = 'SJS' ORDER BY T2.Date ASC LIMIT 1",,,True,False,False,771,71,2.2487770770001134,"SELECT T2.Date, STRFTIME('%Y', T1.Birthday) - STRFTIME('%Y', T1.`First Date`) AS Age FROM Patient AS T1 INNER JOIN Laboratory AS T2 ON T1.ID = T2.ID WHERE T1.Diagnosis = 'SJS' ORDER BY T1.Birthday ASC LIMIT 1",,,True,False,False,719,63,4.313487230999726,"SELECT T2.Date, strftime('%Y', T2.Date) - strftime('%Y', T1.Birthday) AS age FROM Patient AS T1 INNER JOIN Laboratory AS T2 ON T1.ID = T2.ID WHERE T1.Description = 'SJS' ORDER BY T1.Birthday LIMIT 1",,,True,False,False,771,64,4.385954514000332,"SELECT T2.Date , strftime('%Y', T2.Date) - strftime('%Y', T1.Birthday) AS age FROM Patient AS T1 INNER JOIN Laboratory AS T2 ON T1.ID = T2.ID WHERE T1.Diagnosis = 'SJS' ORDER BY T1.Birthday LIMIT 1",,,False,True,False,True,False,True,False,True,both_wrong,both_wrong,both_wrong,both_wrong
89,89,thrombosis_prediction,challenging,What is the ratio of male to female patients among all those with abnormal uric acid counts?,"male refers to SEX = 'M'; female refers to SEX = 'F'; abnormal uric acid refers to UA < = '8.0' where SEX = 'M', UA < = '6.5' where SEX = 'F'; calculation = DIVIDE(SUM(UA <= '8.0' and SEX = 'M'), SUM(UA <= '6.5 and SEX = 'F'))",SELECT CAST(SUM(CASE WHEN T2.UA <= 8.0 AND T1.SEX = 'M' THEN 1 ELSE 0 END) AS REAL) / SUM(CASE WHEN T2.UA <= 6.5 AND T1.SEX = 'F' THEN 1 ELSE 0 END) FROM Patient AS T1 INNER JOIN Laboratory AS T2 ON T1.ID = T2.ID,True,False,False,709,79,2.441158058000042,SELECT SUM(CASE WHEN T1.SEX = 'Male' THEN 1 ELSE 0 END) * 1.0 / SUM(CASE WHEN T1.SEX = 'Female' THEN 1 ELSE 0 END) AS Ratio FROM Patient AS T1 INNER JOIN Laboratory AS T2 ON T1.ID = T2.ID WHERE T2.UA > 5.4,,,True,True,False,791,94,2.904755303999991,SELECT CAST(SUM(CASE WHEN T1.SEX = 'M' THEN 1 ELSE 0 END) AS REAL) / SUM(CASE WHEN T1.SEX = 'F' THEN 1 ELSE 0 END) FROM Patient AS T1 INNER JOIN Laboratory AS T2 ON T1.ID = T2.ID WHERE T2.UA <= CASE WHEN T1.SEX = 'M' THEN 8.0 ELSE 6.5 END,,,True,False,False,709,77,5.288281615999949,SELECT CAST(SUM(CASE WHEN T1.SEX = '男' THEN 1 ELSE 0 END) AS REAL) / SUM(CASE WHEN T1.SEX = '女' THEN 1 ELSE 0 END) FROM Patient AS T1 INNER JOIN Laboratory AS T2 ON T1.ID = T2.ID WHERE T2.UA > 500,,,True,False,False,791,103,7.024206449999838,SELECT CAST(SUM(CASE WHEN T1.SEX = 'M' THEN 1 ELSE 0 END) AS REAL) / SUM(CASE WHEN T1.SEX = 'F' THEN 1 ELSE 0 END) FROM Patient AS T1 INNER JOIN Laboratory AS T2 ON T1.ID = T2.ID WHERE T2.UA > 8 AND T1.SEX = 'M' OR T2.UA > 6.5 AND T1.SEX = 'F',,,False,True,True,True,False,True,False,True,improved,both_wrong,both_wrong,regressed
90,90,thrombosis_prediction,challenging,How many underage patients were examined during the course of the three-year period from 1990 to 1993?,underage patients refers to year(Birthday) < 18; three-year period from 1990 to 1993 refers to year(`Examination Date`) between '1990' and '1993',"SELECT COUNT(T1.ID) FROM Patient AS T1 INNER JOIN Examination AS T2 ON T1.ID = T2.ID WHERE STRFTIME('%Y', T2.`Examination Date`) BETWEEN '1990' AND '1993' AND STRFTIME('%Y', T2.`Examination Date`) - STRFTIME('%Y', T1.Birthday) < 18",True,False,False,717,65,2.073157660999982,SELECT COUNT(DISTINCT T1.ID) FROM Patient AS T1 INNER JOIN Examination AS T2 ON T1.ID = T2.ID WHERE T1.Birthday > '1993-12-31' AND T1.Birthday < '1987-01-01',,,True,False,False,766,74,2.3040686269998787,"SELECT COUNT(DISTINCT T1.ID) FROM Patient AS T1 INNER JOIN Examination AS T2 ON T1.ID = T2.ID WHERE STRFTIME('%Y', T1.Birthday) < '18' AND STRFTIME('%Y', T2.`Examination Date`) BETWEEN '1990' AND '1993'",,,True,False,False,717,91,6.231885477000105,SELECT COUNT(T1.ID) FROM Patient AS T1 INNER JOIN Examination AS T2 ON T1.ID = T2.ID WHERE T1.Birthday BETWEEN '1987-01-01' AND '1990-01-01' AND T2.`Examination Date` BETWEEN '1990-01-01' AND '1993-12-31',,,True,False,False,766,74,5.04645525199976,"SELECT COUNT(DISTINCT T1.ID) FROM Examination AS T1 INNER JOIN Patient AS T2 ON T1.ID = T2.ID WHERE STRFTIME('%Y', T1.`Examination Date`) BETWEEN '1990' AND '1993' AND strftime('%Y', T2.Birthday) < '1990'",,,False,True,False,True,False,True,False,True,both_wrong,both_wrong,both_wrong,both_wrong
91,91,thrombosis_prediction,moderate,"How old was the patient who had the highest hemoglobin count at the time of the examination, and what is the doctor's diagnosis?","How old the patient refers to SUBTRACT(year(`Examination Date`), year(Birthday)); the highest hemoglobin count refers to MAX(HGB)","SELECT STRFTIME('%Y', T2.Date) - STRFTIME('%Y', T1.Birthday), T1.Diagnosis FROM Patient AS T1 INNER JOIN Laboratory AS T2 ON T1.ID = T2.ID ORDER BY T2.HGB DESC LIMIT 1",False,False,False,717,40,1.2719395699999723,"SELECT T2.Birthday, T1.Diagnosis FROM Examination AS T1 INNER JOIN Patient AS T2 ON T1.ID = T2.ID ORDER BY T2.HGB DESC LIMIT 1",no such column: T2.HGB,,False,False,False,745,63,1.956724900999916,"SELECT STRFTIME('%Y', T1.`Examination Date`) - STRFTIME('%Y', T2.Birthday) AS Age, T2.Diagnosis FROM Laboratory AS T1 INNER JOIN Patient AS T2 ON T1.ID = T2.ID ORDER BY T1.HGB DESC LIMIT 1",no such column: T1.Examination Date,,True,False,False,717,39,2.6860633050000615,"SELECT T2.Birthday , T2.Description FROM Laboratory AS T1 INNER JOIN Patient AS T2 ON T1.ID = T2.ID ORDER BY T1.HGB DESC LIMIT 1",,,False,False,False,745,63,4.302233997000258,"SELECT STRFTIME('%Y', T1.`Examination Date`) - STRFTIME('%Y', T2.Birthday) AS age , T2.Diagnosis FROM Laboratory AS T1 INNER JOIN Patient AS T2 ON T1.ID = T2.ID ORDER BY T1.HGB DESC LIMIT 1",no such column: T1.Examination Date,,False,False,False,False,False,True,False,False,both_wrong,both_wrong,both_wrong,both_wrong
92,92,thrombosis_prediction,moderate,"For the patient who was diagnosed with SLE on 1994/2/19, what was his/her anti-Cardiolipin antibody concentration status on 1993/11/12?",diagnosed with SLE refers to Diagnosis = 'SLE'; 1994/2/19 refers to Description = '1994-02-19'; anti-Cardiolipin refers to aCL IgM; 1993/11/12 refers to Examination Date = '1993/11/12',"SELECT `aCL IgA`, `aCL IgG`, `aCL IgM` FROM Examination WHERE ID IN ( SELECT ID FROM Patient WHERE Diagnosis = 'SLE' AND Description = '1994-02-19' ) AND `Examination Date` = '1993-11-12'",True,False,False,737,94,2.917486912999948,"SELECT T1.`aCL IgG`, T1.`aCL IgM`, T1.`aCL IgA` FROM Examination AS T1 INNER JOIN Patient AS T2 ON T1.ID = T2.ID WHERE T2.Birthday = '1994-02-19' AND T1.`Examination Date` = '1993-11-12' AND T2.Diagnosis = 'SLE'",,,True,False,False,816,77,2.454959194000139,SELECT T2.`aCL IgM` FROM Patient AS T1 INNER JOIN Examination AS T2 ON T1.ID = T2.ID WHERE T1.Description = '1994-02-19' AND T2.`Examination Date` = '1993-11-12' AND T1.Diagnosis = 'SLE',,,True,False,False,737,84,5.721456792000026,"SELECT T2.`aCL IgG`, T2.`aCL IgM`, T2.`aCL IgA` FROM Patient AS T1 INNER JOIN Examination AS T2 ON T1.ID = T2.ID WHERE T1.Birthday = '1994-02-19' AND T2.`Examination Date` = '1993-11-12'",,,True,False,False,816,93,6.326614305000476,SELECT CASE WHEN T1.`aCL IgM` > 5 THEN 'Positive' ELSE 'Negative' END AS Status FROM Examination AS T1 INNER JOIN Patient AS T2 ON T1.ID = T2.ID WHERE T2.Description = '1994-02-19' AND T1.`Examination Date` = '1993-11-12' AND T2.Diagnosis = 'SLE',,,False,True,False,True,False,True,False,True,both_wrong,both_wrong,both_wrong,both_wrong
93,93,thrombosis_prediction,challenging,"For the patient who was born on 1959/2/18, what is the decrease rate for his/her total cholesterol from November to December in 1981?","born on 1959/2/18 refers to Birthday = '1959-02-18'; calculation = DIVISION(SUBTRACT(SUM(Birthday = '1959-02-18' and Date like '1981-11-%' THEN `T-CHO`), SUM(Birthday = '1959-02-18' and Date like '1981-12-%' THEN `T-CHO`)), SUM(Birthday = '1959-02-18' and Date like '1981-12-%' THEN `T-CHO`))",SELECT CAST((SUM(CASE WHEN T2.Date LIKE '1981-11-%' THEN T2.`T-CHO` ELSE 0 END) - SUM(CASE WHEN T2.Date LIKE '1981-12-%' THEN T2.`T-CHO` ELSE 0 END)) AS REAL) / SUM(CASE WHEN T2.Date LIKE '1981-12-%' THEN T2.`T-CHO` ELSE 0 END) FROM Patient AS T1 INNER JOIN Laboratory AS T2 ON T1.ID = T2.ID WHERE T1.Birthday = '1959-02-18',False,False,False,729,100,3.0712905830000636,"SELECT AVG(T2.`T-CHO`) - AVG(LAG(AVG(T2.`T-CHO`), 1) OVER ()) AS DecreaseRate FROM Patient AS T1 INNER JOIN Laboratory AS T2 ON T1.ID = T2.ID WHERE T1.Birthday = '1959-02-18' AND T2.Date BETWEEN '1981-11-01' AND '1981-12-31'",misuse of aggregate function AVG(),,True,True,False,871,175,5.4023374889998195,SELECT CAST((SUM(CASE WHEN T2.Date LIKE '1981-11-%' AND T1.Birthday = '1959-02-18' THEN T2.`T-CHO` ELSE 0 END) - SUM(CASE WHEN T2.Date LIKE '1981-12-%' AND T1.Birthday = '1959-02-18' THEN T2.`T-CHO` ELSE 0 END)) AS REAL) / SUM(CASE WHEN T2.Date LIKE '1981-12-%' AND T1.Birthday = '1959-02-18' THEN T2.`T-CHO` ELSE 0 END) FROM Patient AS T1 INNER JOIN Laboratory AS T2 ON T1.ID = T2.ID,,,True,False,False,729,164,11.152937958000166,"SELECT CAST((SUM(CASE WHEN SUBSTR(T2.Date, 6, 2) = '11' THEN T2.`T-CHO` ELSE 0 END) - SUM(CASE WHEN SUBSTR(T2.Date, 6, 2) = '12' THEN T2.`T-CHO` ELSE 0 END)) AS REAL) * 100 / SUM(CASE WHEN SUBSTR(T2.Date, 6, 2) = '11' THEN T2.`T-CHO` ELSE 0 END) FROM Patient AS T1 INNER JOIN Laboratory AS T2 ON T1.ID = T2.ID WHERE T1.Birthday = '1959-02-18' AND T2.Date LIKE '%/%/81'",,,True,False,False,871,177,12.054608179000752,SELECT CAST((SUM(CASE WHEN T2.Date LIKE '1981-11%' AND T1.Birthday = '1959-02-18' THEN T2.`T-CHO` ELSE 0 END) - SUM(CASE WHEN T2.Date LIKE '1981-12%' AND T1.Birthday = '1959-02-18' THEN T2.`T-CHO` ELSE 0 END)) AS REAL) * 100 / SUM(CASE WHEN T2.Date LIKE '1981-12%' AND T1.Birthday = '1959-02-18' THEN T2.`T-CHO` ELSE 0 END) FROM Patient AS T1 INNER JOIN Laboratory AS T2 ON T1.ID = T2.ID,,,False,False,True,True,False,True,False,True,improved,both_wrong,both_wrong,regressed
94,94,thrombosis_prediction,moderate,How many patients who were examined between 1987/7/6 and 1996/1/31 had a GPT level greater than 30 and an ALB level less than 4? List them by their ID.,examined between 1987/7/6 and 1996/1/31 refers to Date BETWEEN '1987-07-06' AND '1996-01-31'; GPT level greater than 30 refers to GPT > 30; ALB level less than 4 ALB < 4,SELECT DISTINCT ID FROM Laboratory WHERE Date BETWEEN '1987-07-06' AND '1996-01-31' AND GPT > 30 AND ALB < 4,True,False,False,743,72,2.1806155860000445,SELECT DISTINCT T1.ID FROM Laboratory AS T1 INNER JOIN Examination AS T2 ON T1.ID = T2.ID WHERE T1.Date BETWEEN '1987-07-06' AND '1996-01-31' AND T1.GPT > 30 AND T1.ALB < 4,,,True,True,False,823,58,1.8103541389998554,SELECT DISTINCT T1.ID FROM Laboratory AS T1 WHERE T1.Date BETWEEN '1987-07-06' AND '1996-01-31' AND T1.GPT > 30 AND T1.ALB < 4,,,True,False,False,743,72,4.931057664000036,SELECT DISTINCT T1.ID FROM Laboratory AS T1 INNER JOIN Examination AS T2 ON T1.ID = T2.ID WHERE T1.Date BETWEEN '1987-07-06' AND '1996-01-31' AND T1.GPT > 30 AND T1.ALB < 4,,,True,False,False,823,72,4.913770232999923,SELECT DISTINCT T1.ID FROM Laboratory AS T1 INNER JOIN Examination AS T2 ON T1.ID = T2.ID WHERE T1.Date BETWEEN '1987-07-06' AND '1996-01-31' AND T1.GPT > 30 AND T1.ALB < 4,,,False,True,True,True,False,True,False,True,improved,both_wrong,both_wrong,regressed
95,95,thrombosis_prediction,challenging,"What number of patients with a degree of thrombosis level 2 and ANA pattern of only S, have a level of anti-Cardiolip in antibody (IgM) 20% higher than average?","thrombosis level 2 refers to Thrombosis = 2; ANA pattern of only S refers to ANA = 'S'; average anti-Cardiolip in antibody (IgM) refers to AVG(`aCL IgM`); calculation = MULTIPLY(AVG + AVG, 0.2)",SELECT COUNT(*) FROM Examination WHERE Thrombosis = 2 AND `ANA Pattern` = 'S' AND `aCL IgM` > (SELECT AVG(`aCL IgM`) * 1.2 FROM Examination WHERE Thrombosis = 2 AND `ANA Pattern` = 'S'),True,False,False,736,77,2.394932744000016,SELECT COUNT(DISTINCT T1.ID) FROM Examination AS T1 INNER JOIN Laboratory AS T2 ON T1.ID = T2.ID WHERE T1.Thrombosis = 2 AND T1.`ANA Pattern` = 'S' AND T1.`aCL IgM` > ( SELECT AVG(`aCL IgM`) FROM Examination ) * 1.2,,,True,False,False,802,46,1.4529404160000468,SELECT COUNT(*) FROM Examination WHERE Thrombosis = 2 AND ANA = 'S' AND `aCL IgM` > ( SELECT AVG(`aCL IgM`) * 1.2 FROM Examination ),,,True,False,False,736,72,4.888621854000121,SELECT COUNT(T1.ID) FROM Examination AS T1 INNER JOIN Laboratory AS T2 ON T1.ID = T2.ID WHERE T1.ANA = 2 AND T1.`ANA Pattern` = 'S' AND T1.`aCL IgM` > ( SELECT AVG(`aCL IgM`) FROM Examination ) * 1.2,,,True,False,False,802,72,4.925717330000225,SELECT COUNT(T1.ID) FROM Examination AS T1 INNER JOIN Laboratory AS T2 ON T1.ID = T2.ID WHERE T1.Thrombosis = 2 AND T1.ANA = 'S' AND T1.`aCL IgM` > ( SELECT AVG(`aCL IgM`) * 1.2 FROM Examination ),,,False,True,False,True,False,True,False,True,both_wrong,both_wrong,both_wrong,both_wrong
96,96,thrombosis_prediction,challenging,List all patients who were followed up at the outpatient clinic who underwent a laboratory test in October 1991 and had a total blood bilirubin level within the normal range.,followed up at the outpatient clinic refers to Admission = '-'; laboratory test in April 1981 refers to Date like '1991-10%'; blood bilirubin level within the normal range refers to T-BIL < 2.0; ,SELECT DISTINCT T1.ID FROM Patient AS T1 INNER JOIN Laboratory AS T2 ON T1.ID = T2.ID WHERE T1.Admission = '-' AND T2.`T-BIL` < 2.0 AND T2.Date LIKE '1991-10-%',True,False,False,728,48,1.5047086949999766,SELECT DISTINCT P.ID FROM Patient AS P JOIN Laboratory AS L ON P.ID = L.ID WHERE L.Date LIKE '1991-10-%' AND L.`T-BIL` BETWEEN 0 AND 1.2,,,True,True,False,783,51,1.5983267770000111,SELECT DISTINCT P.ID FROM Patient AS P INNER JOIN Laboratory AS L ON P.ID = L.ID WHERE P.Admission = '-' AND L.Date LIKE '1991-10%' AND L.`T-BIL` < 2.0,,,True,False,False,728,79,5.435841203999644,"SELECT DISTINCT T1.ID FROM Laboratory AS T1 INNER JOIN Patient AS T2 ON T1.ID = T2.ID WHERE SUBSTR(T1.Date, 6, 2) = '10' AND SUBSTR(T1.Date, 1, 4) = '1991' AND T1.`T-BIL` BETWEEN 0 AND 1.5",,,True,True,False,783,59,4.0550377970002955,SELECT DISTINCT T1.ID FROM Laboratory AS T1 INNER JOIN Patient AS T2 ON T1.ID = T2.ID WHERE T2.Admission = '-' AND T1.Date LIKE '1991-10%' AND T1.`T-BIL` < 2.0,,,False,True,True,True,False,True,True,True,improved,improved,both_wrong,both_correct
97,97,thrombosis_prediction,moderate,What is the average blood albumin level for female patients with a PLT greater than 400 who have been diagnosed with SLE?,average blood albumin level refers to AVG(ALB); female refers to SEX = 'F'; PLT greater than 400 refers to PLT > 400; diagnosed with SLE refers to Diagnosis= 'SLE',SELECT AVG(T2.ALB) FROM Patient AS T1 INNER JOIN Laboratory AS T2 ON T1.ID = T2.ID WHERE T2.PLT > 400 AND T1.Diagnosis = 'SLE' AND T1.SEX = 'F',True,True,False,719,56,1.7140085179999005,SELECT AVG(T2.ALB) FROM Patient AS T1 INNER JOIN Laboratory AS T2 ON T1.ID = T2.ID WHERE T1.SEX = 'F' AND T2.PLT > 400 AND T1.Diagnosis = 'SLE',,,True,True,False,766,56,1.7636602620000303,SELECT AVG(T2.ALB) FROM Patient AS T1 INNER JOIN Laboratory AS T2 ON T1.ID = T2.ID WHERE T1.SEX = 'F' AND T2.PLT > 400 AND T1.Diagnosis = 'SLE',,,True,True,False,719,56,3.864339342999756,SELECT AVG(T2.ALB) FROM Patient AS T1 INNER JOIN Laboratory AS T2 ON T1.ID = T2.ID WHERE T1.SEX = 'F' AND T2.PLT > 400 AND T1.Diagnosis = 'SLE',,,True,True,False,766,56,3.8309749850004664,SELECT AVG(T2.ALB) FROM Patient AS T1 INNER JOIN Laboratory AS T2 ON T1.ID = T2.ID WHERE T1.SEX = 'F' AND T2.PLT > 400 AND T1.Diagnosis = 'SLE',,,True,True,True,True,True,True,True,True,both_correct,both_correct,both_correct,both_correct
98,98,thrombosis_prediction,simple,How many female patients were given an APS diagnosis?,female refers to SEX = 'F'; APS diagnosis refers to Diagnosis='APS',SELECT COUNT(ID) FROM Patient WHERE SEX = 'F' AND Diagnosis = 'APS',True,True,True,700,19,0.6044839269999329,SELECT COUNT(ID) FROM Patient WHERE SEX = 'F' AND Diagnosis = 'APS',,,True,True,True,714,19,0.6389010909999797,SELECT COUNT(ID) FROM Patient WHERE SEX = 'F' AND Diagnosis = 'APS',,,True,False,False,700,44,3.006984929000282,SELECT COUNT(T1.ID) FROM Patient AS T1 INNER JOIN Examination AS T2 ON T1.ID = T2.ID WHERE T1.SEX = 'F' AND T2.Diagnosis = 'APS',,,True,True,False,714,19,1.3432093559995337,SELECT COUNT(ID) FROM Patient WHERE Diagnosis = 'APS' AND SEX = 'F',,,True,True,True,True,False,True,True,True,both_correct,improved,regressed,both_correct
99,99,thrombosis_prediction,moderate,What percentage of patients who were born in 1980 and were diagnosed with RA are women?,"born in 1980 refers to YEAR(BIRTHDAY) = '1980'; 'RA' refers to Diagnosis='RA' ; women refers to SEX = 'F'; calculation = DIVIDE(SUM(SEX = 'F'), COUNT(SEX)) * 100","SELECT CAST(SUM(CASE WHEN SEX = 'F' THEN 1 ELSE 0 END) AS REAL) * 100 / COUNT(ID) FROM Patient WHERE Diagnosis = 'RA' AND STRFTIME('%Y', Birthday) = '1980'",True,False,False,711,85,2.611633569999981,"SELECT CAST(SUM(CASE WHEN T1.SEX = 'F' THEN 1 ELSE 0 END) AS REAL) * 100 / COUNT(T1.ID) FROM Patient AS T1 INNER JOIN Examination AS T2 ON T1.ID = T2.ID WHERE STRFTIME('%Y', T1.Birthday) = '1980' AND T2.Diagnosis = 'RA'",,,True,True,False,770,57,1.836369280000099,"SELECT CAST(SUM(CASE WHEN SEX = 'F' THEN 1 ELSE 0 END) AS REAL) * 100 / COUNT(ID) FROM Patient WHERE STRFTIME('%Y', Birthday) = '1980' AND Diagnosis = 'RA'",,,True,False,False,711,85,5.796342026000275,"SELECT CAST(SUM(CASE WHEN T1.SEX = 'F' THEN 1 ELSE 0 END) AS REAL) * 100 / COUNT(T1.ID) FROM Patient AS T1 INNER JOIN Laboratory AS T2 ON T1.ID = T2.ID WHERE STRFTIME('%Y', T1.Birthday) = '1980' AND T2.RA = 'RA'",,,True,False,False,770,84,5.7198971590005385,"SELECT CAST(COUNT(CASE WHEN T1.SEX = 'F' THEN 1 ELSE NULL END) AS REAL) * 100 / COUNT(T1.ID) FROM Patient AS T1 INNER JOIN Examination AS T2 ON T1.ID = T2.ID WHERE STRFTIME('%Y', T1.Birthday) = '1980' AND T2.Diagnosis = 'RA'",,,False,True,True,True,False,True,False,True,improved,both_wrong,both_wrong,regressed
100,100,thrombosis_prediction,moderate,Was the patient with the number 57266's uric acid within a normal range?,uric acid within a normal range refers to UA > 8.0 and SEX = 'M'OR UA > 6.5 and SEX = 'F',SELECT CASE WHEN (T1.SEX = 'F' AND T2.UA > 6.5) OR (T1.SEX = 'M' AND T2.UA > 8.0) THEN true ELSE false END FROM Patient AS T1 INNER JOIN Laboratory AS T2 ON T1.ID = T2.ID WHERE T1.ID = 57266,True,False,False,711,41,1.2906189269999686,SELECT CASE WHEN UA BETWEEN 3.4 AND 7 THEN 'Normal' ELSE 'Abnormal' END AS Uric_Acid_Range FROM Laboratory WHERE ID = 57266,,,False,False,False,743,50,1.579704227000093,SELECT CASE WHEN UA > 8 AND SEX = 'M' OR UA > 6.5 AND SEX = 'F' THEN 'Yes' ELSE 'No' END AS NormalRange FROM Laboratory WHERE ID = 57266,no such column: SEX,,True,False,False,711,36,2.493712621999748,SELECT CASE WHEN UA BETWEEN 200 AND 400 THEN 'Normal' ELSE 'Abnormal' END FROM Laboratory WHERE ID = 57266,,,True,False,False,743,80,5.495508895000057,SELECT CASE WHEN T2.UA > 8 AND T1.SEX = 'M' OR T2.UA > 6.5 AND T1.SEX = 'F' THEN 'YES' ELSE 'NO' END AS result FROM Patient AS T1 INNER JOIN Laboratory AS T2 ON T1.ID = T2.ID WHERE T1.ID = 57266,,,False,True,False,False,False,True,False,True,both_wrong,both_wrong,both_wrong,both_wrong
101,101,thrombosis_prediction,moderate,Provide IDs for male patients with ALT glutamic pylvic transaminase (GPT) that have history of ALT glutamic pylvic transaminase (GPT) exceed the normal range.,male refers to SEX = 'M'; ALT glutamic pylvic transaminase (GPT) exceed the normal range refers to GPT > = 60,SELECT DISTINCT T1.ID FROM Patient AS T1 INNER JOIN Laboratory AS T2 ON T1.ID = T2.ID WHERE T1.SEX = 'M' AND T2.GPT >= 60,True,False,False,731,49,1.5152118960000962,SELECT DISTINCT T1.ID FROM Patient AS T1 INNER JOIN Laboratory AS T2 ON T1.ID = T2.ID WHERE T1.SEX = 'Male' AND T2.GPT > ( SELECT AVG(GPT) FROM Laboratory ),,,True,True,False,764,43,1.3469887250000738,SELECT DISTINCT T1.ID FROM Laboratory AS T1 INNER JOIN Patient AS T2 ON T1.ID = T2.ID WHERE T2.SEX = 'M' AND T1.GPT >= 60,,,True,False,False,731,43,2.944373687999814,SELECT DISTINCT T1.ID FROM Laboratory AS T1 INNER JOIN Patient AS T2 ON T1.ID = T2.ID WHERE T2.SEX = 'Male' AND T1.GPT > 50,,,True,True,False,764,43,2.9553255210003044,SELECT DISTINCT T1.ID FROM Laboratory AS T1 INNER JOIN Patient AS T2 ON T1.ID = T2.ID WHERE T2.SEX = 'M' AND T1.GPT >= 60,,,False,True,True,True,False,True,True,True,improved,improved,both_wrong,both_correct
102,102,thrombosis_prediction,moderate,Please provide the diagnosis of patients with ALT glutamic pylvic transaminase beyond the normal range by ascending order of their date of birth.,"ALT glutamic pylvic transaminase beyond the normal range refers to GPT > 60; The larger the birthday value, the younger the person is, and vice versa; ",SELECT DISTINCT T1.Diagnosis FROM Patient AS T1 INNER JOIN Laboratory AS T2 ON T1.ID = T2.ID WHERE T2.GPT > 60 ORDER BY T1.Birthday ASC,False,False,False,719,42,1.3037539089999655,SELECT DISTINCT T2.Diagnosis FROM Laboratory AS T1 INNER JOIN Patient AS T2 ON T1.ID = T2.ID WHERE T1.ALAT > 40 ORDER BY T2.Birthday ASC,no such column: T1.ALAT,,True,True,False,755,42,1.3150600709998344,SELECT DISTINCT T2.Diagnosis FROM Laboratory AS T1 INNER JOIN Patient AS T2 ON T1.ID = T2.ID WHERE T1.GPT > 60 ORDER BY T2.Birthday ASC,,,False,False,False,719,42,2.897726812000201,SELECT DISTINCT T2.Diagnosis FROM Laboratory AS T1 INNER JOIN Patient AS T2 ON T1.ID = T2.ID WHERE T1.ALAT > 60 ORDER BY T2.Birthday ASC,no such column: T1.ALAT,,True,True,False,755,42,2.8847382110006947,SELECT DISTINCT T2.Diagnosis FROM Laboratory AS T1 INNER JOIN Patient AS T2 ON T1.ID = T2.ID WHERE T1.GPT > 60 ORDER BY T2.Birthday ASC,,,False,False,True,True,False,False,True,True,improved,improved,both_wrong,both_correct
103,103,thrombosis_prediction,simple,"Provide all ID, sex and birthday of patients whose urea nitrogen (UN) just within the borderline of passing?",urea nitrogen (UN) just within the borderline of passing refers to UN = 29; ,"SELECT DISTINCT T1.ID, T1.SEX, T1.Birthday FROM Patient AS T1 INNER JOIN Laboratory AS T2 ON T1.ID = T2.ID WHERE T2.UN = 29",True,False,False,713,44,1.4265352979999761,"SELECT T1.ID, T1.SEX, T1.Birthday FROM Patient AS T1 INNER JOIN Laboratory AS T2 ON T1.ID = T2.ID WHERE T2.UN BETWEEN 6 AND 8",,,True,True,True,731,43,1.354399014999899,"SELECT DISTINCT T1.ID, T1.SEX, T1.Birthday FROM Patient AS T1 INNER JOIN Laboratory AS T2 ON T1.ID = T2.ID WHERE T2.UN = 29",,,True,False,False,713,45,3.083858002999932,"SELECT DISTINCT T1.ID, T1.SEX, T1.Birthday FROM Patient AS T1 INNER JOIN Laboratory AS T2 ON T1.ID = T2.ID WHERE T2.UN BETWEEN 6 AND 8",,,True,True,True,731,43,2.959849892999955,"SELECT DISTINCT T1.ID, T1.SEX, T1.Birthday FROM Patient AS T1 INNER JOIN Laboratory AS T2 ON T1.ID = T2.ID WHERE T2.UN = 29",,,False,True,True,True,False,True,True,True,improved,improved,both_wrong,both_correct
104,104,thrombosis_prediction,moderate,List and group all patients by sex for total bilirubin (T-BIL) level not within the normal range.,List refers to GROUP_CONCAT(DISTINCT ID); total bilirubin (T-BIL) not within normal range refers to T-BIL > = 2.0,"SELECT T1.ID,T1.SEX FROM Patient AS T1 INNER JOIN Laboratory AS T2 ON T1.ID = T2.ID WHERE T2.`T-BIL` >= 2.0 GROUP BY T1.SEX,T1.ID",True,False,False,715,70,2.195891833000019,"SELECT T1.SEX, SUM(T2.`T-BIL`) AS TotalTBIL FROM Patient AS T1 INNER JOIN Laboratory AS T2 ON T1.ID = T2.ID WHERE T2.`T-BIL` < 0.6 OR T2.`T-BIL` > 1.2 GROUP BY T1.SEX",,,True,False,False,750,67,2.084291516000121,"SELECT DISTINCT CASE WHEN T1.SEX = 'Male' THEN 'Male' ELSE 'Female' END AS Gender, GROUP_CONCAT(DISTINCT T1.ID) FROM Patient AS T1 INNER JOIN Laboratory AS T2 ON T1.ID = T2.ID WHERE T2.`T-BIL` >= 2.0",,,True,False,False,715,54,3.7226575619997675,SELECT T1.SEX FROM Patient AS T1 INNER JOIN Laboratory AS T2 ON T1.ID = T2.ID WHERE T2.`T-BIL` < 6 OR T2.`T-BIL` > 19 GROUP BY T1.SEX,,,True,False,False,750,70,4.810751926000194,"SELECT DISTINCT CASE WHEN T1.SEX = 'F' THEN T1.ID END AS F , CASE WHEN T1.SEX = 'M' THEN T1.ID END AS M FROM Patient AS T1 INNER JOIN Laboratory AS T2 ON T1.ID = T2.ID WHERE T2.`T-BIL` >= 2.0",,,False,True,False,True,False,True,False,True,both_wrong,both_wrong,both_wrong,both_wrong
105,105,thrombosis_prediction,moderate,What is the average age of the male patient with high cholesterol?,"average age = DIVIDE(SUM(SUBTRACT(YEAR(NOW()), YEAR(birthday))), COUNT(ID)); male patient refers to sex = 'M'; high cholesterol refers to `T-CHO` > = 250;","SELECT AVG(STRFTIME('%Y', date('NOW')) - STRFTIME('%Y', T1.Birthday)) FROM Patient AS T1 INNER JOIN Laboratory AS T2 ON T1.ID = T2.ID WHERE T2.`T-CHO` >= 250 AND T1.SEX = 'M'",False,False,False,703,71,2.2107590659999232,SELECT AVG(JULIANDAY(T1.`First Date`) - JULIANDAY(T1.Birthday)) / 365 AS AverageAge FROM Patient AS T1 INNER JOIN Laboratory AS T2 ON T1.ID = T2.ID WHERE T1.SEX = 'Male' AND T2.T_cho > 200,no such column: T2.T_cho,,True,False,False,748,53,1.64118669100003,"SELECT AVG(STRFTIME('%Y', 'now') - STRFTIME('%Y', Birthday)) AS AverageAge FROM Patient WHERE ID IN ( SELECT ID FROM Laboratory WHERE `T-CHO` >= 250 ) AND SEX = 'M'",,,True,False,False,703,50,3.4672952720002286,"SELECT AVG(STRFTIME('%Y', CURRENT_TIMESTAMP) - STRFTIME('%Y', Birthday)) FROM Patient WHERE ID IN ( SELECT ID FROM Laboratory WHERE `T-CHO` > 5.6 ) AND SEX = '男'",,,False,False,False,748,74,5.1351646619996245,"SELECT CAST(SUM(STRFTIME('%Y', CURRENT_TIMESTAMP) - STRFTIME('%Y', Birthday))) AS REAL) / COUNT(T1.ID) FROM Patient AS T1 INNER JOIN Laboratory AS T2 ON T1.ID = T2.ID WHERE T1.SEX = 'M' AND T2.`T-CHO` >= 250","near "")"": syntax error",,False,False,False,True,False,True,False,False,both_wrong,both_wrong,both_wrong,both_wrong
106,106,thrombosis_prediction,moderate,"For all patients with triglyceride (TG) level beyond the normal range, how many are age more than 50 years?","triglyceride (TG) level beyond the normal range refers to TG > = 200; more than 50 years of age = SUBTRACT(year(current_timestamp), year(Birthday)) > 50; Should consider DISTINCT in the final result;","SELECT COUNT(DISTINCT T1.ID) FROM Patient AS T1 INNER JOIN Laboratory AS T2 ON T1.ID = T2.ID WHERE T2.TG >= 200 AND STRFTIME('%Y', CURRENT_TIMESTAMP) - STRFTIME('%Y', T1.Birthday) > 50",True,False,False,717,61,1.8865249049999875,"SELECT COUNT(DISTINCT T1.ID) FROM Laboratory AS T1 INNER JOIN Patient AS T2 ON T1.ID = T2.ID WHERE T1.TG > 150 AND strftime('%Y', 'now') - strftime('%Y', T2.Birthday) > 50",,,True,True,False,769,61,1.9996431749998465,"SELECT COUNT(DISTINCT T1.ID) FROM Laboratory AS T1 INNER JOIN Patient AS T2 ON T1.ID = T2.ID WHERE T1.TG >= 200 AND strftime('%Y', 'now') - strftime('%Y', T2.Birthday) > 50",,,True,False,False,717,61,4.185991260999799,"SELECT COUNT(T1.ID) FROM Laboratory AS T1 INNER JOIN Patient AS T2 ON T1.ID = T2.ID WHERE T1.TG > 150 AND strftime('%Y', T2.Birthday) - strftime('%Y', T2.`First Date`) > 50",,,True,True,False,769,65,4.495618934000049,"SELECT COUNT(DISTINCT T1.ID) FROM Laboratory AS T1 INNER JOIN Patient AS T2 ON T1.ID = T2.ID WHERE STRFTIME('%Y', CURRENT_TIMESTAMP) - STRFTIME('%Y', T2.Birthday) > 50 AND T1.TG >= 200",,,False,True,True,True,False,True,True,True,improved,improved,both_wrong,both_correct
107,107,thrombosis_prediction,challenging,"For patient born between 1936-1956, how many male patients have creatinine phosphokinase beyond the normal range?",born between 1936-1956 refers to year(Birthday) BETWEEN '1936' AND '1956'; male patients refers to sex = 'M'; creatinine phosphokinase beyond the normal range refers to CPK > = 250; Should consider DISTINCT in the final result;,"SELECT COUNT(DISTINCT T1.ID) FROM Patient AS T1 INNER JOIN Laboratory AS T2 ON T1.ID = T2.ID WHERE STRFTIME('%Y', T1.Birthday) BETWEEN '1936' AND '1956' AND T1.SEX = 'M' AND T2.CPK >= 250",True,False,False,720,76,2.349643525000033,SELECT COUNT(T1.ID) FROM Patient AS T1 INNER JOIN Laboratory AS T2 ON T1.ID = T2.ID WHERE T1.Birthday BETWEEN '1936-01-01' AND '1956-12-31' AND T1.SEX = 'Male' AND T2.CPK > 180,,,True,True,True,787,74,2.35605664600007,"SELECT COUNT(DISTINCT T1.ID) FROM Patient AS T1 INNER JOIN Laboratory AS T2 ON T1.ID = T2.ID WHERE STRFTIME('%Y', T1.Birthday) BETWEEN '1936' AND '1956' AND T1.SEX = 'M' AND T2.CPK >= 250",,,True,False,False,720,76,5.180565067999851,SELECT COUNT(T1.ID) FROM Laboratory AS T1 INNER JOIN Patient AS T2 ON T1.ID = T2.ID WHERE T2.Birthday BETWEEN '1936-01-01' AND '1956-12-31' AND T2.SEX = 'Male' AND T1.CPK > 180,,,True,True,False,787,74,5.094309307000003,"SELECT COUNT(DISTINCT T1.ID) FROM Laboratory AS T1 INNER JOIN Patient AS T2 ON T1.ID = T2.ID WHERE STRFTIME('%Y', T2.Birthday) BETWEEN '1936' AND '1956' AND T2.SEX = 'M' AND T1.CPK >= 250",,,False,True,True,True,False,True,True,True,improved,improved,both_wrong,both_correct
108,108,thrombosis_prediction,challenging,"Provide ID, sex and age of patient who has blood glucose (GLU) not within normal range but with total cholesterol(T-CHO) within normal range.","age = SUBTRACT(year(current_timestamp), year(Birthday)); blood glucose (GLU) not within normal range refers to GLU > = 180; total cholesterol(T-CHO) within normal range refers to `T-CHO` < 250; ","SELECT DISTINCT T1.ID, T1.SEX , STRFTIME('%Y', CURRENT_TIMESTAMP) - STRFTIME('%Y', T1.Birthday) FROM Patient AS T1 INNER JOIN Laboratory AS T2 ON T1.ID = T2.ID WHERE T2.GLU >= 180 AND T2.`T-CHO` < 250",False,False,False,722,82,2.512780748999944,"SELECT DISTINCT T1.ID, T1.SEX, julianday('now') - julianday(T1.Birthday) AS Age FROM Patient AS T1 INNER JOIN Laboratory AS T2 ON T1.ID = T2.ID WHERE T2.GLU NOT BETWEEN 3.9 AND 6.1 AND T2.T_cho BETWEEN 5.2 AND 200",no such column: T2.T_cho,,True,True,False,775,77,2.3892858059998616,"SELECT DISTINCT T1.ID, T1.SEX, STRFTIME('%Y', CURRENT_TIMESTAMP) - STRFTIME('%Y', T1.Birthday) AS age FROM Patient AS T1 INNER JOIN Laboratory AS T2 ON T1.ID = T2.ID WHERE T2.GLU >= 180 AND T2.`T-CHO` < 250",,,False,False,False,722,77,5.2428859779997765,"SELECT DISTINCT T1.ID, T1.SEX ,strftime('%Y', 'now') - strftime('%Y', T1.Birthday) AS age FROM Patient AS T1 INNER JOIN Laboratory AS T2 ON T1.ID = T2.ID WHERE T2.GLU < 6.1 AND T2.T_cho BETWEEN 5.2 AND 19.8",no such column: T2.T_cho,,True,True,False,775,73,5.002925331999904,"SELECT DISTINCT T1.ID, T1.SEX , strftime('%Y', 'now') - strftime('%Y', T1.Birthday) AS age FROM Patient AS T1 INNER JOIN Laboratory AS T2 ON T1.ID = T2.ID WHERE T2.GLU >= 180 AND T2.`T-CHO` < 250",,,False,False,True,True,False,False,True,True,improved,improved,both_wrong,both_correct
109,109,thrombosis_prediction,moderate,What are the patient's diagnosis for those who has lower red blood blood cell? State their ID and age.,"patient's diagnosis refers to Diagnosis; lower red blood cell refers to RBC < 3.5; age = SUBTRACT(year(current_timestamp), year(Birthday)); ","SELECT DISTINCT T1.Diagnosis, T1.ID , STRFTIME('%Y', CURRENT_TIMESTAMP) -STRFTIME('%Y', T1.Birthday) FROM Patient AS T1 INNER JOIN Laboratory AS T2 ON T1.ID = T2.ID WHERE T2.RBC < 3.5",True,False,False,712,36,1.1603231079999432,"SELECT P.ID, P.Birthday FROM Patient AS P JOIN Laboratory AS L ON P.ID = L.ID WHERE L.RBC < ( SELECT AVG(RBC) FROM Laboratory )",,,True,False,False,743,59,1.8496880899999724,"SELECT T1.ID, strftime('%Y', 'now') - strftime('%Y', T1.Birthday) AS Age, T1.Diagnosis FROM Patient AS T1 INNER JOIN Laboratory AS T2 ON T1.ID = T2.ID WHERE T2.RBC < 3.5",,,True,False,False,712,55,3.7716279719998056,"SELECT DISTINCT T1.ID , strftime('%Y', 'now') - strftime('%Y', T1.Birthday) AS age FROM Patient AS T1 INNER JOIN Laboratory AS T2 ON T1.ID = T2.ID WHERE T2.RBC < 4.5",,,True,False,False,743,55,3.7739393880001444,"SELECT DISTINCT T1.ID , strftime('%Y', 'now') - strftime('%Y', T1.Birthday) AS age FROM Patient AS T1 INNER JOIN Laboratory AS T2 ON T1.ID = T2.ID WHERE T2.RBC < 3.5",,,False,True,False,True,False,True,False,True,both_wrong,both_wrong,both_wrong,both_wrong
110,110,thrombosis_prediction,moderate,"Among the patients who were diagnosed with SLE, who is the oldest with normal hemoglobin level. Provide the ID and sex.","diagnosed with SLE refers to Diagnosis = 'SLE'; The larger the birthday value, the younger the person is, and vice versa; normal hemoglobin level refers to 10 < HGB < 17;","SELECT T1.ID, T1.SEX FROM Patient AS T1 INNER JOIN Laboratory AS T2 ON T1.ID = T2.ID WHERE T1.Diagnosis = 'SLE' AND T2.HGB > 10 AND T2.HGB < 17 ORDER BY T1.Birthday ASC LIMIT 1",False,False,False,716,57,1.8088528550000547,"SELECT T1.ID, T1.SEX FROM Patient AS T1 INNER JOIN Examination AS T2 ON T1.ID = T2.ID WHERE T1.Diagnosis = 'SLE' AND T1.HGB IS NOT NULL ORDER BY T1.Birthday ASC LIMIT 1",no such column: T1.HGB,,True,True,False,761,62,1.9204123219999474,"SELECT T1.ID, T1.SEX FROM Patient AS T1 INNER JOIN Laboratory AS T2 ON T1.ID = T2.ID WHERE T1.Diagnosis = 'SLE' AND T2.HGB BETWEEN 10 AND 17 ORDER BY T1.Birthday ASC LIMIT 1",,,True,False,False,716,58,3.96104335300015,"SELECT T1.ID, T1.SEX FROM Patient AS T1 INNER JOIN Laboratory AS T2 ON T1.ID = T2.ID WHERE T1.Diagnosis = 'SLE' AND T2.HGB > 130 ORDER BY T1.Birthday LIMIT 1",,,True,True,False,761,61,4.182188499999938,"SELECT T1.ID, T1.SEX FROM Patient AS T1 INNER JOIN Laboratory AS T2 ON T1.ID = T2.ID WHERE T1.Diagnosis = 'SLE' AND T2.HGB BETWEEN 10 AND 17 ORDER BY T1.Birthday LIMIT 1",,,False,False,True,True,False,True,True,True,improved,improved,both_wrong,both_correct
111,111,thrombosis_prediction,challenging,Name the ID and age of patient with two or more laboratory examinations which show their hematoclit level exceeded the normal range.,"age = SUBTRACT(year(current_timestamp), year(Birthday)); patient with two or more laboratory examinations refers to COUNT(ID) > 2; hematoclit level exceeded the normal range refers to HCT > = 52;","SELECT DISTINCT T1.ID, STRFTIME('%Y', CURRENT_TIMESTAMP) - STRFTIME('%Y', T1.Birthday) FROM Patient AS T1 INNER JOIN Laboratory AS T2 ON T1.ID = T2.ID WHERE T1.ID IN ( SELECT ID FROM Laboratory WHERE HCT >= 52 GROUP BY ID HAVING COUNT(ID) >= 2 )",True,False,False,715,62,1.9210157210000034,"SELECT P.ID, JULIANDAY('now') - JULIANDAY(P.Birthday) / 365 AS Age FROM Patient P JOIN Laboratory L ON P.ID = L.ID WHERE L.HCT > 48 GROUP BY P.ID HAVING COUNT(L.ID) >= 2",,,True,False,False,759,69,2.143745837000097,"SELECT DISTINCT T1.ID, strftime('%Y', 'now') - strftime('%Y', T1.Birthday) AS Age FROM Patient AS T1 INNER JOIN Laboratory AS T2 ON T1.ID = T2.ID WHERE T2.HCT >= 52 GROUP BY T1.ID HAVING COUNT(T2.ID) > 2",,,True,False,False,715,69,4.704528631999892,"SELECT DISTINCT T1.ID , strftime('%Y', 'now') - strftime('%Y', T1.Birthday) AS age FROM Patient AS T1 INNER JOIN Laboratory AS T2 ON T1.ID = T2.ID WHERE T2.HCT > 45 GROUP BY T1.ID HAVING COUNT(T2.Date) >= 2",,,True,False,False,759,69,4.742580432999603,"SELECT DISTINCT T1.ID , strftime('%Y', 'now') - strftime('%Y', T1.Birthday) AS age FROM Patient AS T1 INNER JOIN Laboratory AS T2 ON T1.ID = T2.ID WHERE T2.HCT >= 52 GROUP BY T1.ID HAVING COUNT(T1.ID) > 2",,,False,True,False,True,False,True,False,True,both_wrong,both_wrong,both_wrong,both_wrong
112,112,thrombosis_prediction,challenging,"For patients with abnormal platelet level, state the number of patients with lower than normal range. How is it compare to the number of patients with higher than normal range?","abnormal platelet level refers to PLT <= 100 or PLT >= 400; platelet level lower than normal range refers to PLT < 100; calculation = SUBTRACT(SUM(PLT < 100), SUM(PLT > 400)); platelet level higher than normal range refers to PLT > 400;",SELECT SUM(CASE WHEN T2.PLT <= 100 THEN 1 ELSE 0 END) - SUM(CASE WHEN T2.PLT >= 400 THEN 1 ELSE 0 END) FROM Patient AS T1 INNER JOIN Laboratory AS T2 ON T1.ID = T2.ID,True,False,False,724,63,1.956106216999956,"SELECT SUM(CASE WHEN PLT < ( SELECT AVG(PLT) FROM Laboratory ) THEN 1 ELSE 0 END) AS LowerThanNormal, SUM(CASE WHEN PLT > ( SELECT AVG(PLT) FROM Laboratory ) THEN 1 ELSE 0 END) AS HigherThanNormal FROM Laboratory",,,True,False,False,804,61,1.9994913349999024,SELECT SUM(CASE WHEN PLT < 100 THEN 1 ELSE 0 END) - SUM(CASE WHEN PLT > 400 THEN 1 ELSE 0 END) AS difference FROM Laboratory WHERE PLT <= 100 OR PLT >= 400,,,True,False,False,724,45,3.1053588240001773,"SELECT SUM(CASE WHEN PLT < 150 THEN 1 ELSE 0 END), SUM(CASE WHEN PLT > 450 THEN 1 ELSE 0 END) FROM Laboratory GROUP BY ID",,,True,False,False,804,86,5.908428435999667,SELECT SUM(CASE WHEN T1.PLT < 100 THEN 1 ELSE 0 END) - SUM(CASE WHEN T1.PLT > 400 THEN 1 ELSE 0 END) AS DIFF FROM Laboratory AS T1 INNER JOIN Patient AS T2 ON T1.ID = T2.ID WHERE T1.PLT <= 100 OR T1.PLT >= 400,,,False,True,False,True,False,True,False,True,both_wrong,both_wrong,both_wrong,both_wrong
113,113,thrombosis_prediction,challenging,"For laboratory examinations take in 1984, list all patients below 50 years old with normal platelet level.","laboratory examinations take in 1984 refers to YEAR(Date) = '1984'; below 50 years old = SUBTRACT(year(current_timestamp), year(Birthday)) < 50; normal platelet level refers to PLT between 100 and 400; ","SELECT DISTINCT T1.ID FROM Patient AS T1 INNER JOIN Laboratory AS T2 ON T1.ID = T2.ID WHERE T2.PLT BETWEEN 100 AND 400 AND STRFTIME('%Y', T2.Date) - STRFTIME('%Y', T1.Birthday) < 50 AND STRFTIME('%Y', T2.Date) = '1984'",True,False,False,716,69,2.1312070879999965,"SELECT DISTINCT P.ID FROM Patient AS P INNER JOIN Laboratory AS L ON P.ID = L.ID WHERE strftime('%Y', L.Date) = '1984' AND P.Birthday > date('now','-50 year') AND L.PLT IS NOT NULL AND L.PLT BETWEEN 150 AND 450",,,True,False,False,778,85,2.6896720239999468,"SELECT DISTINCT T1.ID FROM Laboratory AS T1 INNER JOIN Patient AS T2 ON T1.ID = T2.ID WHERE STRFTIME('%Y', T1.Date) = '1984' AND (STRFTIME('%Y', 'now') - STRFTIME('%Y', T2.Birthday)) < 50 AND T1.PLT BETWEEN 100 AND 400",,,True,False,False,716,65,4.437306915000136,"SELECT DISTINCT T1.ID FROM Laboratory AS T1 INNER JOIN Patient AS T2 ON T1.ID = T2.ID WHERE strftime('%Y', T1.Date) = '1984' AND T2.Birthday IS NOT NULL AND T2.Birthday != '' AND T1.PLT < 50",,,True,False,False,778,80,5.478182382000341,"SELECT DISTINCT T1.ID FROM Laboratory AS T1 INNER JOIN Patient AS T2 ON T1.ID = T2.ID WHERE STRFTIME('%Y', T1.Date) = '1984' AND strftime('%Y', 'now') - strftime('%Y', T2.Birthday) < 50 AND T1.PLT BETWEEN 100 AND 400",,,False,True,False,True,False,True,False,True,both_wrong,both_wrong,both_wrong,both_wrong
114,114,thrombosis_prediction,challenging,"For all patients who are older than 55 years old, what is the percentage of female who has abnormal prothrombin time (PT)?","older than 55 years old = SUBTRACT(year(current_timestamp), year(Birthday)) > 55; abnormal prothrombin time (PT) refers to PT > = 14; percentage = DIVIDE(SUM(PT > = 14 AND SEX = 'F'), SUM(PT > = 14)) * 100; female refers to sex = 'F'; ","SELECT CAST(SUM(CASE WHEN T2.PT >= 14 AND T1.SEX = 'F' THEN 1 ELSE 0 END) AS REAL) * 100 / COUNT(CASE WHEN T2.PT >= 14 THEN 1 ELSE 0 END) FROM Patient AS T1 INNER JOIN Laboratory AS T2 ON T1.ID = T2.ID WHERE STRFTIME('%Y', CURRENT_TIMESTAMP) - STRFTIME('%Y', T1.Birthday) > 55",True,False,False,720,88,2.712197951999997,"SELECT CAST(SUM(CASE WHEN T1.SEX = 'F' AND T2.PT > 11 THEN 1 ELSE 0 END) AS REAL) * 100 / COUNT(T1.ID) FROM Patient AS T1 INNER JOIN Laboratory AS T2 ON T1.ID = T2.ID WHERE strftime('%Y', 'now') - strftime('%Y', T1.Birthday) > 55",,,True,False,False,801,92,2.8615184549998958,"SELECT CAST(SUM(CASE WHEN T2.SEX = 'F' THEN 1 ELSE 0 END) AS REAL) * 100 / COUNT(T2.ID) FROM Laboratory AS T1 INNER JOIN Patient AS T2 ON T1.ID = T2.ID WHERE STRFTIME('%Y', 'now') - STRFTIME('%Y', T2.Birthday) > 55 AND T1.PT >= 14",,,True,False,False,720,97,6.635737456999777,"SELECT CAST(SUM(CASE WHEN T2.SEX = 'F' THEN 1 ELSE 0 END) AS REAL) * 100 / COUNT(T1.ID) FROM Laboratory AS T1 INNER JOIN Patient AS T2 ON T1.ID = T2.ID WHERE strftime('%Y', 'now') - strftime('%Y', T2.Birthday) > 55 AND T1.PT IS NOT NULL AND T1.PT > 1.1",,,True,False,False,801,88,6.008204304000174,"SELECT CAST(SUM(CASE WHEN T1.SEX = 'F' THEN 1 ELSE 0 END) AS REAL) * 100 / COUNT(T1.ID) FROM Patient AS T1 INNER JOIN Laboratory AS T2 ON T1.ID = T2.ID WHERE strftime('%Y', 'now') - strftime('%Y', T1.Birthday) > 55 AND T2.PT >= 14",,,False,True,False,True,False,True,False,True,both_wrong,both_wrong,both_wrong,both_wrong
115,115,thrombosis_prediction,challenging,"Among the male patients who have a normal level of white blood cells, how many of them have an abnormal fibrinogen level?",male patients refers to Sex = 'M'; normal level of white blood cells refers to WBC > 3.5 and WBC <9.0; abnormal fibrinogen level refers to FG < = 150 or FG > = 450; Don't compute repetitive ones.,SELECT COUNT(DISTINCT T1.ID) FROM Patient AS T1 INNER JOIN Laboratory AS T2 ON T1.ID = T2.ID WHERE T2.FG <= 150 OR T2.FG >= 450 AND T2.WBC > 3.5 AND T2.WBC < 9.0 AND T1.SEX = 'M',True,False,False,716,64,2.004604756000049,SELECT COUNT(DISTINCT T1.ID) FROM Laboratory AS T1 INNER JOIN Patient AS T2 ON T1.ID = T2.ID WHERE T2.SEX = 'Male' AND T1.FG IS NOT NULL AND T1.WBC BETWEEN 4000 AND 11000,,,True,False,False,775,75,2.331548521000059,SELECT COUNT(DISTINCT T1.ID) FROM Laboratory AS T1 INNER JOIN Patient AS T2 ON T1.ID = T2.ID WHERE T2.SEX = 'M' AND T1.WBC BETWEEN 3.5 AND 9.0 AND (T1.FG <= 150 OR T1.FG >= 450),,,True,False,False,716,55,3.7813155379999444,SELECT COUNT(T1.ID) FROM Laboratory AS T1 INNER JOIN Patient AS T2 ON T1.ID = T2.ID WHERE T2.SEX = '男' AND T1.FG > 3.5 AND T1.FG < 4.5,,,True,False,False,775,73,5.009991321999223,SELECT COUNT(DISTINCT T1.ID) FROM Laboratory AS T1 INNER JOIN Patient AS T2 ON T1.ID = T2.ID WHERE T2.SEX = 'M' AND T1.WBC BETWEEN 3.5 AND 9 AND (T1.FG <= 150 OR T1.FG >= 450),,,False,True,False,True,False,True,False,True,both_wrong,both_wrong,both_wrong,both_wrong
116,116,thrombosis_prediction,simple,How many patients with an Ig G higher than normal?,Ig G higher than normal refers to IGG >= 2000; Should consider DISTINCT in the final result;,SELECT COUNT(DISTINCT T1.ID) FROM Patient AS T1 INNER JOIN Laboratory AS T2 ON T1.ID = T2.ID INNER JOIN Examination AS T3 ON T3.ID = T2.ID WHERE T2.IGG >= 2000,True,False,False,701,21,0.6871079109999982,SELECT COUNT(DISTINCT ID) FROM Examination WHERE `aCL IgG` > 10,,,True,False,False,724,19,0.6121484269999655,SELECT COUNT(DISTINCT ID) FROM Laboratory WHERE IGG >= 2000,,,True,False,False,701,39,2.700265682999998,SELECT COUNT(DISTINCT T1.ID) FROM Laboratory AS T1 INNER JOIN Examination AS T2 ON T1.ID = T2.ID WHERE T1.IGG > 50,,,True,True,False,724,41,2.836406858000373,SELECT COUNT(DISTINCT T1.ID) FROM Laboratory AS T1 INNER JOIN Examination AS T2 ON T1.ID = T2.ID WHERE T1.IGG > 2000,,,False,True,False,True,False,True,True,True,both_wrong,improved,both_wrong,improved
117,117,thrombosis_prediction,moderate,"Among the patients with a normal Ig G level, how many of them have symptoms?",normal Ig G level refers to IGG > 900 and IGG < 2000; have symptoms refers to Symptoms IS NOT NULL;,SELECT COUNT(T1.ID) FROM Patient AS T1 INNER JOIN Laboratory AS T2 ON T1.ID = T2.ID INNER JOIN Examination AS T3 ON T3.ID = T2.ID WHERE T2.IGG BETWEEN 900 AND 2000 AND T3.Symptoms IS NOT NULL,True,False,False,707,49,1.5589180480000095,SELECT COUNT(DISTINCT T1.ID) FROM Examination AS T1 INNER JOIN Laboratory AS T2 ON T1.ID = T2.ID WHERE T1.`aCL IgG` IS NULL AND T1.Symptoms IS NOT NULL,,,True,False,False,737,55,1.7425270379999347,SELECT COUNT(DISTINCT T1.ID) FROM Examination AS T1 INNER JOIN Laboratory AS T2 ON T1.ID = T2.ID WHERE T2.IGG BETWEEN 900 AND 2000 AND T1.Symptoms IS NOT NULL,,,True,False,False,707,45,3.08837624600028,SELECT COUNT(T1.ID) FROM Examination AS T1 INNER JOIN Laboratory AS T2 ON T1.ID = T2.ID WHERE T1.Symptoms IS NOT NULL AND T2.IGG < 50,,,True,True,False,737,52,3.581705730000067,SELECT COUNT(T1.ID) FROM Examination AS T1 INNER JOIN Laboratory AS T2 ON T1.ID = T2.ID WHERE T1.Symptoms IS NOT NULL AND T2.IGG BETWEEN 900 AND 2000,,,False,True,False,True,False,True,True,True,both_wrong,improved,both_wrong,improved
118,118,thrombosis_prediction,moderate,How many patients with a normal Ig A level came to the hospital after 1990/1/1?,normal Ig A level refers to IGA > 80 AND IGA < 500; came to the hospital after 1990/1/1 refers to YEAR(`First Date`) > = 1990;,"SELECT COUNT(T1.ID) FROM Patient AS T1 INNER JOIN Laboratory AS T2 ON T1.ID = T2.ID WHERE T2.IGA BETWEEN 80 AND 500 AND  strftime('%Y',  T1.`First Date`) > '1990'",True,False,False,714,54,1.6551560209999252,SELECT COUNT(DISTINCT T1.ID) FROM Laboratory AS T1 INNER JOIN Patient AS T2 ON T1.ID = T2.ID WHERE T1.Date > '1990-01-01' AND T1.IGA IS NULL,,,True,False,False,762,64,2.0661501330000647,"SELECT COUNT(DISTINCT T1.ID) FROM Patient AS T1 INNER JOIN Laboratory AS T2 ON T1.ID = T2.ID WHERE STRFTIME('%Y', T1.`First Date`) >= '1990' AND T2.IGA BETWEEN 80 AND 500",,,True,False,False,714,54,3.735966316000031,SELECT COUNT(T1.ID) FROM Laboratory AS T1 INNER JOIN Patient AS T2 ON T1.ID = T2.ID WHERE T1.IGA < 5 AND T2.`First Date` > '1990-01-01',,,True,False,False,762,61,4.229052695000064,"SELECT COUNT(T1.ID) FROM Laboratory AS T1 INNER JOIN Patient AS T2 ON T1.ID = T2.ID WHERE STRFTIME('%Y', T2.`First Date`) >= '1990' AND T1.IGA BETWEEN 80 AND 500",,,False,True,False,True,False,True,False,True,both_wrong,both_wrong,both_wrong,both_wrong
119,119,thrombosis_prediction,moderate,"For the patients with an abnormal Ig M level, what is the most common disease they are diagnosed with?",abnormal Ig M level refers to IGM <=40 OR IGM >= 400; most common disease refers to MAX(COUNT(Diagnosis));,SELECT T1.Diagnosis FROM Patient AS T1 INNER JOIN Laboratory AS T2 ON T1.ID = T2.ID WHERE T2.IGM NOT BETWEEN 40 AND 400 GROUP BY T1.Diagnosis ORDER BY COUNT(T1.Diagnosis) DESC LIMIT 1,True,False,False,711,52,1.5910816199999545,SELECT T1.Diagnosis FROM Examination AS T1 INNER JOIN Laboratory AS T2 ON T1.ID = T2.ID WHERE T2.IGM > 0 GROUP BY T1.Diagnosis ORDER BY COUNT(T1.Diagnosis) DESC LIMIT 1,,,True,False,False,742,64,2.0228863980000824,SELECT T2.Diagnosis FROM Laboratory AS T1 INNER JOIN Examination AS T2 ON T1.ID = T2.ID WHERE T1.IGM <= 40 OR T1.IGM >= 400 GROUP BY T2.Diagnosis ORDER BY COUNT(T2.Diagnosis) DESC LIMIT 1,,,True,False,False,711,52,3.5585929680000845,SELECT T2.Diagnosis FROM Laboratory AS T1 INNER JOIN Examination AS T2 ON T1.ID = T2.ID WHERE T1.IGM > 5 GROUP BY T2.Diagnosis ORDER BY COUNT(T2.Diagnosis) DESC LIMIT 1,,,True,True,False,742,64,4.377656673999809,SELECT T2.Diagnosis FROM Laboratory AS T1 INNER JOIN Patient AS T2 ON T1.ID = T2.ID WHERE T1.IGM < 40 OR T1.IGM > 400 GROUP BY T2.Diagnosis ORDER BY COUNT(T2.Diagnosis) DESC LIMIT 1,,,False,True,False,True,False,True,True,True,both_wrong,improved,both_wrong,improved
120,120,thrombosis_prediction,moderate,How many patients with a abnormal C-reactive protein don't have their data recorded?,abnormal C-reactive protein refers to CRP ='+'; don't have data recorded refers to Description IS NULL;,SELECT COUNT(T1.ID) FROM Patient AS T1 INNER JOIN Laboratory AS T2 ON T1.ID = T2.ID WHERE (T2.CRP = '+' ) AND T1.Description IS NULL,True,False,False,707,46,1.423964041999966,SELECT COUNT(DISTINCT T1.ID) FROM Laboratory AS T1 INNER JOIN Examination AS T2 ON T1.ID = T2.ID WHERE T1.CRP IS NOT NULL AND T2.Thrombosis IS NULL,,,True,True,False,729,39,1.23457207499996,SELECT COUNT(T1.ID) FROM Patient AS T1 INNER JOIN Laboratory AS T2 ON T1.ID = T2.ID WHERE T2.CRP = '+' AND T1.Description IS NULL,,,True,False,False,707,43,2.945857218999663,SELECT COUNT(T1.ID) FROM Laboratory AS T1 INNER JOIN Examination AS T2 ON T1.ID = T2.ID WHERE T1.CRP IS NULL AND T2.Thrombosis = 1,,,True,True,False,729,39,2.698565165999753,SELECT COUNT(T1.ID) FROM Laboratory AS T1 INNER JOIN Patient AS T2 ON T1.ID = T2.ID WHERE T1.CRP = '+' AND T2.Description IS NULL,,,False,True,True,True,False,True,True,True,improved,improved,both_wrong,both_correct
121,121,thrombosis_prediction,challenging,"Among the patients whose creatinine level is abnormal, how many of them aren't 70 yet?","creatinine level is abnormal refers to CRE >= 1.5; aren't 70 yet refers to SUBTRACT((YEAR(CURDATE()), YEAR(Birthday))) < 70; ","SELECT COUNT(DISTINCT T1.ID) FROM Patient AS T1 INNER JOIN Laboratory AS T2 ON T1.ID = T2.ID WHERE T2.CRE >= 1.5 AND STRFTIME('%Y', Date('now')) - STRFTIME('%Y', T1.Birthday) < 70",True,False,False,711,46,1.4230933520000235,SELECT COUNT(DISTINCT T1.ID) FROM Laboratory AS T1 INNER JOIN Patient AS T2 ON T1.ID = T2.ID WHERE T1.CRE > 70 AND T2.Birthday IS NOT NULL,,,True,True,False,749,61,1.9020461109998905,"SELECT COUNT(DISTINCT T1.ID) FROM Laboratory AS T1 INNER JOIN Patient AS T2 ON T1.ID = T2.ID WHERE T1.CRE >= 1.5 AND strftime('%Y', 'now') - strftime('%Y', T2.Birthday) < 70",,,True,False,False,711,41,2.8210287289998632,SELECT COUNT(T1.ID) FROM Laboratory AS T1 INNER JOIN Patient AS T2 ON T1.ID = T2.ID WHERE T1.CRE > 70 AND T2.Description IS NULL,,,True,False,False,749,58,4.04299637800068,"SELECT COUNT(T1.ID) FROM Laboratory AS T1 INNER JOIN Patient AS T2 ON T1.ID = T2.ID WHERE T1.CRE > 1.5 AND strftime('%Y', 'now') - strftime('%Y', T2.Birthday) < 70",,,False,True,True,True,False,True,False,True,improved,both_wrong,both_wrong,regressed
122,122,thrombosis_prediction,moderate,How many patients have a normal level of anti-ribonuclear protein and have been admitted to the hospital?,"normal level of anti-ribonuclear protein refers to RNP = '-', '+-'; And'-' means 'negative'; '+-' refers to '0'; admitted to the hospital refers to Admission = '+'; Should consider DISTINCT in the final result;",SELECT COUNT(DISTINCT T1.ID) FROM Patient AS T1 INNER JOIN Laboratory AS T2 ON T1.ID = T2.ID WHERE T2.RNP = 'negative' OR T2.RNP = '0' AND T1.Admission = '+',True,False,False,712,37,1.1452331299999514,SELECT COUNT(DISTINCT P.ID) FROM Patient AS P INNER JOIN Laboratory AS L ON P.ID = L.ID WHERE L.RNP IS NULL AND P.Admission IS NOT NULL,,,True,False,False,760,47,1.4719149909999487,"SELECT COUNT(DISTINCT T1.ID) FROM Patient AS T1 INNER JOIN Laboratory AS T2 ON T1.ID = T2.ID WHERE T2.RNP IN ('-', '+-') AND T1.Admission = '+'",,,True,False,False,712,41,2.8146609860000353,SELECT COUNT(T1.ID) FROM Laboratory AS T1 INNER JOIN Patient AS T2 ON T1.ID = T2.ID WHERE T1.RNP IS NULL AND T2.Admission IS NOT NULL,,,True,False,False,760,47,3.2492210789996534,"SELECT COUNT(DISTINCT T1.ID) FROM Laboratory AS T1 INNER JOIN Patient AS T2 ON T1.ID = T2.ID WHERE T1.RNP IN ('-', '+-') AND T2.Admission = '+'",,,False,True,False,True,False,True,False,True,both_wrong,both_wrong,both_wrong,both_wrong
123,123,thrombosis_prediction,moderate,"Among the patients with normal anti-SM, how many of them does not have thrombosis?","normal anti-SM refers to SM IN('-', '+-'); SM = 'negative' means '-'; SM = '0' means '+-'; SM = '1' means '+'; does not have thrombosis refers to Thrombosis = 0;","SELECT COUNT(T1.ID) FROM Examination AS T1 INNER JOIN Laboratory AS T2 ON T1.ID = T2.ID WHERE T2.SM IN ('negative','0') AND T1.Thrombosis = 0",False,False,False,710,49,1.5072341320000078,SELECT COUNT(DISTINCT T1.ID) FROM Patient AS T1 INNER JOIN Examination AS T2 ON T1.ID = T2.ID WHERE T2.`Anti-SM` IS NULL AND T2.Thrombosis = 0,no such column: T2.Anti-SM,,True,False,False,761,46,1.4322789729999386,"SELECT COUNT(T1.ID) FROM Examination AS T1 INNER JOIN Laboratory AS T2 ON T1.ID = T2.ID WHERE T1.Thrombosis = 0 AND T2.SM IN ('-', '+-')",,,True,False,False,710,42,2.8830136320002566,SELECT COUNT(T1.ID) FROM Laboratory AS T1 INNER JOIN Examination AS T2 ON T1.ID = T2.ID WHERE T1.SM IS NULL AND T2.Thrombosis = 0,,,True,False,False,761,46,3.196948223000618,"SELECT COUNT(T1.ID) FROM Examination AS T1 INNER JOIN Laboratory AS T2 ON T1.ID = T2.ID WHERE T1.Thrombosis = 0 AND T2.SM IN ('-', '+-')",,,False,False,False,True,False,True,False,True,both_wrong,both_wrong,both_wrong,both_wrong
124,124,thrombosis_prediction,challenging,"Among the patients who has a normal anti-scl70, how many of them are female and does not have any symptom?","normal anti-scl70 refers to SC170 IN('negative', '0'); female refers to Sex = 'F'; does not have any symptom refers to symptoms IS NULL; Should consider DISTINCT in the final result;",SELECT COUNT(DISTINCT T1.ID) FROM Patient AS T1 INNER JOIN Laboratory AS T2 ON T1.ID = T2.ID INNER JOIN Examination AS T3 ON T3.ID = T2.ID WHERE (T2.SC170 = 'negative' OR T2.SC170 = '0') AND T1.SEX = 'F' AND T3.Symptoms IS NULL,True,False,False,716,54,1.7092239849999942,SELECT COUNT(T1.ID) FROM Patient AS T1 INNER JOIN Examination AS T2 ON T1.ID = T2.ID WHERE T2.`aCL IgG` IS NULL AND T1.SEX = 'F' AND T2.Symptoms = '',,,False,False,False,760,60,1.8717093719999411,"SELECT COUNT(DISTINCT T1.ID) FROM Patient AS T1 INNER JOIN Examination AS T2 ON T1.ID = T2.ID WHERE T1.SEX = 'F' AND T2.SC170 IN ('negative', '0') AND T2.Symptoms IS NULL",no such column: T2.SC170,,True,False,False,716,47,3.226302455000223,SELECT COUNT(T1.ID) FROM Patient AS T1 INNER JOIN Laboratory AS T2 ON T1.ID = T2.ID WHERE T2.SM IS NULL AND T1.SEX = 'F' AND T1.Description IS NULL,,,False,False,False,760,67,4.655728176999219,SELECT COUNT(DISTINCT T1.ID) FROM Examination AS T1 INNER JOIN Laboratory AS T2 ON T1.ID = T2.ID WHERE T1.Symptoms IS NULL AND T1.Thrombosis = 0 AND T2.SC170 = 'negative' AND T1.Sex = 'F',no such column: T1.Sex,,False,True,False,False,False,True,False,False,both_wrong,both_wrong,both_wrong,both_wrong
125,125,thrombosis_prediction,moderate,"Among the patients who has a normal level of anti-centromere and a normal level of anti-SSB, how many of them are male?","normal level of anti-centromere refers to CENTROMEA IN('-', '+-'); normal level of anti-SSB refers to SSB IN('-', '+-'); male refers to Sex = 'M'; Should consider DISTINCT in the final result;","SELECT COUNT(DISTINCT T1.ID) FROM Patient AS T1 INNER JOIN Laboratory AS T2 ON T1.ID = T2.ID WHERE T2.CENTROMEA IN ('negative', '0') AND T2.SSB IN ('negative', '0') AND T1.SEX = 'M'",True,False,False,720,51,1.611529854999958,SELECT COUNT(T1.ID) FROM Patient AS T1 INNER JOIN Laboratory AS T2 ON T1.ID = T2.ID WHERE T2.CENTROMEA IS NULL AND T2.SSB IS NULL AND T1.SEX = 'Male',,,True,False,False,767,62,2.0289120700001604,"SELECT COUNT(DISTINCT T1.ID) FROM Patient AS T1 INNER JOIN Laboratory AS T2 ON T1.ID = T2.ID WHERE T1.SEX = 'M' AND T2.CENTROMEA IN ('-', '+-') AND T2.SSB IN ('-', '+-')",,,True,False,False,720,55,3.783286809999936,SELECT COUNT(T1.ID) FROM Laboratory AS T1 INNER JOIN Patient AS T2 ON T1.ID = T2.ID WHERE T1.CENTROMEA = 'Negative' AND T1.SSB = 'Negative' AND T2.SEX = 'Male',,,True,False,False,767,62,4.333678635999604,"SELECT COUNT(DISTINCT T1.ID) FROM Laboratory AS T1 INNER JOIN Patient AS T2 ON T1.ID = T2.ID WHERE T1.CENTROMEA IN ('-', '+-') AND T1.SSB IN ('-', '+-') AND T2.SEX = 'M'",,,False,True,False,True,False,True,False,True,both_wrong,both_wrong,both_wrong,both_wrong
126,126,thrombosis_prediction,moderate,"Among the patients who have an abnormal level of glutamic oxaloacetic transaminase, when was the youngest of them born?","abnormal level of glutamic oxaloacetic transaminase refers to GOT > = 60; The larger the birthday value, the younger the person is, and vice versa;",SELECT T1.Birthday FROM Patient AS T1 INNER JOIN Laboratory AS T2 ON T1.ID = T2.ID WHERE T2.GOT >= 60 ORDER BY T1.Birthday DESC LIMIT 1,True,False,False,717,36,1.1070394280000073,SELECT MIN(T1.Birthday) FROM Patient AS T1 INNER JOIN Laboratory AS T2 ON T1.ID = T2.ID WHERE T2.GOT > 50,,,True,False,False,753,36,1.1748940080001375,SELECT MIN(T2.Birthday) FROM Laboratory AS T1 INNER JOIN Patient AS T2 ON T1.ID = T2.ID WHERE T1.GOT >= 60,,,True,False,False,717,36,2.5051198239998484,SELECT MIN(T2.Birthday) FROM Laboratory AS T1 INNER JOIN Patient AS T2 ON T1.ID = T2.ID WHERE T1.GOT > 50,,,True,False,False,753,36,2.477368935999948,SELECT MIN(T2.Birthday) FROM Laboratory AS T1 INNER JOIN Patient AS T2 ON T1.ID = T2.ID WHERE T1.GOT >= 60,,,False,True,False,True,False,True,False,True,both_wrong,both_wrong,both_wrong,both_wrong
127,127,thrombosis_prediction,challenging,"For the patients with a normal range of creatinine phosphokinase, how many of them have a positive measure of degree of coagulation?",normal range of creatinine phosphokinase refers to CPK < 250; positive measure of degree of coagulation refers to KCT = '+' or RVVT = '+' or LAC = '+' ;,SELECT COUNT(T1.ID) FROM Patient AS T1 INNER JOIN Laboratory AS T2 ON T1.ID = T2.ID INNER JOIN Examination AS T3 ON T1.ID = T3.ID WHERE T2.CPK < 250 AND (T3.KCT = '+' OR T3.RVVT = '+' OR T3.LAC = '+'),True,False,False,719,52,1.6159854669999731,SELECT COUNT(DISTINCT T1.ID) FROM Laboratory AS T1 INNER JOIN Examination AS T2 ON T1.ID = T2.ID WHERE T1.CPK BETWEEN 0 AND 200 AND T2.Thrombosis = 1,,,True,False,False,760,63,1.9672263829997974,SELECT COUNT(DISTINCT T1.ID) FROM Examination AS T1 INNER JOIN Laboratory AS T2 ON T1.ID = T2.ID WHERE T2.CPK < 250 AND (T1.KCT = '+' OR T1.RVVT = '+' OR T1.LAC = '+'),,,True,True,False,719,46,3.167100730999664,SELECT COUNT(T1.ID) FROM Laboratory AS T1 INNER JOIN Examination AS T2 ON T1.ID = T2.ID WHERE T1.CPK < 200 AND T2.Thrombosis = 1,,,True,True,False,760,60,4.087237237999943,SELECT COUNT(T1.ID) FROM Examination AS T1 INNER JOIN Laboratory AS T2 ON T1.ID = T2.ID WHERE T2.CPK < 250 AND (T1.KCT = '+' OR T1.RVVT = '+' OR T1.LAC = '+'),,,False,True,False,True,True,True,True,True,both_wrong,both_correct,improved,improved
128,128,european_football_2,moderate,Give the name of the league had the most goals in the 2016 season?,"league that had the most goals refers to MAX(SUM(home_team_goal, away_team_goal)); 2016 season refers to season = '2015/2016';",SELECT t2.name FROM Match AS t1 INNER JOIN League AS t2 ON t1.league_id = t2.id WHERE t1.season = '2015/2016' GROUP BY t2.name ORDER BY SUM(t1.home_team_goal + t1.away_team_goal) DESC LIMIT 1,True,False,False,2092,63,2.0399908059999916,SELECT T2.name FROM Match AS T1 INNER JOIN League AS T2 ON T1.league_id = T2.id WHERE T1.season = '2016' GROUP BY T2.name ORDER BY SUM(T1.home_team_goal + T1.away_team_goal) DESC LIMIT 1,,,True,True,False,2130,68,2.2041486349999104,SELECT T2.name FROM Match AS T1 INNER JOIN League AS T2 ON T1.league_id = T2.id WHERE T1.season = '2015/2016' GROUP BY T2.id ORDER BY SUM(T1.home_team_goal + T1.away_team_goal) DESC LIMIT 1,,,True,False,False,2092,63,4.493002309000076,SELECT T2.name FROM Match AS T1 INNER JOIN League AS T2 ON T1.league_id = T2.id WHERE T1.season LIKE '2016%' GROUP BY T2.name ORDER BY SUM(T1.home_team_goal + T1.away_team_goal) DESC LIMIT 1,,,True,True,True,2130,68,4.850390319000326,SELECT T2.name FROM Match AS T1 INNER JOIN League AS T2 ON T1.league_id = T2.id WHERE T1.season = '2015/2016' GROUP BY T2.name ORDER BY SUM(T1.home_team_goal + T1.away_team_goal) DESC LIMIT 1,,,False,True,True,True,False,True,True,True,improved,improved,both_wrong,both_correct
129,129,european_football_2,challenging,"In Scotland Premier League, which away team won the most during the 2010 season?","Final result should return the Team.team_long_name; Scotland Premier League refers to League.name = 'Scotland Premier League'; away team refers to away_team_api_id; away team that won the most refers to MAX(SUBTRACT(away_team_goal, home_team_goal) > 0); 2010 season refers to season = '2009/2010'; won the most refers to MAX(COUNT(*));",SELECT teamInfo.team_long_name FROM League AS leagueData INNER JOIN Match AS matchData ON leagueData.id = matchData.league_id INNER JOIN Team AS teamInfo ON matchData.away_team_api_id = teamInfo.team_api_id WHERE leagueData.name = 'Scotland Premier League' AND matchData.season = '2009/2010' AND matchData.away_team_goal - matchData.home_team_goal > 0 GROUP BY matchData.away_team_api_id ORDER BY COUNT(*) DESC LIMIT 1,True,False,False,2093,60,1.9192600190000348,SELECT T2.team_long_name FROM Match AS T1 INNER JOIN Team AS T2 ON T1.away_team_api_id = T2.team_api_id WHERE T1.season = '2010/11' AND T1.away_team_goal > T1.home_team_goal,,,True,False,False,2179,88,2.820162936000088,SELECT T2.team_long_name FROM Match AS T1 INNER JOIN Team AS T2 ON T1.away_team_api_id = T2.team_api_id WHERE T1.season = '2009/2010' AND T1.league_id = ( SELECT id FROM League WHERE name = 'Scotland Premier League' ) ORDER BY T1.away_team_goal - T1.home_team_goal DESC LIMIT 1,,,False,False,False,2093,83,5.842598435000127,SELECT T2.away_team_name FROM Match AS T1 INNER JOIN Team AS T2 ON T1.away_team_api_id = T2.team_api_id WHERE T1.season = '2010/11' AND T1.away_team_goal > T1.home_team_goal GROUP BY T2.away_team_name ORDER BY COUNT(T2.away_team_name) DESC LIMIT 1,no such column: T2.away_team_name,,True,False,False,2179,102,7.118061488999956,SELECT T2.team_long_name FROM Match AS T1 INNER JOIN Team AS T2 ON T1.away_team_api_id = T2.team_api_id INNER JOIN League AS T3 ON T1.league_id = T3.id WHERE T3.name = 'Scotland Premier League' AND T1.season = '2009/2010' GROUP BY T2.team_long_name ORDER BY COUNT(T1.away_team_goal - T1.home_team_goal) DESC LIMIT 1,,,False,True,False,True,False,False,False,True,both_wrong,both_wrong,both_wrong,both_wrong
130,130,european_football_2,moderate,What are the speed in which attacks are put together of the top 4 teams with the highest build Up Play Speed?,speed in which attacks are put together refers to buildUpPlaySpeed;highest build up play speed refers to MAX(buildUpPlaySpeed),SELECT t1.buildUpPlaySpeed FROM Team_Attributes AS t1 INNER JOIN Team AS t2 ON t1.team_api_id = t2.team_api_id ORDER BY t1.buildUpPlaySpeed ASC LIMIT 4,True,False,False,2097,45,1.517952527000034,SELECT T2.buildUpPlaySpeed FROM Team AS T1 INNER JOIN Team_Attributes AS T2 ON T1.team_api_id = T2.team_api_id ORDER BY T2.buildUpPlaySpeed DESC LIMIT 4,,,True,False,False,2122,45,1.514520581999932,SELECT T2.buildUpPlaySpeed FROM Team AS T1 INNER JOIN Team_Attributes AS T2 ON T1.team_api_id = T2.team_api_id ORDER BY T2.buildUpPlaySpeed DESC LIMIT 4,,,True,False,False,2097,45,3.251122088000102,SELECT T2.buildUpPlaySpeed FROM Team AS T1 INNER JOIN Team_Attributes AS T2 ON T1.team_api_id = T2.team_api_id ORDER BY T2.buildUpPlaySpeed DESC LIMIT 4,,,True,False,False,2122,45,3.3010667220005416,SELECT T2.buildUpPlaySpeed FROM Team AS T1 INNER JOIN Team_Attributes AS T2 ON T1.team_api_id = T2.team_api_id ORDER BY T2.buildUpPlaySpeed DESC LIMIT 4,,,False,True,False,True,False,True,False,True,both_wrong,both_wrong,both_wrong,both_wrong
131,131,european_football_2,moderate,Give the name of the league had the most matches end as draw in the 2016 season?,most matches end as draw refers to MAX(SUM(home_team_goal = away_team_goal)); 2016 season refers to season = '2015/2016';,SELECT t2.name FROM Match AS t1 INNER JOIN League AS t2 ON t1.league_id = t2.id WHERE t1.season = '2015/2016' AND t1.home_team_goal = t1.away_team_goal GROUP BY t2.name ORDER BY COUNT(t1.id) DESC LIMIT 1,True,False,False,2095,67,2.2517107610000267,SELECT T2.name FROM Match AS T1 INNER JOIN League AS T2 ON T1.league_id = T2.id WHERE T1.season = '2016' AND T1.home_team_goal = T1.away_team_goal GROUP BY T2.name ORDER BY COUNT(T1.id) DESC LIMIT 1,,,True,True,False,2132,78,2.5809910570001193,SELECT T2.name FROM Match AS T1 INNER JOIN League AS T2 ON T1.league_id = T2.id WHERE T1.season = '2015/2016' GROUP BY T2.name ORDER BY SUM(CASE WHEN T1.home_team_goal = T1.away_team_goal THEN 1 ELSE 0 END) DESC LIMIT 1,,,True,False,False,2095,67,4.720900546999928,SELECT T2.name FROM Match AS T1 INNER JOIN League AS T2 ON T1.league_id = T2.id WHERE T1.season = '2016' AND T1.home_team_goal = T1.away_team_goal GROUP BY T2.name ORDER BY COUNT(T2.name) DESC LIMIT 1,,,True,True,False,2132,78,5.446730859999661,SELECT T2.name FROM Match AS T1 INNER JOIN League AS T2 ON T1.league_id = T2.id WHERE T1.season = '2015/2016' GROUP BY T2.name ORDER BY SUM(CASE WHEN T1.home_team_goal = T1.away_team_goal THEN 1 ELSE 0 END) DESC LIMIT 1,,,False,True,True,True,False,True,True,True,improved,improved,both_wrong,both_correct
132,132,european_football_2,challenging,"At present, calculate for the player's age who have a sprint speed of no less than 97 between 2013 to 2015.","players age at present = SUBTRACT((DATETIME(), birthday)); sprint speed of no less than 97 refers to sprint_speed > = 97; between 2013 to 2015 refers to YEAR(date) > = '2013' AND YEAR(date) < = '2015'; ","SELECT DISTINCT DATETIME() - T2.birthday age FROM Player_Attributes AS t1 INNER JOIN Player AS t2 ON t1.player_api_id = t2.player_api_id WHERE STRFTIME('%Y',t1.`date`) >= '2013' AND STRFTIME('%Y',t1.`date`) <= '2015' AND t1.sprint_speed >= 97",True,False,False,2107,91,2.9236089710000215,"SELECT T1.player_name, 2015 - STRFTIME('%Y', T1.birthday) AS age FROM Player AS T1 INNER JOIN Player_Attributes AS T2 ON T1.player_api_id = T2.player_api_id WHERE T2.sprint_speed >= 97 AND T2.date BETWEEN '2013-01-01' AND '2015-12-31'",,,True,True,False,2174,86,2.812044829000115,"SELECT strftime('%Y', 'now') - strftime('%Y', T1.birthday) AS age FROM Player AS T1 INNER JOIN Player_Attributes AS T2 ON T1.player_api_id = T2.player_api_id WHERE T2.sprint_speed >= 97 AND T2.date BETWEEN '2013-01-01' AND '2015-12-31'",,,True,False,False,2107,74,5.280480608000289,SELECT T1.player_name FROM Player AS T1 INNER JOIN Player_Attributes AS T2 ON T1.player_api_id = T2.player_api_id WHERE T2.sprint_speed >= 97 AND T2.date LIKE '%2013%' OR T2.date LIKE '%2014%' OR T2.date LIKE '%2015%',,,True,True,False,2174,80,5.670774279999932,"SELECT strftime('%Y', 'now') - strftime('%Y', T1.birthday) FROM Player AS T1 INNER JOIN Player_Attributes AS T2 ON T1.player_api_id = T2.player_api_id WHERE T2.sprint_speed >= 97 AND CAST(strftime('%Y', T2.date) AS int) BETWEEN 2013 AND 2015",,,False,True,True,True,False,True,True,True,improved,improved,both_wrong,both_correct
133,133,european_football_2,moderate,Give the name of the league with the highest matches of all time and how many matches were played in the said league., league with highest matches of all time refers to MAX(COUNT(league_id));,"SELECT t2.name, t1.max_count FROM League AS t2 JOIN (SELECT league_id, MAX(cnt) AS max_count FROM (SELECT league_id, COUNT(id) AS cnt FROM Match GROUP BY league_id) AS subquery) AS t1 ON t1.league_id = t2.id",True,False,False,2097,48,1.614579713000012,"SELECT T2.name, COUNT(T1.id) as match_count FROM Match AS T1 INNER JOIN League AS T2 ON T1.league_id = T2.id GROUP BY T2.id ORDER BY match_count DESC LIMIT 1",,,True,False,False,2111,48,1.6086659529998997,"SELECT T2.name, COUNT(T1.id) AS match_count FROM Match AS T1 INNER JOIN League AS T2 ON T1.league_id = T2.id GROUP BY T2.id ORDER BY match_count DESC LIMIT 1",,,True,False,False,2097,48,3.494081102999644,"SELECT T2.name , COUNT(T1.id) FROM Match AS T1 INNER JOIN League AS T2 ON T1.league_id = T2.id GROUP BY T2.id ORDER BY COUNT(T1.id) DESC LIMIT 1",,,True,False,False,2111,48,3.4693924900002457,"SELECT T2.name , COUNT(T1.id) FROM Match AS T1 INNER JOIN League AS T2 ON T1.league_id = T2.id GROUP BY T2.id ORDER BY COUNT(T1.id) DESC LIMIT 1",,,False,True,False,True,False,True,False,True,both_wrong,both_wrong,both_wrong,both_wrong
134,134,european_football_2,simple,Give the team_fifa_api_id of teams with more than 50 but less than 60 build-up play speed.,teams with more than 50 but less than 60 build-up play speed refers to buildUpPlaySpeed >50 AND buildUpPlaySpeed <60; ,SELECT DISTINCT team_fifa_api_id FROM Team_Attributes WHERE buildUpPlaySpeed > 50 AND buildUpPlaySpeed < 60,True,False,False,2099,24,0.8774863060000371,SELECT team_fifa_api_id FROM Team_Attributes WHERE buildUpPlaySpeed BETWEEN 50 AND 60,,,True,False,False,2132,24,0.8603558699999212,SELECT team_fifa_api_id FROM Team_Attributes WHERE buildUpPlaySpeed BETWEEN 50 AND 60,,,True,False,False,2099,24,1.8390182839998488,SELECT team_fifa_api_id FROM Team_Attributes WHERE buildUpPlaySpeed BETWEEN 50 AND 60,,,True,False,False,2132,24,1.8236986840001919,SELECT team_fifa_api_id FROM Team_Attributes WHERE buildUpPlaySpeed BETWEEN 50 AND 60,,,False,True,False,True,False,True,False,True,both_wrong,both_wrong,both_wrong,both_wrong
135,135,european_football_2,challenging,List the long name of teams with above-average build-up play passing in 2012.,"long name of teams refers to team_long_name; build-up play passing refers to buildUpPlayPassing; above-average build-up play passing = buildUpPlayPassing > DIVIDE(SUM(buildUpPlayPassing), COUNT(team_long_name) WHERE buildUpPlayPassing IS NOT NULL); in 2012 refers to strftime('%Y', date) = '2012'; ","SELECT DISTINCT t4.team_long_name FROM Team_Attributes AS t3 INNER JOIN Team AS t4 ON t3.team_api_id = t4.team_api_id WHERE SUBSTR(t3.`date`, 1, 4) = '2012' AND t3.buildUpPlayPassing > ( SELECT CAST(SUM(t2.buildUpPlayPassing) AS REAL) / COUNT(t1.id) FROM Team AS t1 INNER JOIN Team_Attributes AS t2 ON t1.team_api_id = t2.team_api_id WHERE STRFTIME('%Y',t2.`date`) = '2012')",True,False,False,2093,75,2.4305134429999953,"SELECT T1.team_long_name FROM Team AS T1 INNER JOIN Team_Attributes AS T2 ON T1.team_api_id = T2.team_api_id WHERE T2.buildUpPlayPassing > ( SELECT AVG(buildUpPlayPassing) FROM Team_Attributes ) AND SUBSTR(T2.date, 1, 4) = '2012'",,,True,True,False,2172,85,2.7376792679999653,"SELECT T1.team_long_name FROM Team AS T1 INNER JOIN Team_Attributes AS T2 ON T1.team_api_id = T2.team_api_id WHERE strftime('%Y', T2.date) = '2012' AND T2.buildUpPlayPassing > ( SELECT AVG(buildUpPlayPassing) FROM Team_Attributes WHERE strftime('%Y', date) = '2012' )",,,True,False,False,2093,76,5.395125850000113,"SELECT T1.team_long_name FROM Team AS T1 INNER JOIN Team_Attributes AS T2 ON T1.team_api_id = T2.team_api_id WHERE CAST(SUBSTR(T2.date, -4) AS INT) = 2012 AND T2.buildUpPlayPassing > ( SELECT AVG(buildUpPlayPassing) FROM Team_Attributes )",,,True,False,False,2172,94,6.520499868000115,"SELECT T1.team_long_name FROM Team AS T1 INNER JOIN Team_Attributes AS T2 ON T1.team_api_id = T2.team_api_id WHERE strftime('%Y', T2.date) = '2012' AND T2.buildUpPlayPassing > ( SELECT AVG(T2.buildUpPlayPassing) FROM Team AS T1 INNER JOIN Team_Attributes AS T2 ON T1.team_api_id = T2.team_api_id )",,,False,True,True,True,False,True,False,True,improved,both_wrong,both_wrong,regressed
136,136,european_football_2,challenging,"Calculate the percentage of players who prefer left foot, who were born between 1987 and 1992.","players who prefer left foot refers to preferred_foot = 'left'; percentage of players who prefer left foot = DIVIDE(MULTIPLY((SUM(preferred_foot = 'left'), 100)), COUNT(player_fifa_api_id)); born between 1987 and 1992 refers to YEAR(birthday) BETWEEN '1987' AND '1992';","SELECT CAST(COUNT(CASE WHEN t2.preferred_foot = 'left' THEN t1.id ELSE NULL END) AS REAL) * 100 / COUNT(t1.id) percent FROM Player AS t1 INNER JOIN Player_Attributes AS t2 ON t1.player_api_id = t2.player_api_id WHERE SUBSTR(t1.birthday, 1, 4) BETWEEN '1987' AND '1992'",False,False,False,2099,63,2.0495140219999257,SELECT CAST(SUM(CASE WHEN preferred_foot = 'Left' THEN 1 ELSE 0 END) AS REAL) * 100 / COUNT(*) FROM Player WHERE birthday BETWEEN '1987-01-01' AND '1992-12-31',no such column: preferred_foot,,False,False,False,2178,96,3.095175526000048,SELECT CAST(SUM(CASE WHEN preferred_foot = 'Left' THEN 1 ELSE 0 END) AS REAL) * 100 / COUNT(player_fifa_api_id) FROM Player_Attributes WHERE birthday LIKE '%1987%' OR birthday LIKE '%1988%' OR birthday LIKE '%1989%' OR birthday LIKE '%1990%' OR birthday LIKE '%1991%' OR birthday LIKE '%1992%',no such column: birthday,,True,False,False,2099,94,6.597942133000288,"SELECT CAST(SUM(CASE WHEN T1.preferred_foot = 'Left' THEN 1 ELSE 0 END) AS REAL) * 100 / COUNT(T1.player_api_id) FROM Player_Attributes AS T1 INNER JOIN Player AS T2 ON T1.player_api_id = T2.player_api_id WHERE SUBSTR(T2.birthday, 1, 4) BETWEEN '1987' AND '1992'",,,True,False,False,2178,94,6.5490931449994605,"SELECT CAST(SUM(CASE WHEN T1.preferred_foot = 'Left' THEN 1 ELSE 0 END) AS REAL) * 100 / COUNT(T1.player_fifa_api_id) FROM Player_Attributes AS T1 INNER JOIN Player AS T2 ON T1.player_api_id = T2.player_api_id WHERE STRFTIME('%Y', T2.birthday) BETWEEN '1987' AND '1992'",,,False,False,False,False,False,True,False,True,both_wrong,both_wrong,both_wrong,both_wrong
137,137,european_football_2,simple,Find the average number of long-shot done by Ahmed Samir Farag.,"average number of long shot = DIVIDE(SUM(long_shots), COUNT(player_fifa_api_id));",SELECT CAST(SUM(t2.long_shots) AS REAL) / COUNT(t2.`date`) FROM Player AS t1 INNER JOIN Player_Attributes AS t2 ON t1.player_api_id = t2.player_api_id WHERE t1.player_name = 'Ahmed Samir Farag',True,True,False,2088,48,1.6259771789999604,SELECT AVG(T2.long_shots) FROM Player AS T1 INNER JOIN Player_Attributes AS T2 ON T1.player_api_id = T2.player_api_id WHERE T1.player_name = 'Ahmed Samir Farag',,,True,True,False,2107,48,1.6620066680000036,SELECT AVG(T2.long_shots) FROM Player AS T1 INNER JOIN Player_Attributes AS T2 ON T1.player_api_id = T2.player_api_id WHERE T1.player_name = 'Ahmed Samir Farag',,,True,True,False,2088,56,3.9721446819999073,SELECT CAST(SUM(T2.long_shots) AS REAL) / COUNT(*) FROM Player AS T1 INNER JOIN Player_Attributes AS T2 ON T1.player_api_id = T2.player_api_id WHERE T1.player_name = 'Ahmed Samir Farag',,,True,True,False,2107,61,4.293548411999836,SELECT CAST(SUM(T2.long_shots) AS REAL) / COUNT(T2.player_api_id) FROM Player AS T1 INNER JOIN Player_Attributes AS T2 ON T1.player_api_id = T2.player_api_id WHERE T1.player_name = 'Ahmed Samir Farag',,,True,True,True,True,True,True,True,True,both_correct,both_correct,both_correct,both_correct
138,138,european_football_2,moderate,List the top 10 players' names whose heights are above 180 in descending order of average heading accuracy.,"heights are above 180 refers to Player.height > 180; average heading accuracy = DIVIDE(SUM(heading_accuracy), COUNT(player_fifa_api_id));",SELECT t1.player_name FROM Player AS t1 INNER JOIN Player_Attributes AS t2 ON t1.player_api_id = t2.player_api_id WHERE t1.height > 180 GROUP BY t1.id ORDER BY CAST(SUM(t2.heading_accuracy) AS REAL) / COUNT(t2.`player_fifa_api_id`) DESC LIMIT 10,True,False,False,2098,59,1.9860289519999696,SELECT T1.player_name FROM Player AS T1 INNER JOIN Player_Attributes AS T2 ON T1.player_api_id = T2.player_api_id WHERE T1.height > 180 GROUP BY T1.player_name ORDER BY AVG(T2.heading_accuracy) DESC LIMIT 10,,,True,False,False,2133,59,1.9536908750001203,SELECT T1.player_name FROM Player AS T1 INNER JOIN Player_Attributes AS T2 ON T1.player_api_id = T2.player_api_id WHERE T1.height > 180 GROUP BY T1.player_name ORDER BY AVG(T2.heading_accuracy) DESC LIMIT 10,,,True,False,False,2098,59,4.2039091960000405,SELECT T1.player_name FROM Player AS T1 INNER JOIN Player_Attributes AS T2 ON T1.player_api_id = T2.player_api_id WHERE T1.height > 180 GROUP BY T1.player_name ORDER BY AVG(T2.heading_accuracy) DESC LIMIT 10,,,True,False,False,2133,59,4.202324326999587,SELECT T1.player_name FROM Player AS T1 INNER JOIN Player_Attributes AS T2 ON T1.player_api_id = T2.player_api_id WHERE T1.height > 180 GROUP BY T1.player_name ORDER BY AVG(T2.heading_accuracy) DESC LIMIT 10,,,False,True,False,True,False,True,False,True,both_wrong,both_wrong,both_wrong,both_wrong
139,139,european_football_2,challenging,List the name of leagues in which the average goals by the home team is higher than the away team in the 2009/2010 season.,name of league refers to League.name; average goals by the home team is higher than the away team = AVG(home_team_goal) > AVG(away_team_goal); AVG(xx_goal) = SUM(xx_goal) / COUNT(DISTINCT Match.id); 2009/2010 season refers to season = '2009/2010',SELECT t1.name FROM League AS t1 INNER JOIN Match AS t2 ON t1.id = t2.league_id WHERE t2.season = '2009/2010' GROUP BY t1.name HAVING (CAST(SUM(t2.home_team_goal) AS REAL) / COUNT(DISTINCT t2.id)) - (CAST(SUM(t2.away_team_goal) AS REAL) / COUNT(DISTINCT t2.id)) > 0,True,False,False,2107,64,2.06193866000001,SELECT T2.name FROM Match AS T1 INNER JOIN League AS T2 ON T1.league_id = T2.id WHERE T1.season = '2009/10' GROUP BY T2.id HAVING AVG(T1.home_team_goal) > AVG(T1.away_team_goal),,,True,True,False,2181,66,2.174477978000141,SELECT T2.name FROM Match AS T1 INNER JOIN League AS T2 ON T1.league_id = T2.id WHERE T1.season = '2009/2010' GROUP BY T2.id HAVING AVG(T1.home_team_goal) > AVG(T1.away_team_goal),,,True,False,False,2107,64,4.521626236999964,SELECT T2.name FROM Match AS T1 INNER JOIN League AS T2 ON T1.league_id = T2.id WHERE T1.season = '2009/10' GROUP BY T2.name HAVING AVG(T1.home_team_goal) > AVG(T1.away_team_goal),,,True,True,False,2181,68,4.841838039999857,SELECT T2.name FROM `Match` AS T1 INNER JOIN League AS T2 ON T1.league_id = T2.id WHERE T1.season = '2009/2010' GROUP BY T2.id HAVING AVG(T1.home_team_goal) > AVG(T1.away_team_goal),,,False,True,True,True,False,True,True,True,improved,improved,both_wrong,both_correct
140,140,european_football_2,simple,List the football players with a birthyear of 1970 and a birthmonth of October.,"players with a birthyear of 1970 and a birthmonth of October refers to substr(birthday,1,7) AS 'year-month',WHERE year = '1970' AND month = '10';","SELECT player_name FROM Player WHERE SUBSTR(birthday, 1, 7) = '1970-10'",True,True,False,2094,19,0.7012540030000309,SELECT player_name FROM Player WHERE birthday LIKE '1970-10-%',,,True,True,False,2140,19,0.7106313389999741,SELECT player_name FROM Player WHERE birthday LIKE '1970-10-%',,,True,True,False,2094,19,1.4852807249999387,SELECT player_name FROM Player WHERE birthday LIKE '1970-10-%',,,True,True,False,2140,18,1.4219611819999045,SELECT player_name FROM Player WHERE birthday LIKE '1970-10%',,,True,True,True,True,True,True,True,True,both_correct,both_correct,both_correct,both_correct
141,141,european_football_2,simple,What is the overall rating of the football player Gabriel Tamas in year 2011?,"in year 2011 refers to strftime('%Y', date) = '2011';","SELECT t2.overall_rating FROM Player AS t1 INNER JOIN Player_Attributes AS t2 ON t1.player_api_id = t2.player_api_id WHERE t1.player_name = 'Gabriel Tamas' AND strftime('%Y', t2.date) = '2011'",False,False,False,2093,27,0.9504181249999419,SELECT overall_rating FROM Player_Attributes WHERE player_name = 'Gabriel Tamas' AND date LIKE '%2011%',no such column: player_name,,True,True,False,2113,60,1.9601071689999117,"SELECT T1.overall_rating FROM Player_Attributes AS T1 INNER JOIN Player AS T2 ON T1.player_api_id = T2.player_api_id WHERE T2.player_name = 'Gabriel Tamas' AND strftime('%Y', T1.date) = '2011'",,,True,False,False,2093,61,4.339783612000247,"SELECT T2.overall_rating FROM Player AS T1 INNER JOIN Player_Attributes AS T2 ON T1.player_api_id = T2.player_api_id WHERE T1.player_name = 'Gabriel Tamas' AND SUBSTR(T2.date, -4) = '2011'",,,True,True,True,2113,60,4.252636526999595,"SELECT T2.overall_rating FROM Player AS T1 INNER JOIN Player_Attributes AS T2 ON T1.player_api_id = T2.player_api_id WHERE T1.player_name = 'Gabriel Tamas' AND strftime('%Y', T2.date) = '2011'",,,False,False,True,True,False,True,True,True,improved,improved,both_wrong,both_correct
142,142,european_football_2,moderate,Calculate the average home team goal in the 2010/2011 season in the country of Poland.,average home team goal = AVG(home_team_goal)= SUM(home_team_goal) / COUNT(DISTINCT Match.id) WHERE name = 'Poland' and season = '2010/2011';,SELECT CAST(SUM(t2.home_team_goal) AS REAL) / COUNT(t2.id) FROM Country AS t1 INNER JOIN Match AS t2 ON t1.id = t2.country_id WHERE t1.name = 'Poland' AND t2.season = '2010/2011',True,True,False,2098,69,2.2312862480000604,SELECT AVG(home_team_goal) FROM Match AS T1 INNER JOIN League AS T2 ON T1.league_id = T2.id INNER JOIN Country AS T3 ON T2.country_id = T3.id WHERE T1.season = '2010/2011' AND T3.name = 'Poland',,,True,True,False,2140,71,2.298592288000009,SELECT AVG(T1.home_team_goal) FROM Match AS T1 INNER JOIN League AS T2 ON T1.league_id = T2.id INNER JOIN Country AS T3 ON T2.country_id = T3.id WHERE T3.name = 'Poland' AND T1.season = '2010/2011',,,True,True,False,2098,71,5.04495377000012,SELECT AVG(T1.home_team_goal) FROM Match AS T1 INNER JOIN League AS T2 ON T1.league_id = T2.id INNER JOIN Country AS T3 ON T2.country_id = T3.id WHERE T3.name = 'Poland' AND T1.season = '2010/2011',,,True,True,False,2140,85,5.9758770950002145,SELECT CAST(SUM(T1.home_team_goal) AS REAL) / COUNT(DISTINCT T1.id) FROM Match AS T1 INNER JOIN League AS T2 ON T1.league_id = T2.id INNER JOIN Country AS T3 ON T2.country_id = T3.id WHERE T3.name = 'Poland' AND T1.season = '2010/2011',,,True,True,True,True,True,True,True,True,both_correct,both_correct,both_correct,both_correct
143,143,european_football_2,challenging,Who has the highest average finishing rate between the highest and shortest football player?,finishing rate refers to finishing; highest average finishing rate = MAX(AVG(finishing)); highest football player refers to MAX(height); shortest football player refers to MIN(height);,"SELECT A FROM ( SELECT AVG(finishing) result, 'Max' A FROM Player AS T1 INNER JOIN Player_Attributes AS T2 ON T1.player_api_id = T2.player_api_id WHERE T1.height = ( SELECT MAX(height) FROM Player ) UNION SELECT AVG(finishing) result, 'Min' A FROM Player AS T1 INNER JOIN Player_Attributes AS T2 ON T1.player_api_id = T2.player_api_id WHERE T1.height = ( SELECT MIN(height) FROM Player ) ) ORDER BY result DESC LIMIT 1",True,False,False,2088,41,1.3449983630000588,SELECT T1.player_name FROM Player AS T1 INNER JOIN Player_Attributes AS T2 ON T1.player_api_id = T2.player_api_id ORDER BY T2.finishing DESC LIMIT 1,,,True,False,False,2120,49,1.6814728619999642,SELECT T1.player_name FROM Player AS T1 INNER JOIN Player_Attributes AS T2 ON T1.player_api_id = T2.player_api_id GROUP BY T1.player_name ORDER BY AVG(T2.finishing) DESC LIMIT 1,,,True,False,False,2088,75,5.267198365999775,SELECT T1.player_name FROM Player AS T1 INNER JOIN Player_Attributes AS T2 ON T1.player_api_id = T2.player_api_id WHERE T1.height = ( SELECT MIN(height) FROM Player ) OR T1.height = ( SELECT MAX(height) FROM Player ) GROUP BY T1.player_name ORDER BY AVG(T2.finishing) DESC LIMIT 1,,,True,False,False,2120,75,5.2889317449999,SELECT T1.player_name FROM Player AS T1 INNER JOIN Player_Attributes AS T2 ON T1.player_api_id = T2.player_api_id WHERE T1.height = ( SELECT MAX(height) FROM Player ) OR T1.height = ( SELECT MIN(height) FROM Player ) GROUP BY T1.player_name ORDER BY AVG(T2.finishing) DESC LIMIT 1,,,False,True,False,True,False,True,False,True,both_wrong,both_wrong,both_wrong,both_wrong
144,144,european_football_2,moderate,"From 2010 to 2015, what was the average overall rating of players who are higher than 170?","from 2010 to 2015 refers to strftime('%Y', date) >= '2010' AND <= '2015'; average overall rating = SUM(t2.overall_rating)/ COUNT(t2.id); higher than 170 refers to Player.height > 170;","SELECT CAST(SUM(t2.overall_rating) AS REAL) / COUNT(t2.id) FROM Player AS t1 INNER JOIN Player_Attributes AS t2 ON t1.player_api_id = t2.player_api_id WHERE t1.height > 170 AND STRFTIME('%Y',t2.`date`) >= '2010' AND STRFTIME('%Y',t2.`date`) <= '2015'",True,False,False,2103,73,2.3369533449999835,SELECT AVG(T2.overall_rating) FROM Player AS T1 INNER JOIN Player_Attributes AS T2 ON T1.player_api_id = T2.player_api_id WHERE T1.height > 170 AND T2.date BETWEEN '2010-01-01' AND '2015-12-31',,,True,False,False,2168,66,2.164810824999904,"SELECT AVG(t2.overall_rating) FROM Player AS t1 INNER JOIN Player_Attributes AS t2 ON t1.player_api_id = t2.player_api_id WHERE strftime('%Y', t2.date) BETWEEN '2010' AND '2015' AND t1.height > 170",,,True,False,False,2103,109,7.608429030000025,SELECT AVG(T2.overall_rating) FROM Player AS T1 INNER JOIN Player_Attributes AS T2 ON T1.player_api_id = T2.player_api_id WHERE T1.height > 170 AND T2.date LIKE '2010%' OR T2.date LIKE '2011%' OR T2.date LIKE '2012%' OR T2.date LIKE '2013%' OR T2.date LIKE '2014%' OR T2.date LIKE '2015%',,,True,True,False,2168,77,5.440214397999625,"SELECT CAST(SUM(T2.overall_rating) AS REAL) / COUNT(T2.id) FROM Player AS T1 INNER JOIN Player_Attributes AS T2 ON T1.player_api_id = T2.player_api_id WHERE strftime('%Y', T2.date) BETWEEN '2010' AND '2015' AND T1.height > 170",,,False,True,False,True,False,True,True,True,both_wrong,improved,both_wrong,improved
145,145,european_football_2,challenging,"What is the difference of the average ball control score between Abdou Diallo and Aaron Appindangoye
?","difference of the average ball control = SUBTRACT(AVG(ball_control WHERE player_name = 'Abdou Diallo'), AVG(ball_control WHERE player_name = 'Aaron Appindangoye')); AVG(ball_control WHERE player_name = 'XX XX') = SUM(CASE WHEN player_name = 'XX XX' THEN ball_control ELSE 0 END) / COUNT(CASE WHEN player_name = 'XX XX' THEN id ELSE NULL END)",SELECT CAST(SUM(CASE WHEN t1.player_name = 'Abdou Diallo' THEN t2.ball_control ELSE 0 END) AS REAL) / COUNT(CASE WHEN t1.player_name = 'Abdou Diallo' THEN t2.id ELSE NULL END) - CAST(SUM(CASE WHEN t1.player_name = 'Aaron Appindangoye' THEN t2.ball_control ELSE 0 END) AS REAL) / COUNT(CASE WHEN t1.player_name = 'Aaron Appindangoye' THEN t2.id ELSE NULL END) FROM Player AS t1 INNER JOIN Player_Attributes AS t2 ON t1.player_api_id = t2.player_api_id,True,False,False,2097,87,2.769231176000062,SELECT AVG(T2.ball_control) - AVG(T3.ball_control) FROM Player AS T1 INNER JOIN Player_Attributes AS T2 ON T1.player_api_id = T2.player_api_id INNER JOIN Player_Attributes AS T3 ON T1.player_api_id = T3.player_api_id WHERE T1.player_name = 'Abdou Diallo' AND T1.player_name = 'Aaron Appindangoye',,,True,False,False,2183,134,4.216081373000179,SELECT SUM(CASE WHEN T1.player_name = 'Abdou Diallo' THEN T2.ball_control ELSE 0 END) / COUNT(CASE WHEN T1.player_name = 'Abdou Diallo' THEN T2.id ELSE NULL END) - SUM(CASE WHEN T1.player_name = 'Aaron Appindangoye' THEN T2.ball_control ELSE 0 END) / COUNT(CASE WHEN T1.player_name = 'Aaron Appindangoye' THEN T2.id ELSE NULL END) AS diff FROM Player AS T1 INNER JOIN Player_Attributes AS T2 ON T1.player_api_id = T2.player_api_id,,,True,True,False,2097,89,6.278940987000169,SELECT AVG(T2.ball_control) - ( SELECT AVG(ball_control) FROM Player AS T1 INNER JOIN Player_Attributes AS T2 ON T1.player_api_id = T2.player_api_id WHERE player_name = 'Aaron Appindangoye' ) FROM Player AS T1 INNER JOIN Player_Attributes AS T2 ON T1.player_api_id = T2.player_api_id WHERE player_name = 'Abdou Diallo',,,True,True,True,2183,142,9.857136663000347,SELECT CAST(SUM(CASE WHEN T1.player_name = 'Abdou Diallo' THEN T2.ball_control ELSE 0 END) AS REAL) / COUNT(CASE WHEN T1.player_name = 'Abdou Diallo' THEN T2.id ELSE NULL END) - CAST(SUM(CASE WHEN T1.player_name = 'Aaron Appindangoye' THEN T2.ball_control ELSE 0 END) AS REAL) / COUNT(CASE WHEN T1.player_name = 'Aaron Appindangoye' THEN T2.id ELSE NULL END) FROM Player AS T1 INNER JOIN Player_Attributes AS T2 ON T1.player_api_id = T2.player_api_id,,,False,True,False,True,True,True,True,True,both_wrong,both_correct,improved,improved
146,146,european_football_2,simple,"Which player is older, Aaron Lennon or Abdelaziz Barrada?","The larger the birthday value, the younger the person is, and vice versa;","SELECT player_name FROM Player WHERE player_name IN ('Aaron Lennon', 'Abdelaziz Barrada') ORDER BY birthday ASC LIMIT 1",True,True,True,2087,29,0.994255317000011,"SELECT player_name FROM Player WHERE player_name IN ('Aaron Lennon', 'Abdelaziz Barrada') ORDER BY birthday ASC LIMIT 1",,,True,True,True,2101,29,1.0221793129999242,"SELECT player_name FROM Player WHERE player_name IN ('Aaron Lennon', 'Abdelaziz Barrada') ORDER BY birthday ASC LIMIT 1",,,True,True,False,2087,32,2.3809415229998194,SELECT player_name FROM Player WHERE player_name = 'Aaron Lennon' OR player_name = 'Abdelaziz Barrada' ORDER BY birthday LIMIT 1,,,True,True,False,2101,32,2.4202739189995555,SELECT player_name FROM Player WHERE player_name = 'Aaron Lennon' OR player_name = 'Abdelaziz Barrada' ORDER BY birthday LIMIT 1,,,True,True,True,True,True,True,True,True,both_correct,both_correct,both_correct,both_correct
147,147,european_football_2,simple,Which player is the tallest?,tallest player refers to MAX(height);,SELECT player_name FROM Player ORDER BY height DESC LIMIT 1,True,True,True,2079,13,0.5129771779999146,SELECT player_name FROM Player ORDER BY height DESC LIMIT 1,,,True,True,True,2085,13,0.5259751860000961,SELECT player_name FROM Player ORDER BY height DESC LIMIT 1,,,True,True,True,2079,13,1.076478515999952,SELECT player_name FROM Player ORDER BY height DESC LIMIT 1,,,True,True,True,2085,13,1.0645494489999692,SELECT player_name FROM Player ORDER BY height DESC LIMIT 1,,,True,True,True,True,True,True,True,True,both_correct,both_correct,both_correct,both_correct
148,148,european_football_2,moderate,"Among the players whose preferred foot was the left foot when attacking, how many of them would remain in his position when the team attacked?",preferred foot when attacking was the left refers to preferred_foot = 'left'; players who would remain in his position when the team attacked refers to attacking_work_rate = 'low';,SELECT COUNT(player_api_id) FROM Player_Attributes WHERE preferred_foot = 'left' AND attacking_work_rate = 'low',True,False,False,2100,23,0.8164577320000035,SELECT COUNT(*) FROM Player_Attributes WHERE preferred_foot = 'left' AND attacking_work_rate = 'medium';,,,True,True,False,2133,23,0.8277088299998923,SELECT COUNT(*) FROM Player_Attributes WHERE preferred_foot = 'left' AND attacking_work_rate = 'low',,,True,False,False,2100,32,2.358869567000056,SELECT COUNT(*) FROM Player_Attributes WHERE preferred_foot = 'left' AND attacking_work_rate = 'medium-high' AND defensive_work_rate = 'low',,,True,False,False,2133,23,1.7478705249995983,SELECT COUNT(*) FROM Player_Attributes WHERE preferred_foot = 'Left' AND attacking_work_rate = 'Low',,,False,True,True,True,False,True,False,True,improved,both_wrong,both_wrong,regressed
149,149,european_football_2,challenging,"Among the players born before the year 1986, how many of them would remain in his position and defense while the team attacked?","players born before the year 1986 refers to strftime('%Y', birthday)<'1986'; players who would remain in his position and defense while the team attacked refers to defensive_work_rate = 'high'; Should consider DISTINCT in the final result;","SELECT COUNT(DISTINCT t1.player_name) FROM Player AS t1 INNER JOIN Player_Attributes AS t2 ON t1.player_api_id = t2.player_api_id WHERE STRFTIME('%Y',t1.birthday) < '1986' AND t2.defensive_work_rate = 'high'",True,False,False,2102,74,2.343897965999986,SELECT COUNT(T1.player_api_id) FROM Player AS T1 INNER JOIN Player_Attributes AS T2 ON T1.player_api_id = T2.player_api_id WHERE T1.birthday < '1986-01-01' AND T2.defensive_work_rate = 'High' AND T2.attacking_work_rate = 'Low',,,False,False,False,2154,44,1.49563517699994,"SELECT COUNT(DISTINCT player_api_id) FROM Player WHERE strftime('%Y', birthday) < '1986' AND preferred_foot IN ('Right', 'Left') AND defensive_work_rate = 'High'",no such column: preferred_foot,,True,False,False,2102,74,5.269306851999772,SELECT COUNT(T1.player_api_id) FROM Player AS T1 INNER JOIN Player_Attributes AS T2 ON T1.player_api_id = T2.player_api_id WHERE T1.birthday < '1986-01-01' AND T2.defensive_work_rate = 'Medium' AND T2.attacking_work_rate = 'Low',,,True,False,False,2154,65,4.604500667999673,"SELECT COUNT(DISTINCT T1.player_api_id) FROM Player AS T1 INNER JOIN Player_Attributes AS T2 ON T1.player_api_id = T2.player_api_id WHERE strftime('%Y', T1.birthday) < '1986' AND T2.defensive_work_rate = 'High'",,,False,True,False,False,False,True,False,True,both_wrong,both_wrong,both_wrong,both_wrong
150,150,european_football_2,moderate,Please list the names of the players whose volley score and dribbling score are over 70.,volley score are over 70 refers to volleys > 70; dribbling score refers to dribbling are over 70 refers to dribbling > 70;,SELECT DISTINCT t1.player_name FROM Player AS t1 INNER JOIN Player_Attributes AS t2 ON t1.player_api_id = t2.player_api_id WHERE t2.volleys > 70 AND t2.dribbling > 70,True,True,False,2093,51,1.6550452760000098,SELECT T1.player_name FROM Player AS T1 INNER JOIN Player_Attributes AS T2 ON T1.player_api_id = T2.player_api_id WHERE T2.volleys > 70 AND T2.dribbling > 70,,,False,False,False,2129,51,1.711980603000029,SELECT T1.player_name FROM Player AS T1 INNER JOIN Player_Attributes AS T2 ON T1.player_api_id = T2.player_api_id WHERE T2.volvies > 70 AND T2.dribbling > 70,no such column: T2.volvies,,False,False,False,2093,51,3.674489891999656,SELECT T1.player_name FROM Player AS T1 INNER JOIN Player_Attributes AS T2 ON T1.player_api_id = T2.player_api_id WHERE T2.volvies > 70 AND T2.dribbling > 70,no such column: T2.volvies,,True,True,False,2129,51,3.6733918170002653,SELECT DISTINCT T1.player_name FROM Player AS T1 INNER JOIN Player_Attributes AS T2 ON T1.player_api_id = T2.player_api_id WHERE T2.dribbling > 70 AND T2.volleys > 70,,,True,True,False,False,False,False,True,True,regressed,improved,regressed,improved
151,151,european_football_2,moderate,"How many matches were held in the Belgium Jupiler League in April, 2009?","Belgium Jupiler League refers to League.name = 'Belgium Jupiler League'; in April, 2009 refers to SUBSTR(`date`, 1, 7);","SELECT COUNT(t2.id) FROM League AS t1 INNER JOIN Match AS t2 ON t1.id = t2.league_id WHERE t1.name = 'Belgium Jupiler League' AND SUBSTR(t2.`date`, 1, 7) = '2009-04'",True,False,False,2094,73,2.3250093210000387,SELECT COUNT(*) FROM Match AS T1 INNER JOIN League AS T2 ON T1.league_id = T2.id INNER JOIN Country AS T3 ON T3.id = T2.country_id WHERE T3.name = 'Belgium' AND T2.name = 'Jupiler League' AND T1.date LIKE '%Apr%2009%',,,True,True,False,2132,61,2.01115938199996,"SELECT COUNT(*) FROM Match AS T1 INNER JOIN League AS T2 ON T1.league_id = T2.id WHERE T2.name = 'Belgium Jupiler League' AND SUBSTR(T1.date, 1, 7) = '2009-04'",,,True,False,False,2094,86,6.016422322999915,"SELECT COUNT(T1.id) FROM Match AS T1 INNER JOIN League AS T2 ON T1.league_id = T2.id INNER JOIN Country AS T3 ON T2.country_id = T3.id WHERE T3.name = 'Belgium' AND T2.name = 'Jupiler League' AND SUBSTR(T1.date, 1, 7) = '2009-04'",,,True,True,False,2132,64,4.503339189999679,"SELECT COUNT(T1.id) FROM Match AS T1 INNER JOIN League AS T2 ON T1.league_id = T2.id WHERE T2.name = 'Belgium Jupiler League' AND SUBSTR(T1.date, 1, 7) = '2009-04'",,,False,True,True,True,False,True,True,True,improved,improved,both_wrong,both_correct
152,152,european_football_2,simple,Give the name of the league had the most matches in the 2008/2009 season?,league that had the most matches in the 2008/2009 season refers to MAX(league_name WHERE season = '2008/2009');,SELECT t1.name FROM League AS t1 JOIN Match AS t2 ON t1.id = t2.league_id WHERE t2.season = '2008/2009' GROUP BY t1.name HAVING COUNT(t2.id) = (SELECT MAX(match_count) FROM (SELECT COUNT(t2.id) AS match_count FROM Match AS t2 WHERE t2.season = '2008/2009' GROUP BY t2.league_id)),True,False,False,2097,59,1.9661112190000267,SELECT T2.name FROM Match AS T1 INNER JOIN League AS T2 ON T1.league_id = T2.id WHERE T1.season = '2008/2009' GROUP BY T2.name ORDER BY COUNT(T1.id) DESC LIMIT 1,,,True,False,False,2134,59,1.9139544130000559,SELECT T2.name FROM Match AS T1 INNER JOIN League AS T2 ON T1.league_id = T2.id WHERE T1.season = '2008/2009' GROUP BY T2.name ORDER BY COUNT(T1.id) DESC LIMIT 1,,,True,False,False,2097,59,4.240243869999631,SELECT T2.name FROM Match AS T1 INNER JOIN League AS T2 ON T1.league_id = T2.id WHERE T1.season = '2008/2009' GROUP BY T2.name ORDER BY COUNT(T1.id) DESC LIMIT 1,,,True,False,False,2134,59,4.235193851999611,SELECT T2.name FROM Match AS T1 INNER JOIN League AS T2 ON T1.league_id = T2.id WHERE T1.season = '2008/2009' GROUP BY T2.name ORDER BY COUNT(T2.name) DESC LIMIT 1,,,False,True,False,True,False,True,False,True,both_wrong,both_wrong,both_wrong,both_wrong
153,153,european_football_2,challenging,How much higher in percentage is Ariel Borysiuk's overall rating than that of Paulin Puel?,"how much higher in percentage = MULTIPLY(DIVIDE(SUBTRACT(overall_rating WHERE player_name = 'Ariel Borysiuk', overall_rating WHERE player_name = 'Paulin Puel'), overall_rating WHERE player_name = 'Paulin Puel'), 100);",SELECT (SUM(CASE WHEN t1.player_name = 'Ariel Borysiuk' THEN t2.overall_rating ELSE 0 END) * 1.0 - SUM(CASE WHEN t1.player_name = 'Paulin Puel' THEN t2.overall_rating ELSE 0 END)) * 100 / SUM(CASE WHEN t1.player_name = 'Paulin Puel' THEN t2.overall_rating ELSE 0 END) FROM Player AS t1 INNER JOIN Player_Attributes AS t2 ON t1.player_api_id = t2.player_api_id,False,False,False,2095,79,2.513684646999991,SELECT (T1.overall_rating - T2.overall_rating) * 100 / T2.overall_rating FROM Player_Attributes AS T1 INNER JOIN Player_Attributes AS T2 ON T1.player_api_id = T2.player_api_id WHERE T1.player_name = 'Ariel Borysiuk' AND T2.player_name = 'Paulin Puel',no such column: T1.player_name,,True,False,False,2151,137,4.3149933320000855,SELECT (( SELECT overall_rating FROM Player AS T1 INNER JOIN Player_Attributes AS T2 ON T1.player_api_id = T2.player_api_id WHERE T1.player_name = 'Ariel Borysiuk' ) - ( SELECT overall_rating FROM Player AS T1 INNER JOIN Player_Attributes AS T2 ON T1.player_api_id = T2.player_api_id WHERE T1.player_name = 'Paulin Puel' )) * 100 / ( SELECT overall_rating FROM Player AS T1 INNER JOIN Player_Attributes AS T2 ON T1.player_api_id = T2.player_api_id WHERE T1.player_name = 'Paulin Puel' ),,,False,False,False,2095,83,5.842589749000126,SELECT CAST((T1.overall_rating - T2.overall_rating) AS REAL) * 100 / T2.overall_rating FROM Player_Attributes AS T1 INNER JOIN Player_Attributes AS T2 ON T1.player_api_id = T2.player_api_id WHERE T1.player_name = 'Ariel Borysiuk' AND T2.player_name = 'Paulin Puel',no such column: T1.player_name,,True,False,False,2151,119,8.271398010999292,SELECT CAST((T1.overall_rating - T2.overall_rating) AS REAL) * 100 / T2.overall_rating FROM Player_Attributes AS T1 INNER JOIN Player_Attributes AS T2 ON T1.player_api_id = T2.player_api_id INNER JOIN Player AS T3 ON T1.player_api_id = T3.player_api_id INNER JOIN Player AS T4 ON T2.player_api_id = T4.player_api_id WHERE T3.player_name = 'Ariel Borysiuk' AND T4.player_name = 'Paulin Puel',,,False,False,False,True,False,False,False,True,both_wrong,both_wrong,both_wrong,both_wrong
154,154,european_football_2,moderate,Calculate the average overall rating of Pietro Marino.,Pietro Marino refers to player_name = 'Pietro Marino'; average overall rating AVG(T1.overall_rating),SELECT CAST(SUM(t2.overall_rating) AS REAL) / COUNT(t2.id) FROM Player AS t1 INNER JOIN Player_Attributes AS t2 ON t1.player_api_id = t2.player_api_id WHERE t1.player_name = 'Pietro Marino',True,True,False,2083,46,1.54382449000002,SELECT AVG(T2.overall_rating) FROM Player AS T1 INNER JOIN Player_Attributes AS T2 ON T1.player_api_id = T2.player_api_id WHERE T1.player_name = 'Pietro Marino',,,True,True,False,2106,46,1.5323849610001616,SELECT AVG(T1.overall_rating) FROM Player_Attributes AS T1 INNER JOIN Player AS T2 ON T1.player_api_id = T2.player_api_id WHERE T2.player_name = 'Pietro Marino',,,True,True,False,2083,46,3.3466590419998283,SELECT AVG(T2.overall_rating) FROM Player AS T1 INNER JOIN Player_Attributes AS T2 ON T1.player_api_id = T2.player_api_id WHERE T1.player_name = 'Pietro Marino',,,True,True,False,2106,46,3.3305613170005017,SELECT AVG(T1.overall_rating) FROM Player_Attributes AS T1 INNER JOIN Player AS T2 ON T1.player_api_id = T2.player_api_id WHERE T2.player_name = 'Pietro Marino',,,True,True,True,True,True,True,True,True,both_correct,both_correct,both_correct,both_correct
155,155,european_football_2,moderate,What is Ajax's highest chance creation passing score and what is it classified as?,Ajax's refers to team_long_name = 'Ajax'; chance creation passing score refers to MAX(chanceCreationPassing); classified refer to chanceCreationPassingClass,"SELECT t2.chanceCreationPassing, t2.chanceCreationPassingClass FROM Team AS t1 INNER JOIN Team_Attributes AS t2 ON t1.team_api_id = t2.team_api_id WHERE t1.team_long_name = 'Ajax' ORDER BY t2.chanceCreationPassing DESC LIMIT 1",True,True,True,2089,66,2.149195930000019,"SELECT T2.chanceCreationPassing, T2.chanceCreationPassingClass FROM Team AS T1 INNER JOIN Team_Attributes AS T2 ON T1.team_api_id = T2.team_api_id WHERE T1.team_long_name = 'Ajax' ORDER BY T2.chanceCreationPassing DESC LIMIT 1",,,True,True,True,2120,66,2.1489697670001533,"SELECT T2.chanceCreationPassing, T2.chanceCreationPassingClass FROM Team AS T1 INNER JOIN Team_Attributes AS T2 ON T1.team_api_id = T2.team_api_id WHERE T1.team_long_name = 'Ajax' ORDER BY T2.chanceCreationPassing DESC LIMIT 1",,,False,False,False,2089,66,4.701372714000172,"SELECT T2.chance_creation_passing, T2.chance_creation_passing_class FROM Team AS T1 INNER JOIN Team_Attributes AS T2 ON T1.team_api_id = T2.team_api_id WHERE T1.team_long_name = 'Ajax' ORDER BY T2.chance_creation_passing DESC LIMIT 1",no such column: T2.chance_creation_passing,,True,True,True,2120,66,4.692238618999909,"SELECT T2.chanceCreationPassing, T2.chanceCreationPassingClass FROM Team AS T1 INNER JOIN Team_Attributes AS T2 ON T1.team_api_id = T2.team_api_id WHERE T1.team_long_name = 'Ajax' ORDER BY T2.chanceCreationPassing DESC LIMIT 1",,,True,True,True,True,False,False,True,True,both_correct,improved,regressed,both_correct
156,156,european_football_2,moderate,"For the players who had a 77 points overall rating on 2016/6/23, who was the oldest? Give the name of the player.","77 points overall rating refers to overall_rating = 77; on 2016/6/23 refers to date LIKE '2016-06-23%'; The larger the birthday value, the younger the person is, and vice versa;","SELECT t1.player_name FROM Player AS t1 INNER JOIN Player_Attributes AS t2 ON t1.player_api_id = t2.player_api_id WHERE SUBSTR(t2.`date`, 1, 10) = '2016-06-23' AND t2.overall_rating = 77 ORDER BY t1.birthday ASC LIMIT 1",True,True,False,2109,68,2.2105859369999052,SELECT T1.player_name FROM Player AS T1 INNER JOIN Player_Attributes AS T2 ON T1.player_api_id = T2.player_api_id WHERE T2.overall_rating = 77 AND T2.date LIKE '2016-06-23%' ORDER BY T1.birthday ASC LIMIT 1,,,True,True,False,2165,68,2.2023148959999617,SELECT T1.player_name FROM Player AS T1 INNER JOIN Player_Attributes AS T2 ON T1.player_api_id = T2.player_api_id WHERE T2.overall_rating = 77 AND T2.date LIKE '2016-06-23%' ORDER BY T1.birthday ASC LIMIT 1,,,True,True,False,2109,67,4.74117859900025,SELECT T1.player_name FROM Player AS T1 INNER JOIN Player_Attributes AS T2 ON T1.player_api_id = T2.player_api_id WHERE T2.overall_rating = 77 AND T2.date LIKE '2016-06-23%' ORDER BY T1.birthday LIMIT 1,,,True,True,False,2165,67,4.728974747999928,SELECT T1.player_name FROM Player AS T1 INNER JOIN Player_Attributes AS T2 ON T1.player_api_id = T2.player_api_id WHERE T2.overall_rating = 77 AND T2.date LIKE '2016-06-23%' ORDER BY T1.birthday LIMIT 1,,,True,True,True,True,True,True,True,True,both_correct,both_correct,both_correct,both_correct
157,157,european_football_2,moderate,What was the overall rating for Aaron Mooy on 2016/2/4?,Aaron Mooy refers to player_name = 'Aaron Mooy'; on 2016/2/4 refers to date LIKE '2016-02-04%';,"SELECT t2.overall_rating FROM Player AS t1 INNER JOIN Player_Attributes AS t2 ON t1.player_api_id = t2.player_api_id WHERE SUBSTR(t2.`date`, 1, 10) = '2016-02-04' AND t1.player_name = 'Aaron Mooy'",True,True,False,2093,60,1.976462553000033,SELECT T1.overall_rating FROM Player_Attributes AS T1 INNER JOIN Player AS T2 ON T1.player_api_id = T2.player_api_id WHERE T2.player_name = 'Aaron Mooy' AND T1.date LIKE '2016-02-04%',,,True,True,False,2131,60,1.9472947880001357,SELECT T1.overall_rating FROM Player_Attributes AS T1 INNER JOIN Player AS T2 ON T1.player_api_id = T2.player_api_id WHERE T2.player_name = 'Aaron Mooy' AND T1.date LIKE '2016-02-04%',,,True,True,False,2093,60,4.277774519000104,SELECT T2.overall_rating FROM Player AS T1 INNER JOIN Player_Attributes AS T2 ON T1.player_api_id = T2.player_api_id WHERE T1.player_name = 'Aaron Mooy' AND T2.date LIKE '2016-02-04%',,,True,True,False,2131,60,4.266248156000074,SELECT T2.overall_rating FROM Player AS T1 INNER JOIN Player_Attributes AS T2 ON T1.player_api_id = T2.player_api_id WHERE T1.player_name = 'Aaron Mooy' AND T2.date LIKE '2016-02-04%',,,True,True,True,True,True,True,True,True,both_correct,both_correct,both_correct,both_correct
158,158,european_football_2,moderate,How was Francesco Migliore's attacking work rate on 2015/5/1?,Francesco Migliore refers to player_name = 'Francesco Migliore'; on 2015/5/1 refers to date LIKE '2015-05-01%';,SELECT t2.attacking_work_rate FROM Player AS t1 INNER JOIN Player_Attributes AS t2 ON t1.player_api_id = t2.player_api_id WHERE t2.`date` LIKE '2015-05-01%' AND t1.player_name = 'Francesco Migliore',True,True,False,2094,64,2.1185339559999647,SELECT T1.attacking_work_rate FROM Player_Attributes AS T1 INNER JOIN Player AS T2 ON T1.player_api_id = T2.player_api_id WHERE T2.player_name = 'Francesco Migliore' AND T1.date LIKE '2015-05-01%',,,True,True,False,2138,64,2.074407312999938,SELECT T1.attacking_work_rate FROM Player_Attributes AS T1 INNER JOIN Player AS T2 ON T1.player_api_id = T2.player_api_id WHERE T2.player_name = 'Francesco Migliore' AND T1.date LIKE '2015-05-01%',,,True,True,False,2094,64,4.511071806000018,SELECT T1.attacking_work_rate FROM Player_Attributes AS T1 INNER JOIN Player AS T2 ON T1.player_api_id = T2.player_api_id WHERE T2.player_name = 'Francesco Migliore' AND T1.date LIKE '%2015-05-01%',,,True,True,False,2138,64,4.555448920999879,SELECT T1.attacking_work_rate FROM Player_Attributes AS T1 INNER JOIN Player AS T2 ON T1.player_api_id = T2.player_api_id WHERE T2.player_name = 'Francesco Migliore' AND T1.date LIKE '2015-05-01%',,,True,True,True,True,True,True,True,True,both_correct,both_correct,both_correct,both_correct
159,159,european_football_2,moderate,When was the first time did Kevin Constant have his highest crossing score? Give the date.,Kevin Constant refers to player_name = 'Kevin Constant'; highest crossing score refers to MAX(crossing),"SELECT `date` FROM ( SELECT t2.crossing, t2.`date` FROM Player AS t1 INNER JOIN Player_Attributes AS t2 ON t1.player_fifa_api_id = t2.player_fifa_api_id WHERE t1.player_name = 'Kevin Constant' ORDER BY t2.crossing DESC) ORDER BY date DESC LIMIT 1",False,False,False,2091,51,1.6992166420000103,SELECT T1.date FROM Match AS T1 INNER JOIN Player_Attributes AS T2 ON T1.home_player_1 = T2.player_api_id WHERE T2.player_name = 'Kevin Constant' ORDER BY T2.crossing DESC LIMIT 1,no such column: T2.player_name,,True,False,False,2110,50,1.642821154000103,SELECT T1.date FROM Player_Attributes AS T1 INNER JOIN Player AS T2 ON T1.player_api_id = T2.player_api_id WHERE T2.player_name = 'Kevin Constant' ORDER BY T1.crossing DESC LIMIT 1,,,True,False,False,2091,50,3.5765636639998775,SELECT T1.date FROM Player_Attributes AS T1 INNER JOIN Player AS T2 ON T1.player_api_id = T2.player_api_id WHERE T2.player_name = 'Kevin Constant' ORDER BY T1.crossing DESC LIMIT 1,,,True,False,False,2110,50,3.5810101999995823,SELECT T1.date FROM Player_Attributes AS T1 INNER JOIN Player AS T2 ON T1.player_api_id = T2.player_api_id WHERE T2.player_name = 'Kevin Constant' ORDER BY T1.crossing DESC LIMIT 1,,,False,False,False,True,False,True,False,True,both_wrong,both_wrong,both_wrong,both_wrong
160,160,european_football_2,moderate,"Tell the build Up play passing class for ""FC Lorient"" on 2010/2/22.","""FC Lorient"" refers to team_long_name = 'FC Lorient'; on 2010/2/22 refers to date LIKE '2010-02-22%';",SELECT t2.buildUpPlayPassingClass FROM Team AS t1 INNER JOIN Team_Attributes AS t2 ON t1.team_api_id = t2.team_api_id WHERE t1.team_long_name = 'FC Lorient' AND t2.`date` LIKE '2010-02-22%',True,True,False,2098,64,2.0903340739999976,SELECT T2.buildUpPlayPassingClass FROM Team AS T1 INNER JOIN Team_Attributes AS T2 ON T1.team_api_id = T2.team_api_id WHERE T1.team_long_name = 'FC Lorient' AND T2.date LIKE '2010-02-22%',,,True,True,False,2140,64,2.0777218149999044,SELECT T2.buildUpPlayPassingClass FROM Team AS T1 INNER JOIN Team_Attributes AS T2 ON T1.team_api_id = T2.team_api_id WHERE T1.team_long_name = 'FC Lorient' AND T2.date LIKE '2010-02-22%',,,True,True,False,2098,64,4.564694443000462,SELECT T2.buildUpPlayPassingClass FROM Team AS T1 INNER JOIN Team_Attributes AS T2 ON T1.team_api_id = T2.team_api_id WHERE T1.team_long_name = 'FC Lorient' AND T2.date LIKE '2010-02-22%',,,True,True,False,2140,64,4.564223667000078,SELECT T2.buildUpPlayPassingClass FROM Team AS T1 INNER JOIN Team_Attributes AS T2 ON T1.team_api_id = T2.team_api_id WHERE T1.team_long_name = 'FC Lorient' AND T2.date LIKE '2010-02-22%',,,True,True,True,True,True,True,True,True,both_correct,both_correct,both_correct,both_correct
161,161,european_football_2,moderate,"For the team ""Hannover 96"", what was its defence aggression class on 2015/9/10?","""Hannover 96"" refers to team_long_name = 'Hannover 96'; on 2015/9/10 refers to date LIKE '2015-09-10%';",SELECT t2.defenceAggressionClass FROM Team AS t1 INNER JOIN Team_Attributes AS t2 ON t1.team_api_id = t2.team_api_id WHERE t1.team_long_name = 'Hannover 96' AND t2.`date` LIKE '2015-09-10%',True,False,False,2102,66,2.1109072080000715,SELECT T2.defenceAggressionClass FROM Team AS T1 INNER JOIN Team_Attributes AS T2 ON T1.team_api_id = T2.team_api_id WHERE T1.team_long_name = 'Hannover 96' AND T2.date = '2015-09-10',,,True,True,False,2149,66,2.1863497210001697,SELECT T2.defenceAggressionClass FROM Team AS T1 INNER JOIN Team_Attributes AS T2 ON T1.team_api_id = T2.team_api_id WHERE T1.team_long_name = 'Hannover 96' AND T2.date LIKE '2015-09-10%',,,True,True,False,2102,66,4.655556880000404,SELECT T2.defenceAggressionClass FROM Team AS T1 INNER JOIN Team_Attributes AS T2 ON T1.team_api_id = T2.team_api_id WHERE T1.team_long_name = 'Hannover 96' AND T2.date LIKE '2015-09-10%',,,True,True,False,2149,66,4.65829266899982,SELECT T2.defenceAggressionClass FROM Team AS T1 INNER JOIN Team_Attributes AS T2 ON T1.team_api_id = T2.team_api_id WHERE T1.team_long_name = 'Hannover 96' AND T2.date LIKE '2015-09-10%',,,False,True,True,True,True,True,True,True,improved,both_correct,improved,both_correct
162,162,european_football_2,challenging,What was the average overall rating for Marko Arnautovic from 2007/2/22 to 2016/4/21?,average overall rating refers to avg(overall_rating); Marko Arnautovic refers to player_name = 'Marko Arnautovic'; from 2007/2/22 to 2016/4/21 refers to the first 10 characters of date BETWEEN '2007-02-22' and '2016-04-21',"SELECT CAST(SUM(t2.overall_rating) AS REAL) / COUNT(t2.id) FROM Player AS t1 INNER JOIN Player_Attributes AS t2 ON t1.player_fifa_api_id = t2.player_fifa_api_id WHERE t1.player_name = 'Marko Arnautovic' AND SUBSTR(t2.`date`, 1, 10) BETWEEN '2007-02-22' AND '2016-04-21'",True,False,False,2108,63,2.024745203000066,SELECT AVG(overall_rating) FROM Player_Attributes WHERE player_api_id = ( SELECT player_api_id FROM Player WHERE player_name = 'Marko Arnautovic' ) AND date BETWEEN '2007-02-22' AND '2016-04-21',,,True,True,False,2191,87,2.7541201900000942,"SELECT AVG(T2.overall_rating) FROM Player AS T1 INNER JOIN Player_Attributes AS T2 ON T1.player_api_id = T2.player_api_id WHERE T1.player_name = 'Marko Arnautovic' AND SUBSTR(T2.date, 1, 10) BETWEEN '2007-02-22' AND '2016-04-21'",,,True,False,False,2108,77,5.4084290099999635,SELECT AVG(T2.overall_rating) FROM Player AS T1 INNER JOIN Player_Attributes AS T2 ON T1.player_api_id = T2.player_api_id WHERE T1.player_name = 'Marko Arnautovic' AND T2.date BETWEEN '2007-02-22' AND '2016-04-21',,,True,True,False,2191,87,6.107152167000095,"SELECT AVG(T2.overall_rating) FROM Player AS T1 INNER JOIN Player_Attributes AS T2 ON T1.player_api_id = T2.player_api_id WHERE T1.player_name = 'Marko Arnautovic' AND SUBSTR(T2.date, 1, 10) BETWEEN '2007-02-22' AND '2016-04-21'",,,False,True,True,True,False,True,True,True,improved,improved,both_wrong,both_correct
163,163,european_football_2,challenging,What percentage is Landon Donovan's overall rating higher than Jordan Bowery on 2013/7/12?,"Landon Donovan's refers to player_name = 'Landon Donovan'; Jordan Bowery refers to player_name = 'Jordan Bowery'; percentage refers to DIVIDE(SUBTRACT(player_name = 'Landon Donovan' overall_rating; player_name = 'Jordan Bowery' overall_rating), player_name = 'Landon Donovan' overall_rating)*100","SELECT (SUM(CASE WHEN t1.player_name = 'Landon Donovan' THEN t2.overall_rating ELSE 0 END) * 1.0 - SUM(CASE WHEN t1.player_name = 'Jordan Bowery' THEN t2.overall_rating ELSE 0 END)) * 100 / SUM(CASE WHEN t1.player_name = 'Landon Donovan' THEN t2.overall_rating ELSE 0 END) LvsJ_percent FROM Player AS t1 INNER JOIN Player_Attributes AS t2 ON t1.player_fifa_api_id = t2.player_fifa_api_id WHERE SUBSTR(t2.`date`, 1, 10) = '2013-07-12'",False,False,False,2099,113,3.5615402429999676,SELECT CAST((T1.overall_rating - T2.overall_rating) AS REAL) * 100 / T2.overall_rating FROM Player_Attributes AS T1 INNER JOIN Player_Attributes AS T2 ON T1.player_api_id = T2.player_api_id WHERE T1.date = '2013-07-12' AND T2.date = '2013-07-12' AND T1.player_name = 'Landon Donovan' AND T2.player_name = 'Jordan Bowery',no such column: T1.player_name,,True,False,False,2169,131,4.08191028300007,SELECT CAST((SUM(CASE WHEN T1.player_name = 'Landon Donovan' THEN T2.overall_rating ELSE 0 END) - SUM(CASE WHEN T1.player_name = 'Jordan Bowery' THEN T2.overall_rating ELSE 0 END)) AS REAL) * 100 / SUM(CASE WHEN T1.player_name = 'Landon Donovan' THEN T2.overall_rating ELSE 0 END) FROM Player AS T1 INNER JOIN Player_Attributes AS T2 ON T1.player_api_id = T2.player_api_id WHERE T2.date = '2013-07-12',,,False,False,False,2099,111,7.738291081999705,SELECT CAST(T1.overall_rating - T2.overall_rating AS REAL) * 100 / T2.overall_rating FROM Player_Attributes AS T1 INNER JOIN Player_Attributes AS T2 ON T1.player_api_id = T2.player_api_id WHERE T1.date LIKE '2013-07-12%' AND T2.date LIKE '2013-07-12%' AND T1.player_name = 'Landon Donovan' AND T2.player_name = 'Jordan Bowery',no such column: T1.player_name,,False,False,False,2169,196,13.4533663910006,SELECT CAST(( SELECT T1.overall_rating FROM Player AS T1 INNER JOIN Player_Attributes AS T2 ON T1.player_api_id = T2.player_api_id WHERE T1.player_name = 'Landon Donovan' AND T2.date LIKE '2013-07-12%' ) - ( SELECT T1.overall_rating FROM Player AS T1 INNER JOIN Player_Attributes AS T2 ON T1.player_api_id = T2.player_api_id WHERE T1.player_name = 'Jordan Bowery' AND T2.date LIKE '2013-07-12%' ) AS REAL) * 100 / ( SELECT T1.overall_rating FROM Player AS T1 INNER JOIN Player_Attributes AS T2 ON T1.player_api_id = T2.player_api_id WHERE T1.player_name = 'Landon Donovan' AND T2.date LIKE '2013-07-12%' ),no such column: T1.overall_rating,,False,False,False,True,False,False,False,False,both_wrong,both_wrong,both_wrong,both_wrong
164,164,european_football_2,simple,List down most tallest players' name.,tallest refers to rank based on the height in descending order; Most tallest players refers to rank = 1 ,"SELECT player_name FROM (SELECT player_name, height, DENSE_RANK() OVER (ORDER BY height DESC) as rank FROM Player) WHERE rank = 1",True,True,False,2081,13,0.5157386739999765,SELECT player_name FROM Player ORDER BY height DESC LIMIT 1,,,True,True,False,2102,13,0.5202669139998761,SELECT player_name FROM Player ORDER BY height DESC LIMIT 1,,,True,True,False,2081,13,1.0757667579991903,SELECT player_name FROM Player ORDER BY height DESC LIMIT 1,,,True,True,False,2102,13,1.1120351449999362,SELECT player_name FROM Player ORDER BY height DESC LIMIT 1,,,True,True,True,True,True,True,True,True,both_correct,both_correct,both_correct,both_correct
165,165,european_football_2,simple,State the name of the most strongest player.,strongest players refers to player has MAX(overall_rating),SELECT DISTINCT t1.player_name FROM Player AS t1 INNER JOIN Player_Attributes AS t2 ON t1.player_api_id = t2.player_api_id WHERE t2.overall_rating = (SELECT MAX(overall_rating) FROM Player_Attributes),True,False,False,2082,41,1.3501766749999433,SELECT T1.player_name FROM Player AS T1 INNER JOIN Player_Attributes AS T2 ON T1.player_api_id = T2.player_api_id ORDER BY T2.strength DESC LIMIT 1,,,True,True,False,2092,29,1.0298989200000506,SELECT player_name FROM Player WHERE player_api_id = ( SELECT player_api_id FROM Player_Attributes ORDER BY overall_rating DESC LIMIT 1 ),,,True,False,False,2082,41,2.9595248699997683,SELECT T1.player_name FROM Player AS T1 INNER JOIN Player_Attributes AS T2 ON T1.player_api_id = T2.player_api_id ORDER BY T2.strength DESC LIMIT 1,,,True,True,False,2092,39,2.813193577000675,SELECT T1.player_name FROM Player AS T1 INNER JOIN Player_Attributes AS T2 ON T1.player_api_id = T2.player_api_id ORDER BY overall_rating DESC LIMIT 1,,,False,True,True,True,False,True,True,True,improved,improved,both_wrong,both_correct
166,166,european_football_2,moderate,Who are the players that tend to be attacking when their mates were doing attack moves? List down their name.,tend to be attacking when their mates were doing attack moves refers to attacking_work_rate = 'high';,SELECT DISTINCT t1.player_name FROM Player AS t1 INNER JOIN Player_Attributes AS t2 ON t1.player_api_id = t2.player_api_id WHERE t2.attacking_work_rate = 'high',True,False,False,2095,54,1.738959211000065,SELECT DISTINCT T1.player_name FROM Player AS T1 INNER JOIN Player_Attributes AS T2 ON T1.player_api_id = T2.player_api_id WHERE T2.attacking_work_rate = 'High' AND T2.defensive_work_rate = 'Low',,,True,False,False,2114,29,1.0278856229999747,SELECT player_name FROM Player WHERE player_api_id IN ( SELECT player_api_id FROM Player_Attributes WHERE attacking_work_rate = 'High' ),,,True,False,False,2095,54,3.8925816330001908,SELECT DISTINCT T1.player_name FROM Player AS T1 INNER JOIN Player_Attributes AS T2 ON T1.player_api_id = T2.player_api_id WHERE T2.attacking_work_rate = 'High' AND T2.defensive_work_rate = 'Low',,,True,False,False,2114,29,2.1786353400002554,SELECT player_name FROM Player WHERE player_api_id IN ( SELECT player_api_id FROM Player_Attributes WHERE attacking_work_rate = 'High' ),,,False,True,False,True,False,True,False,True,both_wrong,both_wrong,both_wrong,both_wrong
167,167,european_football_2,moderate,What are the short name of team who played safe while creating chance of passing?,played safe while creating chance of passing refers to chanceCreationPassingClass = 'Safe'; short name of team refers to team_short_name,SELECT DISTINCT t1.team_short_name FROM Team AS t1 INNER JOIN Team_Attributes AS t2 ON t1.team_api_id = t2.team_api_id WHERE t2.chanceCreationPassingClass = 'Safe',True,True,False,2089,45,1.4754486489999863,SELECT T1.team_short_name FROM Team AS T1 INNER JOIN Team_Attributes AS T2 ON T1.team_api_id = T2.team_api_id WHERE T2.chanceCreationPassingClass = 'Safe',,,True,True,False,2115,45,1.5455724180001198,SELECT T1.team_short_name FROM Team AS T1 INNER JOIN Team_Attributes AS T2 ON T1.team_api_id = T2.team_api_id WHERE T2.chanceCreationPassingClass = 'Safe',,,True,True,False,2089,45,3.2486961269996755,SELECT T1.team_short_name FROM Team AS T1 INNER JOIN Team_Attributes AS T2 ON T1.team_api_id = T2.team_api_id WHERE T2.chanceCreationPassingClass = 'Safe',,,True,True,False,2115,52,3.7262577309993503,SELECT T1.team_short_name FROM Team AS T1 INNER JOIN Team_Attributes AS T2 ON T1.team_api_id = T2.team_api_id WHERE T2.chanceCreationPassingClass = 'Safe' GROUP BY T1.team_short_name,,,True,True,True,True,True,True,True,True,both_correct,both_correct,both_correct,both_correct
168,168,european_football_2,simple,"How many football players born after the 1990s have the first name ""Aaron""?","first name ""Aaron"" refers to player_name LIKE 'Aaron%'; born after the 1990s refers to birthday > '1990'",SELECT COUNT(id) FROM Player WHERE birthday > '1990' AND player_name LIKE 'Aaron%',True,True,False,2093,28,0.975286839999967,SELECT COUNT(*) FROM Player WHERE player_name LIKE 'Aaron%' AND birthday > '1990-01-01',,,True,True,False,2124,22,0.8233535229999234,SELECT COUNT(*) FROM Player WHERE player_name LIKE 'Aaron%' AND birthday > '1990',,,True,True,False,2093,28,2.0789192570000523,SELECT COUNT(*) FROM Player WHERE player_name LIKE 'Aaron%' AND birthday < '1990-01-01',,,True,True,False,2124,23,1.764573279000615,SELECT COUNT(id) FROM Player WHERE player_name LIKE 'Aaron%' AND birthday > '1990',,,True,True,True,True,True,True,True,True,both_correct,both_correct,both_correct,both_correct
169,169,european_football_2,simple,What is the difference between players 6 and 23's jumping scores?,"difference between players 6 and 23's jumping scores refers to SUBTRACT(jumping AND id = 6,jumping AND id = 23)",SELECT SUM(CASE WHEN t1.id = 6 THEN t1.jumping ELSE 0 END) - SUM(CASE WHEN t1.id = 23 THEN t1.jumping ELSE 0 END) FROM Player_Attributes AS t1,True,False,False,2089,45,1.4693537460000243,SELECT T1.jumping - T2.jumping FROM Player_Attributes AS T1 INNER JOIN Player_Attributes AS T2 ON T1.player_api_id = 6 AND T2.player_api_id = 23,,,True,False,False,2119,47,1.5818049550000524,SELECT ABS(T1.jumping - T2.jumping) FROM Player_Attributes AS T1 INNER JOIN Player_Attributes AS T2 ON T1.player_api_id = 6 AND T2.player_api_id = 23,,,True,False,False,2089,57,4.099057797999194,SELECT T1.jumping - T2.jumping FROM Player_Attributes AS T1 INNER JOIN Player_Attributes AS T2 ON T1.player_api_id = T2.player_api_id WHERE T1.player_api_id = 6 AND T2.player_api_id = 23,,,True,True,False,2119,53,3.7845652300002257,SELECT T1.jumping - T2.jumping FROM Player_Attributes AS T1 INNER JOIN Player_Attributes AS T2 ON T1.player_api_id = T2.player_api_id WHERE T1.id = 6 AND T2.id = 23,,,False,True,False,True,False,True,True,True,both_wrong,improved,both_wrong,improved
170,170,european_football_2,moderate,Please provide top four football players' IDs who are among the lowest potential players and prefer to use the right foot when attacking.,lowest potential players refers to MIN(potential); prefer to use the right foot when attacking refers to preferred_foot = 'right',SELECT id FROM Player_Attributes WHERE preferred_foot = 'right' ORDER BY potential ASC LIMIT 4,True,False,False,2098,23,0.8114630630000192,SELECT player_api_id FROM Player_Attributes WHERE preferred_foot = 'right' ORDER BY potential ASC LIMIT 4,,,True,False,False,2122,23,0.8288538929998595,SELECT player_api_id FROM Player_Attributes WHERE preferred_foot = 'right' ORDER BY potential ASC LIMIT 4,,,True,False,False,2098,79,5.607184455000606,"SELECT player_api_id FROM Player_Attributes WHERE preferred_foot = 'right' AND potential IN (( SELECT MIN(potential) FROM Player_Attributes ), ( SELECT MIN(potential) + 1 FROM Player_Attributes ), ( SELECT MIN(potential) + 2 FROM Player_Attributes ), ( SELECT MIN(potential) + 3 FROM Player_Attributes )) LIMIT 4",,,True,False,False,2122,23,1.7540531329996156,SELECT player_api_id FROM Player_Attributes WHERE preferred_foot = 'right' ORDER BY potential ASC LIMIT 4,,,False,True,False,True,False,True,False,True,both_wrong,both_wrong,both_wrong,both_wrong
171,171,european_football_2,moderate,How many players had the highest potential score for crossing that preferred to use their left foots while attacking?,highest potential score for crossing refers to MAX(crossing); preferred to use their left foots while attacking refers to preferred_foot = 'left',SELECT COUNT(t1.id) FROM Player_Attributes AS t1 WHERE t1.preferred_foot = 'left' AND t1.crossing = ( SELECT MAX(crossing) FROM Player_Attributes),True,True,False,2094,57,1.8483623760000683,SELECT COUNT(*) FROM Player AS T1 INNER JOIN Player_Attributes AS T2 ON T1.player_api_id = T2.player_api_id WHERE T2.preferred_foot = 'left' AND T2.crossing = ( SELECT MAX(crossing) FROM Player_Attributes ),,,True,True,False,2121,30,1.0477617569999893,SELECT COUNT(*) FROM Player_Attributes WHERE crossing = ( SELECT MAX(crossing) FROM Player_Attributes ) AND preferred_foot = 'left',,,True,False,False,2094,64,4.569056181000633,SELECT COUNT(T1.player_api_id) FROM Player AS T1 INNER JOIN Player_Attributes AS T2 ON T1.player_api_id = T2.player_api_id WHERE T2.crossing = 80 AND T2.preferred_foot = 'left' AND T2.attacking_work_rate = 'high',,,True,True,False,2121,30,2.221150165999461,SELECT COUNT(*) FROM Player_Attributes WHERE preferred_foot = 'left' AND crossing = ( SELECT MAX(crossing) FROM Player_Attributes ),,,True,True,True,True,False,True,True,True,both_correct,improved,regressed,both_correct
172,172,european_football_2,challenging,"What was the final score for the match on September 24, 2008, in the Belgian Jupiler League between the home team and the away team?","September 24, 2008 refers to date like '2008-09-24%'; in the Belgian Jupiler League refers to League.name = 'Belgium Jupiler League'; final score for home team refers to home_team_goal; final score for away team refers to away_team_goal","SELECT t2.home_team_goal, t2.away_team_goal FROM League AS t1 INNER JOIN Match AS t2 ON t1.id = t2.league_id WHERE t1.name = 'Belgium Jupiler League' AND t2.`date` LIKE '2008-09-24%'",True,False,False,2109,66,2.2270233599999756,"SELECT T1.home_team_goal, T1.away_team_goal FROM Match AS T1 INNER JOIN League AS T2 ON T1.league_id = T2.id WHERE T1.date = '2008-09-24' AND T2.name = 'Belgian Jupiler League'",,,True,True,False,2176,65,2.123862168999949,"SELECT T1.home_team_goal, T1.away_team_goal FROM Match AS T1 INNER JOIN League AS T2 ON T1.league_id = T2.id WHERE T2.name = 'Belgium Jupiler League' AND T1.date LIKE '2008-09-24%'",,,True,False,False,2109,66,4.718321530000139,"SELECT T1.home_team_goal, T1.away_team_goal FROM Match AS T1 INNER JOIN League AS T2 ON T1.league_id = T2.id WHERE T1.date LIKE '2008-09-24%' AND T2.name = 'Belgian Jupiler League'",,,True,True,False,2176,65,4.634016262999467,"SELECT T1.home_team_goal, T1.away_team_goal FROM Match AS T1 INNER JOIN League AS T2 ON T1.league_id = T2.id WHERE T2.name = 'Belgium Jupiler League' AND T1.date LIKE '2008-09-24%'",,,False,True,True,True,False,True,True,True,improved,improved,both_wrong,both_correct
173,173,european_football_2,moderate,"Does the KSV Cercle Brugge team have a slow, balanced or fast speed class?",KSV Cercle Brugge refers to team_long_name = 'KSV Cercle Brugge'; speed class refers to buildUpPlaySpeedClass,SELECT DISTINCT t1.buildUpPlaySpeedClass FROM Team_Attributes AS t1 INNER JOIN Team AS t2 ON t1.team_api_id = t2.team_api_id WHERE t2.team_long_name = 'KSV Cercle Brugge',True,True,False,2094,39,1.305224437999982,SELECT buildUpPlaySpeedClass FROM Team_Attributes WHERE team_api_id = ( SELECT team_api_id FROM Team WHERE team_long_name = 'KSV Cercle Brugge' ),,,True,True,False,2126,51,1.6962499480000588,SELECT T2.buildUpPlaySpeedClass FROM Team AS T1 INNER JOIN Team_Attributes AS T2 ON T1.team_api_id = T2.team_api_id WHERE T1.team_long_name = 'KSV Cercle Brugge',,,True,True,False,2094,39,2.832198375000189,SELECT buildUpPlaySpeedClass FROM Team_Attributes WHERE team_api_id = ( SELECT team_api_id FROM Team WHERE team_long_name = 'KSV Cercle Brugge' ),,,True,True,False,2126,51,3.686707017000117,SELECT T2.buildUpPlaySpeedClass FROM Team AS T1 INNER JOIN Team_Attributes AS T2 ON T1.team_api_id = T2.team_api_id WHERE T1.team_long_name = 'KSV Cercle Brugge',,,True,True,True,True,True,True,True,True,both_correct,both_correct,both_correct,both_correct
174,174,european_football_2,simple,Please state the finishing rate and curve score of the player who has the heaviest weight.,finishing rate refer to finishing; curve score refer to curve; heaviest weight refers to MAX(weight),"SELECT id, finishing, curve FROM Player_Attributes WHERE player_api_id = ( SELECT player_api_id FROM Player ORDER BY weight DESC LIMIT 1 ) LIMIT 1",True,False,False,2091,44,1.4555751440000222,"SELECT T1.finishing, T1.curve FROM Player_Attributes AS T1 INNER JOIN Player AS T2 ON T1.player_api_id = T2.player_api_id ORDER BY T2.weight DESC LIMIT 1",,,True,False,False,2110,44,1.470196931999908,"SELECT T1.finishing, T1.curve FROM Player_Attributes AS T1 INNER JOIN Player AS T2 ON T1.player_api_id = T2.player_api_id ORDER BY T2.weight DESC LIMIT 1",,,True,False,False,2091,44,3.1639075000002777,"SELECT T1.finishing, T1.curve FROM Player_Attributes AS T1 INNER JOIN Player AS T2 ON T1.player_api_id = T2.player_api_id ORDER BY T2.weight DESC LIMIT 1",,,True,False,False,2110,44,3.1923730200005593,"SELECT T1.finishing, T1.curve FROM Player_Attributes AS T1 INNER JOIN Player AS T2 ON T1.player_api_id = T2.player_api_id ORDER BY T2.weight DESC LIMIT 1",,,False,True,False,True,False,True,False,True,both_wrong,both_wrong,both_wrong,both_wrong
175,175,european_football_2,simple,Which top 4 leagues had the most games in the 2015-2016 season?,in the 2015-2016 season refers to season = '2015/2016'; league with most games refers to League.name where MAX(COUNT(id)),SELECT t1.name FROM League AS t1 INNER JOIN Match AS t2 ON t1.id = t2.league_id WHERE t2.season = '2015/2016' GROUP BY t1.name ORDER BY COUNT(t2.id) DESC LIMIT 4,True,True,False,2096,59,1.9203844639999943,SELECT T2.name FROM Match AS T1 INNER JOIN League AS T2 ON T1.league_id = T2.id WHERE T1.season = '2015/2016' GROUP BY T2.name ORDER BY COUNT(T1.id) DESC LIMIT 4,,,True,True,False,2136,59,1.9703074179999476,SELECT T2.name FROM Match AS T1 INNER JOIN League AS T2 ON T1.league_id = T2.id WHERE T1.season = '2015/2016' GROUP BY T2.name ORDER BY COUNT(T1.id) DESC LIMIT 4,,,True,True,False,2096,59,4.237897124000483,SELECT T2.name FROM Match AS T1 INNER JOIN League AS T2 ON T1.league_id = T2.id WHERE T1.season = '2015/2016' GROUP BY T2.name ORDER BY COUNT(T1.id) DESC LIMIT 4,,,True,True,False,2136,59,4.233939890999864,SELECT T2.name FROM Match AS T1 INNER JOIN League AS T2 ON T1.league_id = T2.id WHERE T1.season = '2015/2016' GROUP BY T2.name ORDER BY COUNT(T1.id) DESC LIMIT 4,,,True,True,True,True,True,True,True,True,both_correct,both_correct,both_correct,both_correct
176,176,european_football_2,moderate,Please provide the full name of the away team that scored the most goals.,full name refers to team_long_name; away team refers to away_team_api_id; scored the most goals refers to MAX(away_team_goal),SELECT t2.team_long_name FROM Match AS t1 INNER JOIN Team AS t2 ON t1.away_team_api_id = t2.team_api_id ORDER BY t1.away_team_goal DESC LIMIT 1,True,False,False,2088,53,1.7741835970000466,SELECT T2.team_long_name FROM Match AS T1 INNER JOIN Team AS T2 ON T1.away_team_api_id = T2.team_api_id GROUP BY T2.team_long_name ORDER BY SUM(T1.away_team_goal) DESC LIMIT 1,,,True,True,True,2115,44,1.5340333750000354,SELECT T2.team_long_name FROM Match AS T1 INNER JOIN Team AS T2 ON T1.away_team_api_id = T2.team_api_id ORDER BY T1.away_team_goal DESC LIMIT 1,,,True,False,False,2088,53,3.7909590230001413,SELECT T2.team_long_name FROM Match AS T1 INNER JOIN Team AS T2 ON T1.away_team_api_id = T2.team_api_id GROUP BY T2.team_long_name ORDER BY SUM(T1.away_team_goal) DESC LIMIT 1,,,True,True,True,2115,44,3.1707450309995693,SELECT T2.team_long_name FROM Match AS T1 INNER JOIN Team AS T2 ON T1.away_team_api_id = T2.team_api_id ORDER BY T1.away_team_goal DESC LIMIT 1,,,False,True,True,True,False,True,True,True,improved,improved,both_wrong,both_correct
177,177,european_football_2,simple,Please name one player whose overall strength is the greatest.,overall strength is the greatest refers to MAX(overall_rating),SELECT DISTINCT t1.player_name FROM Player AS t1 INNER JOIN Player_Attributes AS t2 ON t1.player_api_id = t2.player_api_id WHERE t2.overall_rating = ( SELECT MAX(overall_rating) FROM Player_Attributes),True,False,False,2084,41,1.4388008090000994,SELECT T1.player_name FROM Player AS T1 INNER JOIN Player_Attributes AS T2 ON T1.player_api_id = T2.player_api_id ORDER BY T2.strength DESC LIMIT 1,,,True,True,False,2094,42,1.416283888999942,SELECT T1.player_name FROM Player AS T1 INNER JOIN Player_Attributes AS T2 ON T1.player_api_id = T2.player_api_id ORDER BY T2.overall_rating DESC LIMIT 1,,,True,True,False,2084,42,3.0675512990001153,SELECT T1.player_name FROM Player AS T1 INNER JOIN Player_Attributes AS T2 ON T1.player_api_id = T2.player_api_id ORDER BY T2.overall_rating DESC LIMIT 1,,,True,True,False,2094,42,3.0359728070006895,SELECT T1.player_name FROM Player AS T1 INNER JOIN Player_Attributes AS T2 ON T1.player_api_id = T2.player_api_id ORDER BY T2.overall_rating DESC LIMIT 1,,,False,True,True,True,True,True,True,True,improved,both_correct,improved,both_correct
178,178,european_football_2,moderate,What is the percentage of players that are under 180 cm who have an overall strength of more than 70?,"percentage refers to DIVIDE(COUNT(height < 180 AND overall_rating > 70),COUNT(id)) * 100",SELECT CAST(COUNT(CASE WHEN t2.overall_rating > 70  AND t1.height < 180 THEN t1.id ELSE NULL END) AS REAL) * 100 / COUNT(t1.id) percent FROM Player AS t1 INNER JOIN Player_Attributes AS t2 ON t1.player_api_id = t2.player_api_id,True,False,False,2099,86,2.8226181850000103,SELECT CAST(SUM(CASE WHEN T1.height < 180 AND T2.overall_rating > 70 THEN 1 ELSE 0 END) AS REAL) * 100 / COUNT(T1.player_api_id) FROM Player AS T1 INNER JOIN Player_Attributes AS T2 ON T1.player_api_id = T2.player_api_id WHERE T2.date LIKE '%2013',,,True,False,False,2127,73,2.355371914999978,SELECT CAST(SUM(CASE WHEN T1.height < 180 THEN 1 ELSE 0 END) AS REAL) * 100 / COUNT(T1.id) FROM Player AS T1 INNER JOIN Player_Attributes AS T2 ON T1.player_api_id = T2.player_api_id WHERE T2.overall_rating > 70,,,True,False,False,2099,74,5.221711084999697,SELECT CAST(COUNT(T1.player_api_id) AS REAL) * 100 / ( SELECT COUNT(player_api_id) FROM Player ) FROM Player AS T1 INNER JOIN Player_Attributes AS T2 ON T1.player_api_id = T2.player_api_id WHERE T1.height < 180 AND T2.overall_rating > 70,,,True,True,False,2127,71,5.05595151200032,"SELECT CAST(SUM(IIF(T2.height < 180 AND T1.overall_rating > 70, 1, 0)) AS REAL) * 100 / COUNT(T1.id) FROM Player_Attributes AS T1 INNER JOIN Player AS T2 ON T1.player_api_id = T2.player_api_id",,,False,True,False,True,False,True,True,True,both_wrong,improved,both_wrong,improved
179,179,formula_1,moderate,Please list the reference names of the drivers who are eliminated in the first period in race number 20.,driver reference name refers to driverRef; first qualifying period refers to q1; drivers who are eliminated in the first qualifying period refers to 5 drivers with MAX(q1); race number refers to raceId;,SELECT T2.driverRef FROM qualifying AS T1 INNER JOIN drivers AS T2 ON T2.driverId = T1.driverId WHERE T1.raceId = 20 ORDER BY T1.q1 DESC LIMIT 5,True,False,False,1282,45,1.4721182290001025,SELECT T1.driverRef FROM drivers AS T1 INNER JOIN results AS T2 ON T1.driverid = T2.driverid WHERE T2.statusid = 1 AND T2.raceid = 20,,,False,False,False,1322,27,0.9004929090001497,SELECT DISTINCT driverRef FROM qualifying WHERE raceId = 20 AND q1 IS NOT NULL ORDER BY q1 LIMIT 5,no such column: driverRef,,True,False,False,1282,45,3.21867203399961,SELECT T1.driverRef FROM drivers AS T1 INNER JOIN results AS T2 ON T1.driverid = T2.driverid WHERE T2.statusid = 1 AND T2.raceid = 20,,,True,False,False,1322,47,3.3355834310004866,SELECT T1.driverRef FROM drivers AS T1 INNER JOIN qualifying AS T2 ON T1.driverid = T2.driverid WHERE T2.raceid = 20 AND T2.q1 IS NULL LIMIT 5,,,False,True,False,False,False,True,False,True,both_wrong,both_wrong,both_wrong,both_wrong
180,180,formula_1,simple,What is the surname of the driver with the best lap time in race number 19 in the second qualifying period?,race number refers to raceId; second qualifying period refers to q2; best lap time refers to MIN(q2);,SELECT T2.surname FROM qualifying AS T1 INNER JOIN drivers AS T2 ON T2.driverId = T1.driverId WHERE T1.raceId = 19 ORDER BY T1.q2 ASC LIMIT 1,True,False,False,1284,54,1.691249311999968,SELECT T1.surname FROM drivers AS T1 INNER JOIN laptimes AS T2 ON T1.driverid = T2.driverid WHERE T2.raceid = 19 AND T2.position = 2 ORDER BY T2.milliseconds LIMIT 1,,,True,True,False,1306,46,1.4824303110001438,SELECT T1.surname FROM drivers AS T1 INNER JOIN qualifying AS T2 ON T1.driverid = T2.driverid WHERE T2.raceid = 19 ORDER BY T2.q2 ASC LIMIT 1,,,True,False,False,1284,53,3.7516809210001156,SELECT T1.surname FROM drivers AS T1 INNER JOIN qualifying AS T2 ON T1.driverid = T2.driverid WHERE T2.raceid = 19 AND T2.q2 IS NOT NULL ORDER BY T2.q2 LIMIT 1,,,True,True,False,1306,45,3.156568819000313,SELECT T1.surname FROM drivers AS T1 INNER JOIN qualifying AS T2 ON T1.driverid = T2.driverid WHERE T2.raceid = 19 ORDER BY T2.q2 LIMIT 1,,,False,True,True,True,False,True,True,True,improved,improved,both_wrong,both_correct
181,181,formula_1,simple,Please give the name of the race held on the circuits in Germany.,Germany is a name of country;,SELECT DISTINCT T2.name FROM circuits AS T1 INNER JOIN races AS T2 ON T2.circuitID = T1.circuitId WHERE T1.country = 'Germany',True,True,False,1274,37,1.2184511350000093,SELECT DISTINCT T1.name FROM races AS T1 INNER JOIN circuits AS T2 ON T1.circuitid = T2.circuitid WHERE T2.country = 'Germany',,,True,True,False,1279,37,1.184799982000186,SELECT DISTINCT T1.name FROM races AS T1 INNER JOIN circuits AS T2 ON T1.circuitid = T2.circuitid WHERE T2.country = 'Germany',,,True,True,False,1274,37,2.6473782299999584,SELECT DISTINCT T1.name FROM races AS T1 INNER JOIN circuits AS T2 ON T1.circuitid = T2.circuitid WHERE T2.country = 'Germany',,,True,True,False,1279,37,2.610742635999486,SELECT DISTINCT T1.name FROM races AS T1 INNER JOIN circuits AS T2 ON T1.circuitid = T2.circuitid WHERE T2.country = 'Germany',,,True,True,True,True,True,True,True,True,both_correct,both_correct,both_correct,both_correct
182,182,formula_1,simple,What is the coordinates location of the circuits for Australian grand prix?,"coordinate position/location refers to lat, lng; circuits for Australian grand prix refers to races.name = 'Australian Grand Prix'","SELECT DISTINCT T1.lat, T1.lng FROM circuits AS T1 INNER JOIN races AS T2 ON T2.circuitID = T1.circuitId WHERE T2.name = 'Australian Grand Prix'",True,True,False,1273,42,1.372954721000042,"SELECT T1.lat, T1.lng FROM circuits AS T1 INNER JOIN races AS T2 ON T1.circuitid = T2.circuitid WHERE T2.name LIKE '%Australian Grand Prix%'",,,True,True,False,1295,42,1.3310495539999465,"SELECT T1.lat, T1.lng FROM circuits AS T1 INNER JOIN races AS T2 ON T1.circuitid = T2.circuitid WHERE T2.name = 'Australian Grand Prix'",,,True,True,False,1273,42,3.0025517789999867,"SELECT T1.lat, T1.lng FROM circuits AS T1 INNER JOIN races AS T2 ON T1.circuitid = T2.circuitid WHERE T2.name = 'Australian Grand Prix'",,,True,True,False,1295,42,2.9818835340001897,"SELECT T1.lat, T1.lng FROM circuits AS T1 INNER JOIN races AS T2 ON T1.circuitid = T2.circuitid WHERE T2.name = 'Australian Grand Prix'",,,True,True,True,True,True,True,True,True,both_correct,both_correct,both_correct,both_correct
183,183,formula_1,simple,Give the coordinate position for Abu Dhabi Grand Prix.,"coordinate position/location refers to lat, lng; Abu Dhabi Grand Prix refers to races.name = 'Abu Dhabi Grand Prix'","SELECT DISTINCT T1.lat, T1.lng FROM circuits AS T1 INNER JOIN races AS T2 ON T2.circuitID = T1.circuitId WHERE T2.name = 'Abu Dhabi Grand Prix'",True,True,False,1270,44,1.418924727999979,"SELECT T1.lat, T1.lng FROM circuits AS T1 INNER JOIN races AS T2 ON T1.circuitid = T2.circuitid WHERE T2.name = 'Abu Dhabi Grand Prix'",,,True,True,False,1293,44,1.4116477640000085,"SELECT T1.lat, T1.lng FROM circuits AS T1 INNER JOIN races AS T2 ON T1.circuitid = T2.circuitid WHERE T2.name = 'Abu Dhabi Grand Prix'",,,True,True,False,1270,44,3.0841310410005462,"SELECT T1.lat, T1.lng FROM circuits AS T1 INNER JOIN races AS T2 ON T1.circuitid = T2.circuitid WHERE T2.name = 'Abu Dhabi Grand Prix'",,,True,True,False,1293,44,3.1160186050001357,"SELECT T1.lat, T1.lng FROM circuits AS T1 INNER JOIN races AS T2 ON T1.circuitid = T2.circuitid WHERE T2.name = 'Abu Dhabi Grand Prix'",,,True,True,True,True,True,True,True,True,both_correct,both_correct,both_correct,both_correct
184,184,formula_1,simple,What's Bruno Senna's Q1 result in the qualifying race No. 354?,race number refers to raceId; Bruno Senna refers to the full name of the driver; Full name of the driver refers to drivers.forename and drivers.surname;,SELECT T1.q1 FROM qualifying AS T1 INNER JOIN drivers AS T2 ON T2.driverId = T1.driverId WHERE T1.raceId = 354 AND T2.forename = 'Bruno' AND T2.surname = 'Senna',True,False,False,1280,57,1.8138431579999406,SELECT T1.q1 FROM qualifying AS T1 INNER JOIN drivers AS T2 ON T1.driverid = T2.driverid WHERE T2.forename = 'Bruno' AND T2.surname = 'Senna' AND T1.qualifyid = 354,,,True,True,False,1311,57,1.8462076139999226,SELECT T1.q1 FROM qualifying AS T1 INNER JOIN drivers AS T2 ON T1.driverid = T2.driverid WHERE T2.forename = 'Bruno' AND T2.surname = 'Senna' AND T1.raceid = 354,,,True,False,False,1280,57,3.967016792999857,SELECT T1.q1 FROM qualifying AS T1 INNER JOIN drivers AS T2 ON T1.driverid = T2.driverid WHERE T1.qualifyid = 354 AND T2.forename = 'Bruno' AND T2.surname = 'Senna',,,True,True,False,1311,57,3.9746540209998784,SELECT T1.q1 FROM qualifying AS T1 INNER JOIN drivers AS T2 ON T1.driverid = T2.driverid WHERE T1.raceid = 354 AND T2.forename = 'Bruno' AND T2.surname = 'Senna',,,False,True,True,True,False,True,True,True,improved,improved,both_wrong,both_correct
185,185,formula_1,simple,What is his number of the driver who finished 0:01:54 in the Q3 of qualifying race No.903?,race number refers to raceId; finished 0:0M:SS in the Q3 refers to q3 LIKE 'M:SS%',SELECT T2.number FROM qualifying AS T1 INNER JOIN drivers AS T2 ON T2.driverId = T1.driverId WHERE T1.raceId = 903 AND T1.q3 LIKE '1:54%',True,False,False,1290,37,1.1865344530000357,SELECT T1.driverid FROM qualifying AS T1 WHERE T1.q3 = '0:01:54' AND T1.raceid = 903,,,True,False,False,1318,25,0.8250288099998215,SELECT driverId FROM qualifying WHERE raceId = 903 AND q3 = '01:54',,,True,False,False,1290,27,1.9499724110000898,SELECT driverid FROM qualifying WHERE q3 = '0:01:54' AND raceid = 903,,,True,False,False,1318,27,1.9332546010000442,SELECT driverId FROM qualifying WHERE raceid = 903 AND q3 = '0:01:54',,,False,True,False,True,False,True,False,True,both_wrong,both_wrong,both_wrong,both_wrong
186,186,formula_1,simple,"For the Bahrain Grand Prix in 2007, how many drivers not finished the game?",Bahrain Grand Prix refers to races.name = 'Bahrain Grand Prix'; drivers who finished the race refers to time is not empty (i.e. time IS NOT NULL);,SELECT COUNT(T3.driverId) FROM races AS T1 INNER JOIN results AS T2 ON T2.raceId = T1.raceId INNER JOIN drivers AS T3 ON T3.driverId = T2.driverId WHERE T1.year = 2007 AND T1.name = 'Bahrain Grand Prix' AND T2.time IS NULL,True,False,False,1280,41,1.329925974000048,SELECT COUNT(*) FROM results WHERE raceid = ( SELECT raceid FROM races WHERE name = 'Bahrain Grand Prix' AND YEAR = 2007 ) AND POSITION = 'Retired',,,False,False,False,1313,56,1.747437360000049,SELECT COUNT(*) FROM results AS T1 INNER JOIN races AS T2 ON T1.raceid = T2.raceid WHERE T2.year = 2007 AND T2.name = 'Bahrain Grand Prix' AND T1.status != 'Finished',no such column: T1.status,,True,True,False,1280,56,3.876443952000045,SELECT COUNT(*) FROM results AS T1 INNER JOIN races AS T2 ON T1.raceid = T2.raceid WHERE T2.name = 'Bahrain Grand Prix' AND T2.year = 2007 AND T1.statusid != 1,,,False,False,False,1313,62,4.2335435579998375,SELECT COUNT(DISTINCT T1.driverid) FROM results AS T1 INNER JOIN races AS T2 ON T1.raceid = T2.raceid WHERE T2.year = 2007 AND T2.name = 'Bahrain Grand Prix' AND T1.status != 1,no such column: T1.status,,False,True,False,False,True,True,False,False,both_wrong,regressed,improved,both_wrong
187,187,formula_1,moderate,"For all the drivers who finished the game in race No. 592, who is the oldest?","drivers who finished the race refers to time is not empty (i.e. time IS NOT NULL); race number refers to raceId; date of birth refers to drivers.dob; The larger the birthday value, the younger the person is, and vice versa;","SELECT T1.forename, T1.surname FROM drivers AS T1 INNER JOIN results AS T2 ON T2.driverId = T1.driverId WHERE T2.raceId = 592 AND T2.time IS NOT NULL AND T1.dob IS NOT NULL ORDER BY T1.dob ASC LIMIT 1",True,False,False,1282,52,1.6888147900000376,"SELECT T1.forename, T1.surname FROM drivers AS T1 INNER JOIN results AS T2 ON T1.driverid = T2.driverid WHERE T2.raceid = 592 ORDER BY T1.dob ASC LIMIT 1",,,True,True,False,1332,59,1.857466544999852,"SELECT T1.forename, T1.surname FROM drivers AS T1 INNER JOIN results AS T2 ON T1.driverid = T2.driverid WHERE T2.raceid = 592 AND T2.time IS NOT NULL ORDER BY T1.dob ASC LIMIT 1",,,True,False,False,1282,51,3.573137993999808,"SELECT T1.forename, T1.surname FROM drivers AS T1 INNER JOIN results AS T2 ON T1.driverid = T2.driverid WHERE T2.raceid = 592 ORDER BY T1.dob LIMIT 1",,,True,False,False,1332,59,4.109328112000185,"SELECT T1.forename, T1.surname FROM drivers AS T1 INNER JOIN results AS T2 ON T1.driverid = T2.driverid WHERE T2.raceid = 592 AND T2.statusid != 1 ORDER BY T1.dob LIMIT 1",,,False,True,True,True,False,True,False,True,improved,both_wrong,both_wrong,regressed
188,188,formula_1,moderate,Who was the player that got the lap time of 0:01:27 in the race No. 161? Show his introduction website.,player and driver are synonyms; the lap time of 0:0M:SS refers to lapTime.time LIKE 'M:SS%';race number refers to raceId; introduction website of the drivers refers to url;,"SELECT DISTINCT T2.forename, T2.surname, T2.url FROM lapTimes AS T1 INNER JOIN drivers AS T2 ON T2.driverId = T1.driverId WHERE T1.raceId = 161 AND T1.time LIKE '1:27%'",True,False,False,1293,48,1.5156570220000276,SELECT T1.url FROM drivers AS T1 INNER JOIN laptimes AS T2 ON T1.driverid = T2.driverid WHERE T2.milliseconds = 87 AND T2.raceid = 161,,,False,False,False,1336,55,1.7651931119999063,SELECT T1.url FROM drivers AS T1 INNER JOIN laptimes AS T2 ON T1.driverid = T2.driverid WHERE T2.raceid = 161 AND T2.laptime LIKE '0:01:27%',no such column: T2.laptime,,True,False,False,1293,48,3.355912848999651,SELECT T1.url FROM drivers AS T1 INNER JOIN laptimes AS T2 ON T1.driverid = T2.driverid WHERE T2.milliseconds = 87 AND T2.raceid = 161,,,False,False,False,1336,55,3.8566139179993115,SELECT T1.url FROM drivers AS T1 INNER JOIN laptimes AS T2 ON T1.driverid = T2.driverid WHERE T2.raceid = 161 AND T2.laptime = '0:01:27',no such column: T2.laptime,,False,True,False,False,False,True,False,False,both_wrong,both_wrong,both_wrong,both_wrong
189,189,formula_1,simple,Where is Malaysian Grand Prix held? Give the location coordinates.,"location coordinates refers to (lat, lng); Malaysian Grand Prix refers to races.name = 'Malaysian Grand Prix'","SELECT DISTINCT T1.lat, T1.lng FROM circuits AS T1 INNER JOIN races AS T2 ON T2.circuitID = T1.circuitId WHERE T2.name = 'Malaysian Grand Prix'",True,True,False,1272,44,1.3974594590000606,"SELECT T1.lat, T1.lng FROM circuits AS T1 INNER JOIN races AS T2 ON T1.circuitid = T2.circuitid WHERE T2.name = 'Malaysian Grand Prix'",,,True,True,False,1294,44,1.4180288640000072,"SELECT T1.lat, T1.lng FROM circuits AS T1 INNER JOIN races AS T2 ON T1.circuitid = T2.circuitid WHERE T2.name = 'Malaysian Grand Prix'",,,True,True,False,1272,44,3.0657205030001933,"SELECT T1.lat, T1.lng FROM circuits AS T1 INNER JOIN races AS T2 ON T1.circuitid = T2.circuitid WHERE T2.name = 'Malaysian Grand Prix'",,,True,True,False,1294,44,3.115329775999271,"SELECT T1.lat, T1.lng FROM circuits AS T1 INNER JOIN races AS T2 ON T1.circuitid = T2.circuitid WHERE T2.name = 'Malaysian Grand Prix'",,,True,True,True,True,True,True,True,True,both_correct,both_correct,both_correct,both_correct
190,190,formula_1,moderate,"For the constructor which got the highest point in the race No. 9 , what is its introduction website?",race number refers to raceId; constructor which got the highest point refers to MAX(constructorResults.points); introduction website of the constructor refers to url;,SELECT T2.url FROM constructorResults AS T1 INNER JOIN constructors AS T2 ON T2.constructorId = T1.constructorId WHERE T1.raceId = 9 ORDER BY T1.points DESC LIMIT 1,True,False,False,1282,46,1.4980975529999796,SELECT T1.url FROM constructors AS T1 INNER JOIN constructorStandings AS T2 ON T1.constructorId = T2.constructorId WHERE T2.raceId = 9 ORDER BY T2.points DESC LIMIT 1,,,True,True,False,1310,45,1.457142947000193,SELECT T1.url FROM constructors AS T1 INNER JOIN constructorResults AS T2 ON T1.constructorId = T2.constructorId WHERE T2.raceId = 9 ORDER BY T2.points DESC LIMIT 1,,,True,False,False,1282,46,3.2429875690004337,SELECT T1.url FROM constructors AS T1 INNER JOIN constructorStandings AS T2 ON T1.constructorid = T2.constructorid WHERE T2.raceid = 9 ORDER BY T2.points DESC LIMIT 1,,,True,True,False,1310,45,3.1881198199998835,SELECT T1.url FROM constructors AS T1 INNER JOIN constructorResults AS T2 ON T1.constructorid = T2.constructorid WHERE T2.raceid = 9 ORDER BY T2.points DESC LIMIT 1,,,False,True,True,True,False,True,True,True,improved,improved,both_wrong,both_correct
191,191,formula_1,simple,"In the race No. 45, for the driver who had the Q3 time as 0:01:33, what is his abbreviated code?",race number refers to raceId; had the Q3 time as 0:0M:SS refers to q3 LIKE 'M:SS%',SELECT T2.code FROM qualifying AS T1 INNER JOIN drivers AS T2 ON T2.driverId = T1.driverId WHERE T1.raceId = 45 AND T1.q3 LIKE '1:33%',True,False,False,1294,52,1.6442638980000766,SELECT T1.code FROM drivers AS T1 INNER JOIN qualifying AS T2 ON T1.driverid = T2.driverid WHERE T2.raceid = 45 AND T2.q3 = '00:01:33',,,True,False,False,1323,51,1.6548514879998493,SELECT T1.code FROM drivers AS T1 INNER JOIN qualifying AS T2 ON T1.driverid = T2.driverid WHERE T2.raceid = 45 AND T2.q3 = '0:01:33',,,True,False,False,1294,49,3.4740679500000624,SELECT T1.code FROM drivers AS T1 INNER JOIN qualifying AS T2 ON T1.driverid = T2.driverid WHERE T2.q3 = '01:33' AND T2.raceid = 45,,,True,False,False,1323,51,3.57609826099997,SELECT T1.code FROM drivers AS T1 INNER JOIN qualifying AS T2 ON T1.driverid = T2.driverid WHERE T2.raceid = 45 AND T2.q3 = '0:01:33',,,False,True,False,True,False,True,False,True,both_wrong,both_wrong,both_wrong,both_wrong
192,192,formula_1,simple,Show me the season page of year when the race No. 901 took place.,the season page refers to url; race number refers to raceId;,SELECT T2.url FROM races AS T1 INNER JOIN seasons AS T2 ON T2.year = T1.year WHERE T1.raceId = 901,True,True,False,1279,35,1.1286816159999944,SELECT T1.url FROM seasons AS T1 INNER JOIN races AS T2 ON T1.year = T2.year WHERE T2.raceid = 901,,,True,True,False,1291,35,1.1831659189999755,SELECT T1.url FROM seasons AS T1 INNER JOIN races AS T2 ON T1.year = T2.year WHERE T2.raceid = 901,,,True,True,False,1279,36,2.5263740709997364,SELECT DISTINCT T1.url FROM seasons AS T1 INNER JOIN races AS T2 ON T1.year = T2.year WHERE T2.raceid = 901,,,True,True,False,1291,36,2.5375289599996904,SELECT DISTINCT T1.url FROM seasons AS T1 INNER JOIN races AS T2 ON T1.year = T2.year WHERE T2.raceid = 901,,,True,True,True,True,True,True,True,True,both_correct,both_correct,both_correct,both_correct
193,193,formula_1,moderate,"For all the drivers who finished the game in race No. 872, who is the youngest?",race number refers to raceId; drivers who finished the race refers to time has value; the youngest is a driver where MAX(dob);,"SELECT T1.forename, T1.surname FROM drivers AS T1 INNER JOIN results AS T2 ON T2.driverId = T1.driverId WHERE T2.raceId = 872 AND T2.time IS NOT NULL ORDER BY T1.dob DESC LIMIT 1",True,False,False,1282,52,1.675420164000002,"SELECT T1.forename, T1.surname FROM drivers AS T1 INNER JOIN results AS T2 ON T1.driverid = T2.driverid WHERE T2.raceid = 872 ORDER BY T1.dob DESC LIMIT 1",,,True,False,False,1308,48,1.5566138430001502,SELECT T1.driverid FROM drivers AS T1 INNER JOIN results AS T2 ON T1.driverid = T2.driverid WHERE T2.raceid = 872 ORDER BY T1.dob DESC LIMIT 1,,,True,False,False,1282,52,3.61903652699948,"SELECT T1.forename, T1.surname FROM drivers AS T1 INNER JOIN results AS T2 ON T1.driverid = T2.driverid WHERE T2.raceid = 872 ORDER BY T1.dob DESC LIMIT 1",,,True,False,False,1308,56,3.8902315389996147,SELECT T1.driverid FROM drivers AS T1 INNER JOIN results AS T2 ON T1.driverid = T2.driverid WHERE T2.raceid = 872 AND T2.statusid = 1 ORDER BY T1.dob DESC LIMIT 1,,,False,True,False,True,False,True,False,True,both_wrong,both_wrong,both_wrong,both_wrong
194,194,formula_1,moderate,"For the driver who set the fastest lap speed, what is his nationality?",the fastest lap speed refers to (MAX) fastestLapSpeed;,SELECT T1.nationality FROM drivers AS T1 INNER JOIN results AS T2 ON T2.driverId = T1.driverId ORDER BY CAST(T2.fastestLapSpeed AS REAL) DESC LIMIT 1,True,False,False,1275,50,1.5924217740000586,SELECT T1.nationality FROM drivers AS T1 INNER JOIN results AS T2 ON T1.driverid = T2.driverid WHERE T2.fastestlapspeed IS NOT NULL ORDER BY T2.fastestlapspeed DESC LIMIT 1,,,True,False,False,1287,40,1.3061955109999417,SELECT T1.nationality FROM drivers AS T1 INNER JOIN results AS T2 ON T1.driverid = T2.driverid ORDER BY T2.fastestlapspeed DESC LIMIT 1,,,True,False,False,1275,50,3.528611114999876,SELECT T1.nationality FROM drivers AS T1 INNER JOIN results AS T2 ON T1.driverid = T2.driverid WHERE T2.fastestlapspeed IS NOT NULL ORDER BY T2.fastestlapspeed DESC LIMIT 1,,,True,False,False,1287,50,3.5271498849997442,SELECT T1.nationality FROM drivers AS T1 INNER JOIN results AS T2 ON T1.driverid = T2.driverid WHERE T2.fastestlapspeed IS NOT NULL ORDER BY T2.fastestlapspeed DESC LIMIT 1,,,False,True,False,True,False,True,False,True,both_wrong,both_wrong,both_wrong,both_wrong
195,195,formula_1,challenging,"Paul di Resta was in the No. 853 race, what percent faster did he finish in the 853rd race than the next race for the fastest lap speed?","Paul di Resta refers to the full name of the driver; Full name of the driver refers to drivers.forename ='Paul' and drivers.surname = 'di Resta'; race number refers to raceId; percentage = DIVIDE(SUBTRACT(fastestLapSpeed(raceId = 853), (fastestLapSpeed (raceId = 854)) * 100 , (fastestLapSpeed(raceId = 853))","SELECT (SUM(IIF(T2.raceId = 853, T2.fastestLapSpeed, 0)) - SUM(IIF(T2.raceId = 854, T2.fastestLapSpeed, 0))) * 100 / SUM(IIF(T2.raceId = 853, T2.fastestLapSpeed, 0)) FROM drivers AS T1 INNER JOIN results AS T2 ON T2.driverId = T1.driverId WHERE T1.forename = 'Paul' AND T1.surname = 'di Resta'",True,False,False,1299,76,2.4198501820000047,SELECT CAST((T1.fastestlapspeed - T2.fastestlapspeed) AS REAL) * 100 / T2.fastestlapspeed FROM results AS T1 INNER JOIN results AS T2 ON T1.driverid = T2.driverid WHERE T1.raceid = 853 AND T2.raceid = 854,,,True,False,False,1397,76,2.397449773000062,SELECT CAST((T1.fastestlapspeed - T2.fastestlapspeed) AS REAL) * 100 / T2.fastestlapspeed FROM results AS T1 INNER JOIN results AS T2 ON T1.driverid = T2.driverid WHERE T1.raceid = 853 AND T2.raceid = 854,,,True,False,False,1299,74,5.162090824999723,SELECT CAST(T1.fastestlapspeed - T2.fastestlapspeed AS REAL) * 100 / T2.fastestlapspeed FROM results AS T1 INNER JOIN results AS T2 ON T1.driverid = T2.driverid WHERE T1.raceid = 853 AND T2.raceid = 854,,,True,False,False,1397,76,5.191307201999734,SELECT CAST((T1.fastestlapspeed - T2.fastestlapspeed) AS REAL) * 100 / T2.fastestlapspeed FROM results AS T1 INNER JOIN results AS T2 ON T1.driverid = T2.driverid WHERE T1.raceid = 853 AND T2.raceid = 854,,,False,True,False,True,False,True,False,True,both_wrong,both_wrong,both_wrong,both_wrong
196,196,formula_1,moderate,"For the drivers who took part in the race in 1983/7/16, what's their race completion rate?","DIVIDE(COUNT(driverid when time has value ), (COUNT(driverid )) as percentage; in 1983/7/16 refers to when date = '1983-07-16'",SELECT CAST(COUNT(CASE WHEN T2.time IS NOT NULL THEN T2.driverId END) AS REAL) * 100 / COUNT(T2.driverId) FROM races AS T1 INNER JOIN results AS T2 ON T2.raceId = T1.raceId WHERE T1.date = '1983-07-16',False,False,False,1288,74,2.3573161010000376,SELECT CAST(SUM(CASE WHEN T1.status = 'Finished' THEN 1 ELSE 0 END) AS REAL) * 100 / COUNT(*) FROM results AS T1 INNER JOIN races AS T2 ON T1.raceid = T2.raceid WHERE T2.date = '1983-07-16',no such column: T1.status,,True,True,False,1333,71,2.2494703630000004,"SELECT CAST(SUM(IIF(T1.time IS NOT NULL, 1, 0)) AS REAL) * 100 / COUNT(*) FROM results AS T1 INNER JOIN races AS T2 ON T1.raceid = T2.raceid WHERE T2.date = '1983-07-16'",,,False,False,False,1288,76,5.248448360000111,SELECT CAST(COUNT(DISTINCT T1.driverid) AS REAL) * 100 / COUNT(T1.status) FROM results AS T1 INNER JOIN races AS T2 ON T1.raceid = T2.raceid WHERE T2.date = '1983-07-16' AND T1.status != 'Disqualified',no such column: T1.status,,True,True,False,1333,70,4.9229442930000005,"SELECT CAST(SUM(IIF(T1.time IS NULL, 0, 1)) AS REAL) * 100 / COUNT(*) FROM results AS T1 INNER JOIN races AS T2 ON T1.raceid = T2.raceid WHERE T2.date = '1983-07-16'",,,False,False,True,True,False,False,True,True,improved,improved,both_wrong,both_correct
197,197,formula_1,moderate,List the names of all races that occurred in the earliest recorded year and month.,earliest recorded year and month refers to year = year(min(date)) and month = month(min(date));,"SELECT name FROM races WHERE STRFTIME('%Y', date) = ( SELECT STRFTIME('%Y', date) FROM races ORDER BY date ASC LIMIT 1 ) AND STRFTIME('%m', date) = ( SELECT STRFTIME('%m', date) FROM races ORDER BY date ASC LIMIT 1 )",True,False,False,1276,13,0.4602664750000258,SELECT DISTINCT name FROM races ORDER BY date ASC LIMIT 1,,,True,False,False,1295,17,0.5913548179998998,SELECT DISTINCT name FROM races WHERE date = ( SELECT MIN(date) FROM races ),,,True,False,False,1276,37,2.6615014310000333,SELECT DISTINCT T1.name FROM races AS T1 INNER JOIN circuits AS T2 ON T1.circuitid = T2.circuitid ORDER BY T1.date LIMIT 1,,,True,True,False,1295,37,2.635019693000686,"SELECT DISTINCT name FROM races WHERE SUBSTR(`date`, 1, 7) = ( SELECT MIN(SUBSTR(`date`, 1, 7)) FROM races )",,,False,True,False,True,False,True,True,True,both_wrong,improved,both_wrong,improved
198,198,formula_1,moderate,State the driver with the most points scored. Find his full name with that points.,the most points scored refers to max(points); Full name of the driver refers to drivers.forename and drivers.surname;,"SELECT T3.forename, T3.surname, T2.points FROM races AS T1 INNER JOIN driverStandings AS T2 ON T2.raceId = T1.raceId INNER JOIN drivers AS T3 ON T3.driverId = T2.driverId ORDER BY T2.points DESC LIMIT 1",True,False,False,1277,54,1.7523359529999425,"SELECT T1.forename, T1.surname, SUM(T2.points) AS total_points FROM drivers AS T1 INNER JOIN results AS T2 ON T1.driverid = T2.driverid GROUP BY T1.driverid ORDER BY total_points DESC LIMIT 1",,,True,False,False,1298,44,1.4217183339999337,"SELECT T1.forename, T1.surname, T2.points FROM drivers AS T1 INNER JOIN results AS T2 ON T1.driverid = T2.driverid ORDER BY T2.points DESC LIMIT 1",,,True,False,False,1277,40,2.8141827600002216,"SELECT T1.forename, T1.surname FROM drivers AS T1 INNER JOIN results AS T2 ON T1.driverid = T2.driverid ORDER BY T2.points DESC LIMIT 1",,,True,False,False,1298,44,3.1442732040004557,"SELECT T1.forename, T1.surname, T2.points FROM drivers AS T1 INNER JOIN results AS T2 ON T1.driverid = T2.driverid ORDER BY T2.points DESC LIMIT 1",,,False,True,False,True,False,True,False,True,both_wrong,both_wrong,both_wrong,both_wrong
199,199,formula_1,moderate,What is the best lap time recorded? List the driver and race with such recorded lap time.,the best lap time refers to min(milliseconds); List the driver refers to drivers.forename and drivers.surname; List the race refers to races.name,"SELECT T2.milliseconds, T1.forename, T1.surname, T3.name FROM drivers AS T1 INNER JOIN lapTimes AS T2 ON T1.driverId = T2.driverId INNER JOIN races AS T3 ON T2.raceId = T3.raceId ORDER BY T2.milliseconds ASC LIMIT 1",True,False,False,1279,33,1.0974373060000744,"SELECT T1.driverid, T1.lap, T1.milliseconds FROM laptimes AS T1 ORDER BY T1.milliseconds ASC LIMIT 1",,,True,True,False,1306,70,2.323619176000193,"SELECT T1.milliseconds, T4.forename, T4.surname, T3.name FROM laptimes AS T1 INNER JOIN races AS T3 ON T1.raceid = T3.raceid INNER JOIN drivers AS T4 ON T1.driverid = T4.driverid ORDER BY T1.milliseconds ASC LIMIT 1",,,True,False,False,1279,56,3.901498543999878,"SELECT T1.driverid, T1.raceid FROM results AS T1 INNER JOIN laptimes AS T2 ON T1.raceid = T2.raceid AND T1.driverid = T2.driverid ORDER BY T2.milliseconds LIMIT 1",,,True,False,False,1306,47,3.283227715999601,"SELECT T1.driverid, T1.milliseconds, T2.name FROM results AS T1 INNER JOIN races AS T2 ON T1.raceid = T2.raceid ORDER BY T1.milliseconds LIMIT 1",,,False,True,True,True,False,True,False,True,improved,both_wrong,both_wrong,regressed
200,200,formula_1,moderate,What is the average lap time for Lewis Hamilton in the 2009 Malaysian Grand Prix?,average lap time = AVG(milliseconds); 'Lewis Hamilton' refers to the full name of the driver; Full name of the driver refers to drivers.forename and drivers.surname; 'Malaysian Grand Prix' refers to races.name = 'Malaysian Grand Prix',SELECT AVG(T2.milliseconds) FROM races AS T1 INNER JOIN lapTimes AS T2 ON T2.raceId = T1.raceId INNER JOIN drivers AS T3 ON T3.driverId = T2.driverId WHERE T3.forename = 'Lewis' AND T3.surname = 'Hamilton' AND T1.year = 2009 AND T1.name = 'Malaysian Grand Prix',True,True,False,1280,79,2.5575447719999147,SELECT AVG(T1.milliseconds) FROM laptimes AS T1 INNER JOIN drivers AS T2 ON T1.driverid = T2.driverid INNER JOIN races AS T3 ON T1.raceid = T3.raceid WHERE T2.surname = 'Hamilton' AND T3.name = 'Malaysian Grand Prix' AND T3.year = 2009,,,True,True,False,1331,104,3.3056605670001318,SELECT AVG(T3.milliseconds) FROM drivers AS T1 INNER JOIN results AS T2 ON T1.driverid = T2.driverid INNER JOIN laptimes AS T3 ON T1.driverid = T3.driverid INNER JOIN races AS T4 ON T3.raceid = T4.raceid WHERE T1.forename = 'Lewis' AND T1.surname = 'Hamilton' AND T4.year = 2009 AND T4.name = 'Malaysian Grand Prix',,,True,False,False,1280,87,6.074802774000091,SELECT AVG(T1.milliseconds) FROM pitstops AS T1 INNER JOIN drivers AS T2 ON T1.driverid = T2.driverid INNER JOIN races AS T3 ON T1.raceid = T3.raceid WHERE T2.forename = 'Lewis' AND T2.surname = 'Hamilton' AND T3.year = 2009 AND T3.name = 'Malaysian Grand Prix',,,True,False,False,1331,104,7.15397760399992,SELECT AVG(T4.milliseconds) FROM drivers AS T1 INNER JOIN results AS T2 ON T1.driverid = T2.driverid INNER JOIN races AS T3 ON T2.raceid = T3.raceid INNER JOIN laptimes AS T4 ON T1.driverid = T4.driverid WHERE T1.forename = 'Lewis' AND T1.surname = 'Hamilton' AND T3.year = 2009 AND T3.name = 'Malaysian Grand Prix',,,True,True,True,True,False,True,False,True,both_correct,both_wrong,regressed,regressed
201,201,formula_1,challenging,Calculate the percentage whereby Hamilton was not at the 1st track of the the f1 circuit since 2010.,"percentage = DIVIDE(COUNT(raceId) where surname = 'Hamilton' and position>1), (COUNT(raceId) where surname = 'Hamilton'); since 2010 refers to year >= 2010",SELECT CAST(COUNT(CASE WHEN T2.position <> 1 THEN T2.position END) AS REAL) * 100 / COUNT(T2.driverStandingsId) FROM races AS T1 INNER JOIN driverStandings AS T2 ON T2.raceId = T1.raceId INNER JOIN drivers AS T3 ON T3.driverId = T2.driverId WHERE T3.surname = 'Hamilton' AND T1.year >= 2010,True,False,False,1286,84,2.6980351120000705,SELECT CAST(SUM(CASE WHEN T1.position != 1 THEN 1 ELSE 0 END) AS REAL) * 100 / COUNT(*) FROM results AS T1 INNER JOIN drivers AS T2 ON T1.driverid = T2.driverid WHERE T2.surname = 'Hamilton' AND T1.raceid IN ( SELECT raceid FROM races WHERE YEAR >= 2010 ),,,False,False,False,1333,76,2.435806685000216,SELECT CAST(SUM(CASE WHEN T1.surname = 'Hamilton' AND T2.position > 1 THEN 1 ELSE 0 END) AS REAL) * 100 / COUNT(T2.driverid) FROM drivers AS T1 INNER JOIN results AS T2 ON T1.driverid = T2.driverid WHERE T2.year >= 2010,no such column: T2.year,,True,False,False,1286,73,5.085046711999894,SELECT CAST(SUM(CASE WHEN T1.position != 1 THEN 1 ELSE 0 END) AS REAL) * 100 / COUNT(*) FROM results AS T1 INNER JOIN drivers AS T2 ON T1.driverid = T2.driverid WHERE T2.surname = 'Hamilton' AND T1.raceid > 500,,,False,False,False,1333,69,4.7136304910000035,"SELECT CAST(SUM(IIF(T1.surname = 'Hamilton', 1, 0)) AS REAL) * 100 / COUNT(*) FROM drivers AS T1 INNER JOIN results AS T2 ON T1.driverid = T2.driverid WHERE T2.position > 1 AND T2.year >= 2010",no such column: T2.year,,False,True,False,False,False,True,False,False,both_wrong,both_wrong,both_wrong,both_wrong
202,202,formula_1,moderate,Name the driver with the most winning. Mention his nationality and what is his maximum point scores.,Full name of the driver refers to drivers.forename and drivers.surname; the most winning refers to MAX(COUNT(wins)); average point scores refers to MAX(points);,"SELECT T1.forename, T1.surname, T1.nationality, MAX(T2.points) FROM drivers AS T1 INNER JOIN driverStandings AS T2 ON T2.driverId = T1.driverId WHERE T2.wins >= 1 GROUP BY T1.forename, T1.surname, T1.nationality ORDER BY COUNT(T2.wins) DESC LIMIT 1",True,True,False,1279,69,2.193621581000002,"SELECT T1.forename, T1.surname, T1.nationality, MAX(T2.points) FROM drivers AS T1 INNER JOIN driverstandings AS T2 ON T1.driverid = T2.driverid WHERE T2.wins > 0 GROUP BY T1.driverid ORDER BY T2.wins DESC LIMIT 1",,,True,False,False,1310,61,1.9607252289999906,"SELECT T1.forename, T1.surname, T1.nationality, T2.points FROM drivers AS T1 INNER JOIN driverstandings AS T2 ON T1.driverid = T2.driverid GROUP BY T1.driverid ORDER BY SUM(T2.wins) DESC LIMIT 1",,,True,False,False,1279,60,4.2212476290005725,"SELECT T1.forename, T1.surname, T1.nationality, T2.points FROM drivers AS T1 INNER JOIN driverstandings AS T2 ON T1.driverid = T2.driverid WHERE T2.wins = ( SELECT MAX(wins) FROM driverstandings )",,,True,False,False,1310,53,3.6590206860000762,"SELECT T1.forename, T1.surname, T1.nationality, T2.points FROM drivers AS T1 INNER JOIN driverstandings AS T2 ON T1.driverid = T2.driverid ORDER BY T2.wins DESC LIMIT 1",,,True,True,False,True,False,True,False,True,regressed,both_wrong,regressed,both_wrong
203,203,formula_1,simple,How old is the youngest Japanese driver? What is his name?,"date of birth refers to drivers.dob; The larger the birthday value, the younger the person is, and vice versa; Japanese refers to nationality = 'Japanese'; age = YEAR(CURRENT_TIMESTAMP) - YEAR(dob);","SELECT STRFTIME('%Y', CURRENT_TIMESTAMP) - STRFTIME('%Y', dob), forename , surname FROM drivers WHERE nationality = 'Japanese' ORDER BY dob DESC LIMIT 1",True,False,False,1273,53,1.7004758790000096,"SELECT T1.forename, T1.surname FROM drivers AS T1 INNER JOIN driverstandings AS T2 ON T1.driverid = T2.driverid WHERE T1.nationality = 'Japanese' ORDER BY T1.dob DESC LIMIT 1",,,True,True,False,1316,37,1.2292386860001443,"SELECT MIN(STRFTIME('%Y', CURRENT_TIMESTAMP) - STRFTIME('%Y', dob)) AS age, forename, surname FROM drivers WHERE nationality = 'Japanese'",,,True,False,False,1273,59,4.111261545000161,"SELECT MIN(T1.dob), T1.forename, T1.surname FROM drivers AS T1 INNER JOIN driverstandings AS T2 ON T1.driverid = T2.driverid WHERE T1.nationality = 'Japanese' ORDER BY T1.dob DESC LIMIT 1",,,True,True,False,1316,60,4.1063298130002295,"SELECT SUBSTR(CURRENT_DATE, 1, INSTR(CURRENT_DATE, '-') - 1) - SUBSTR(dob, 1, INSTR(dob, '-') - 1), forename, surname FROM drivers WHERE nationality = 'Japanese' ORDER BY dob DESC LIMIT 1",,,False,True,True,True,False,True,True,True,improved,improved,both_wrong,both_correct
204,204,formula_1,simple,Name the races along with its circuit name and location for f1 races hosted in September 2005.,in September 2005 refers to MONTH(date) = 9 and YEAR(date) = 2005,"SELECT DISTINCT T2.name, T1.name, T1.location FROM circuits AS T1 INNER JOIN races AS T2 ON T2.circuitID = T1.circuitId WHERE T2.year = 2005 AND STRFTIME('%m', T2.date) = '09'",True,True,False,1283,52,1.6729553829999304,"SELECT DISTINCT T1.name, T2.name, T2.location FROM races AS T1 INNER JOIN circuits AS T2 ON T1.circuitid = T2.circuitid WHERE T1.date LIKE '2005-09-%'",,,True,True,False,1307,60,1.9542319490001319,"SELECT DISTINCT T1.name, T2.name, T2.location FROM races AS T1 INNER JOIN circuits AS T2 ON T1.circuitid = T2.circuitid WHERE STRFTIME('%Y-%m', T1.date) = '2005-09'",,,True,False,False,1283,60,4.181519531999584,"SELECT DISTINCT T1.name, T2.name, T2.location FROM races AS T1 INNER JOIN circuits AS T2 ON T1.circuitid = T2.circuitid WHERE SUBSTR(T1.date, 6, 7) = '2005-09'",,,True,True,False,1307,60,4.078095094000673,"SELECT DISTINCT T1.name, T2.name, T2.location FROM races AS T1 INNER JOIN circuits AS T2 ON T1.circuitid = T2.circuitid WHERE STRFTIME('%Y-%m', T1.date) = '2005-09'",,,True,True,True,True,False,True,True,True,both_correct,improved,regressed,both_correct
205,205,formula_1,simple,Which race was Alex Yoong in when he was in track number less than 20?,Alex Yoong refers to the full name of the driver; Full name of the driver refers to drivers.forename and drivers.surname;track number less than 10 refers to position < 20,SELECT T1.name FROM races AS T1 INNER JOIN driverStandings AS T2 ON T2.raceId = T1.raceId INNER JOIN drivers AS T3 ON T3.driverId = T2.driverId WHERE T3.forename = 'Alex' AND T3.surname = 'Yoong' AND T2.position < 20,True,False,False,1279,70,2.1888194389999853,SELECT T1.name FROM races AS T1 INNER JOIN results AS T2 ON T1.raceid = T2.raceid INNER JOIN drivers AS T3 ON T2.driverid = T3.driverid WHERE T3.forename = 'Alex' AND T3.surname = 'Yoong' AND T2.number < 20,,,True,False,False,1318,70,2.27811600300015,SELECT T1.name FROM races AS T1 INNER JOIN results AS T2 ON T1.raceid = T2.raceid INNER JOIN drivers AS T3 ON T2.driverid = T3.driverid WHERE T3.forename = 'Alex' AND T3.surname = 'Yoong' AND T2.position < 20,,,True,False,False,1279,70,4.866014651999649,SELECT T1.name FROM races AS T1 INNER JOIN results AS T2 ON T1.raceid = T2.raceid INNER JOIN drivers AS T3 ON T2.driverid = T3.driverid WHERE T3.forename = 'Alex' AND T3.surname = 'Yoong' AND T2.position < 20,,,True,False,False,1318,71,4.842821924000418,SELECT DISTINCT T1.name FROM races AS T1 INNER JOIN results AS T2 ON T1.raceid = T2.raceid INNER JOIN drivers AS T3 ON T2.driverid = T3.driverid WHERE T3.forename = 'Alex' AND T3.surname = 'Yoong' AND T2.position <= 20,,,False,True,False,True,False,True,False,True,both_wrong,both_wrong,both_wrong,both_wrong
206,206,formula_1,moderate,State the race and year of race in which Michael Schumacher had his fastest lap.,fastest lap refers to min(milliseconds); Alex Yoong refers to the full name of the driver; Full name of the driver refers to drivers.forename and drivers.surname;,"SELECT T1.name, T1.year FROM races AS T1 INNER JOIN lapTimes AS T2 ON T2.raceId = T1.raceId INNER JOIN drivers AS T3 ON T3.driverId = T2.driverId WHERE T3.forename = 'Michael' AND T3.surname = 'Schumacher' ORDER BY T2.milliseconds ASC LIMIT 1",False,False,False,1278,78,2.4398065679999945,"SELECT T1.name, T1.year FROM races AS T1 INNER JOIN results AS T2 ON T1.raceid = T2.raceid INNER JOIN drivers AS T3 ON T2.driverid = T3.driverid WHERE T3.forename = 'Michael' AND T3.surname = 'Schumacher' ORDER BY T2.fastestlaps DESC LIMIT 1",no such column: T2.fastestlaps,,True,False,False,1310,79,2.490411600000016,"SELECT T1.name, T1.year FROM races AS T1 INNER JOIN results AS T2 ON T1.raceid = T2.raceid INNER JOIN drivers AS T3 ON T2.driverid = T3.driverid WHERE T3.forename = 'Michael' AND T3.surname = 'Schumacher' ORDER BY T2.fastestlapspeed DESC LIMIT 1",,,False,False,False,1278,78,5.3948776249999355,"SELECT T1.name, T1.year FROM races AS T1 INNER JOIN results AS T2 ON T1.raceid = T2.raceid INNER JOIN drivers AS T3 ON T2.driverid = T3.driverid WHERE T3.forename = 'Michael' AND T3.surname = 'Schumacher' ORDER BY T2.fastestlaps DESC LIMIT 1",no such column: T2.fastestlaps,,True,False,False,1310,76,5.167344044999481,"SELECT T1.name, T1.year FROM races AS T1 INNER JOIN results AS T2 ON T1.raceid = T2.raceid INNER JOIN drivers AS T3 ON T2.driverid = T3.driverid WHERE T3.forename = 'Michael' AND T3.surname = 'Schumacher' ORDER BY T2.milliseconds LIMIT 1",,,False,False,False,True,False,False,False,True,both_wrong,both_wrong,both_wrong,both_wrong
207,207,formula_1,moderate,Which was Lewis Hamilton first race? What was his points recorded for his first race event?,first race refers to min(Year); Lewis Hamiltonrefers to the full name of the driver; Full name of the driver refers to drivers.forename and drivers.surname;,"SELECT T1.name, T2.points FROM races AS T1 INNER JOIN driverStandings AS T2 ON T2.raceId = T1.raceId INNER JOIN drivers AS T3 ON T3.driverId = T2.driverId WHERE T3.forename = 'Lewis' AND T3.surname = 'Hamilton' ORDER BY T1.year ASC LIMIT 1",True,False,False,1278,74,2.3590221389999897,"SELECT T1.name, T2.points FROM races AS T1 INNER JOIN results AS T2 ON T1.raceid = T2.raceid INNER JOIN drivers AS T3 ON T2.driverid = T3.driverid WHERE T3.forename = 'Lewis' AND T3.surname = 'Hamilton' ORDER BY T1.date ASC LIMIT 1",,,True,False,False,1310,74,2.3197183379998023,"SELECT T1.year, T2.points FROM races AS T1 INNER JOIN results AS T2 ON T1.raceid = T2.raceid INNER JOIN drivers AS T3 ON T2.driverid = T3.driverid WHERE T3.forename = 'Lewis' AND T3.surname = 'Hamilton' ORDER BY T1.year ASC LIMIT 1",,,True,False,False,1278,73,5.084747208999943,"SELECT T1.name, T2.points FROM races AS T1 INNER JOIN results AS T2 ON T1.raceid = T2.raceid INNER JOIN drivers AS T3 ON T2.driverid = T3.driverid WHERE T3.forename = 'Lewis' AND T3.surname = 'Hamilton' ORDER BY T1.date LIMIT 1",,,True,False,False,1310,73,5.093849223999314,"SELECT T1.year, T2.points FROM races AS T1 INNER JOIN results AS T2 ON T1.raceid = T2.raceid INNER JOIN drivers AS T3 ON T2.driverid = T3.driverid WHERE T3.forename = 'Lewis' AND T3.surname = 'Hamilton' ORDER BY T1.year LIMIT 1",,,False,True,False,True,False,True,False,True,both_wrong,both_wrong,both_wrong,both_wrong
208,208,formula_1,moderate,"Among all European Grand Prix races, what is the percentage of the races were hosted in Germany?","European Grand Prix races refers to races.name = 'European Grand Prix';percentage = divide(COUNT(races where country = Germany and name = 'Europearn Grand Prix'),COUNT(races where name = 'Europearn Grand Prix'))*100",SELECT CAST(COUNT(CASE WHEN T1.country = 'Germany' THEN T2.circuitID END) AS REAL) * 100 / COUNT(T2.circuitId) FROM circuits AS T1 INNER JOIN races AS T2 ON T2.circuitID = T1.circuitId WHERE T2.name = 'European Grand Prix',True,False,False,1279,65,2.064740999000037,SELECT CAST(SUM(CASE WHEN T1.country = 'Germany' THEN 1 ELSE 0 END) AS REAL) * 100 / COUNT(*) FROM circuits AS T1 INNER JOIN races AS T2 ON T1.circuitid = T2.circuitid WHERE T1.country LIKE '%Europe%',,,True,True,False,1328,67,2.107764836000115,SELECT CAST(SUM(CASE WHEN T1.country = 'Germany' THEN 1 ELSE 0 END) AS REAL) * 100 / COUNT(*) FROM circuits AS T1 INNER JOIN races AS T2 ON T1.circuitid = T2.circuitid WHERE T2.name = 'European Grand Prix',,,True,False,False,1279,65,4.538176158000169,SELECT CAST(SUM(CASE WHEN T1.country = 'Germany' THEN 1 ELSE 0 END) AS REAL) * 100 / COUNT(*) FROM circuits AS T1 INNER JOIN races AS T2 ON T1.circuitid = T2.circuitid WHERE T1.country = 'Europe',,,True,True,False,1328,64,4.544722356999955,"SELECT CAST(SUM(IIF(T1.country = 'Germany', 1, 0)) AS REAL) * 100 / COUNT(*) FROM circuits AS T1 INNER JOIN races AS T2 ON T1.circuitid = T2.circuitid WHERE T2.name = 'European Grand Prix'",,,False,True,True,True,False,True,True,True,improved,improved,both_wrong,both_correct
209,209,formula_1,simple,What's the location coordinates of Silverstone Circuit?,"location coordinates refers to (lat, lng); Silverstone Circuit refers to circuits.name = 'Silverstone Circuit'","SELECT lat, lng FROM circuits WHERE name = 'Silverstone Circuit'",True,False,False,1270,14,0.4909893580000926,"SELECT lat, lng FROM circuits WHERE name = 'Silverstone'",,,True,True,True,1290,15,0.528251993999902,"SELECT lat, lng FROM circuits WHERE name = 'Silverstone Circuit'",,,True,False,False,1270,14,1.035636608000459,"SELECT lat, lng FROM circuits WHERE name = 'Silverstone'",,,True,True,True,1290,15,1.1230699660000028,"SELECT lat, lng FROM circuits WHERE name = 'Silverstone Circuit'",,,False,True,True,True,False,True,True,True,improved,improved,both_wrong,both_correct
210,210,formula_1,simple,What's the reference name of Marina Bay Street Circuit?,reference name refers to circuitRef; Marina Bay Street Circuit refers to circuits.name = 'Marina Bay Street Circuit',SELECT circuitRef FROM circuits WHERE name = 'Marina Bay Street Circuit',True,True,True,1271,16,0.5617362489999778,SELECT circuitRef FROM circuits WHERE name = 'Marina Bay Street Circuit',,,True,True,True,1292,16,0.5612984689998939,SELECT circuitRef FROM circuits WHERE name = 'Marina Bay Street Circuit',,,True,True,True,1271,16,1.167690840999967,SELECT circuitRef FROM circuits WHERE name = 'Marina Bay Street Circuit',,,True,True,True,1292,16,1.1713401879997036,SELECT circuitRef FROM circuits WHERE name = 'Marina Bay Street Circuit',,,True,True,True,True,True,True,True,True,both_correct,both_correct,both_correct,both_correct
211,211,formula_1,simple,Which country is the oldest driver from?,"date of birth refers to drivers.dob; The larger the birthday value, the younger the person is, and vice versa;",SELECT nationality FROM drivers WHERE dob IS NOT NULL ORDER BY dob ASC LIMIT 1,True,False,False,1268,72,2.301708731000076,SELECT T1.country FROM circuits AS T1 INNER JOIN races AS T2 ON T1.circuitid = T2.circuitid INNER JOIN results AS T3 ON T2.raceid = T3.raceid INNER JOIN drivers AS T4 ON T3.driverid = T4.driverid ORDER BY T4.dob ASC LIMIT 1,,,True,False,False,1291,72,2.2705082510001375,SELECT T1.country FROM circuits AS T1 INNER JOIN races AS T2 ON T1.circuitid = T2.circuitid INNER JOIN results AS T3 ON T2.raceid = T3.raceid INNER JOIN drivers AS T4 ON T3.driverid = T4.driverid ORDER BY T4.dob ASC LIMIT 1,,,False,False,False,1268,35,2.453683175000151,SELECT T1.country FROM countries AS T1 INNER JOIN drivers AS T2 ON T1.code = T2.nationality ORDER BY T2.dob LIMIT 1,no such table: countries,,False,False,False,1291,53,3.684646613000041,SELECT T1.country FROM constructors AS T1 INNER JOIN driverstandings AS T2 ON T1.constructorid = T2.constructorid INNER JOIN drivers AS T3 ON T2.driverid = T3.driverid ORDER BY T3.dob LIMIT 1,no such column: T1.country,,False,True,False,True,False,False,False,False,both_wrong,both_wrong,both_wrong,both_wrong
212,212,formula_1,moderate,Which driver ranked the first in the Canadian Grand Prix in 2007? Please give his reference name.,reference name refers to driverRef; Canadian Grand Prix refers to races.name = 'Canadian Grand Prix';,"SELECT T3.forename, T3.surname, T3.driverRef FROM races AS T1 INNER JOIN results AS T2 ON T2.raceId = T1.raceId INNER JOIN drivers AS T3 ON T3.driverId = T2.driverId WHERE T1.name = 'Canadian Grand Prix' AND T2.rank = 1 AND T1.year = 2007",True,False,False,1283,72,2.2578244420000146,SELECT T1.driverRef FROM drivers AS T1 INNER JOIN results AS T2 ON T1.driverid = T2.driverid INNER JOIN races AS T3 ON T2.raceid = T3.raceid WHERE T3.year = 2007 AND T3.name = 'Canadian Grand Prix' AND T2.rank = 1,,,True,False,False,1301,72,2.2985142729999097,SELECT T1.driverRef FROM drivers AS T1 INNER JOIN results AS T2 ON T1.driverId = T2.driverId INNER JOIN races AS T3 ON T2.raceId = T3.raceId WHERE T3.year = 2007 AND T3.name = 'Canadian Grand Prix' AND T2.rank = 1,,,True,False,False,1283,72,5.053057281999827,SELECT T1.driverRef FROM drivers AS T1 INNER JOIN results AS T2 ON T1.driverid = T2.driverid INNER JOIN races AS T3 ON T2.raceid = T3.raceid WHERE T3.year = 2007 AND T3.name = 'Canadian Grand Prix' AND T2.rank = 1,,,True,False,False,1301,72,5.004229400999975,SELECT T1.driverRef FROM drivers AS T1 INNER JOIN results AS T2 ON T1.driverid = T2.driverid INNER JOIN races AS T3 ON T2.raceid = T3.raceid WHERE T3.year = 2007 AND T3.name = 'Canadian Grand Prix' AND T2.rank = 1,,,False,True,False,True,False,True,False,True,both_wrong,both_wrong,both_wrong,both_wrong
213,213,formula_1,simple,In which Formula_1 race did Lewis Hamilton rank the highest?,rank the highest refers to min(rank); Lewis Hamilton refers to the full name of the driver; Full name of the driver refers to drivers.forename and drivers.surname;,SELECT name FROM races WHERE raceId IN ( SELECT raceId FROM results WHERE rank = 1 AND driverId = ( SELECT driverId FROM drivers WHERE forename = 'Lewis' AND surname = 'Hamilton' ) ),True,False,False,1273,61,1.8867100239999672,SELECT T1.name FROM races AS T1 INNER JOIN results AS T2 ON T1.raceid = T2.raceid INNER JOIN drivers AS T3 ON T2.driverid = T3.driverid WHERE T3.surname = 'Hamilton' ORDER BY T2.position ASC LIMIT 1,,,True,False,False,1304,69,2.200396130999934,SELECT T1.name FROM races AS T1 INNER JOIN results AS T2 ON T1.raceid = T2.raceid INNER JOIN drivers AS T3 ON T2.driverid = T3.driverid WHERE T3.forename = 'Lewis' AND T3.surname = 'Hamilton' ORDER BY T2.rank LIMIT 1,,,True,False,False,1273,69,4.797556610000356,SELECT T1.name FROM races AS T1 INNER JOIN results AS T2 ON T1.raceid = T2.raceid INNER JOIN drivers AS T3 ON T2.driverid = T3.driverid WHERE T3.forename = 'Lewis' AND T3.surname = 'Hamilton' ORDER BY T2.position LIMIT 1,,,True,False,False,1304,69,4.788849687999573,SELECT T1.name FROM races AS T1 INNER JOIN results AS T2 ON T1.raceid = T2.raceid INNER JOIN drivers AS T3 ON T2.driverid = T3.driverid WHERE T3.forename = 'Lewis' AND T3.surname = 'Hamilton' ORDER BY T2.rank LIMIT 1,,,False,True,False,True,False,True,False,True,both_wrong,both_wrong,both_wrong,both_wrong
214,214,formula_1,moderate,What was the fastest lap speed among all drivers in the 2009 Spanish Grand Prix?,the fastest lap speed among all refers to max(fastestLapSpeed); Spanish Grand Prix refers to races.name = 'Spanish Grand Prix';,SELECT T2.fastestLapSpeed FROM races AS T1 INNER JOIN results AS T2 ON T2.raceId = T1.raceId WHERE T1.name = 'Spanish Grand Prix' AND T1.year = 2009 AND T2.fastestLapSpeed IS NOT NULL ORDER BY T2.fastestLapSpeed DESC LIMIT 1,True,True,False,1280,54,1.707601994000015,SELECT MAX(T1.fastestLapSpeed) FROM results AS T1 INNER JOIN races AS T2 ON T1.raceid = T2.raceid WHERE T2.year = 2009 AND T2.name = 'Spanish Grand Prix',,,True,True,False,1307,54,1.728715116000103,SELECT MAX(T1.fastestLapSpeed) FROM results AS T1 INNER JOIN races AS T2 ON T1.raceid = T2.raceid WHERE T2.year = 2009 AND T2.name = 'Spanish Grand Prix',,,True,True,False,1280,63,4.369161863000045,SELECT T1.fastestlapspeed FROM results AS T1 INNER JOIN races AS T2 ON T1.raceid = T2.raceid WHERE T2.year = 2009 AND T2.name = 'Spanish Grand Prix' ORDER BY T1.fastestlapspeed DESC LIMIT 1,,,True,True,False,1307,63,4.359795812999437,SELECT T1.fastestlapspeed FROM results AS T1 INNER JOIN races AS T2 ON T1.raceid = T2.raceid WHERE T2.year = 2009 AND T2.name = 'Spanish Grand Prix' ORDER BY T1.fastestlapspeed DESC LIMIT 1,,,True,True,True,True,True,True,True,True,both_correct,both_correct,both_correct,both_correct
215,215,formula_1,moderate,What was Lewis Hamilton's final rank in the 2008 Chinese Grand Prix?,Lewis Hamilton refers to the full name of the driver; Full name of the driver refers to drivers.forename and drivers.surname; final rank refers to positionOrder; Chinese Grand Prix refers to races.name = 'Chinese Grand Prix';,SELECT T2.positionOrder FROM races AS T1 INNER JOIN results AS T2 ON T2.raceId = T1.raceId INNER JOIN drivers AS T3 ON T3.driverId = T2.driverId WHERE T3.forename = 'Lewis' AND T3.surname = 'Hamilton' AND T1.name = 'Chinese Grand Prix' AND T1.year = 2008,True,True,False,1278,71,2.250423511000008,SELECT T1.rank FROM results AS T1 INNER JOIN drivers AS T2 ON T1.driverid = T2.driverid WHERE T2.surname = 'Hamilton' AND T1.raceid IN ( SELECT raceid FROM races WHERE YEAR = 2008 AND name LIKE '%Chinese%' ) ORDER BY T1.position DESC LIMIT 1,,,True,True,False,1321,82,2.6182934460000524,SELECT T1.positionOrder FROM results AS T1 INNER JOIN drivers AS T2 ON T1.driverid = T2.driverid INNER JOIN races AS T3 ON T1.raceid = T3.raceid WHERE T2.forename = 'Lewis' AND T2.surname = 'Hamilton' AND T3.name = 'Chinese Grand Prix' AND T3.year = 2008,,,True,True,False,1278,81,5.647891126000104,SELECT T1.rank FROM results AS T1 INNER JOIN races AS T2 ON T1.raceid = T2.raceid INNER JOIN drivers AS T3 ON T1.driverid = T3.driverid WHERE T2.year = 2008 AND T2.name = 'Chinese Grand Prix' AND T3.forename = 'Lewis' AND T3.surname = 'Hamilton',,,True,True,False,1321,82,5.664095905000067,SELECT T1.positionOrder FROM results AS T1 INNER JOIN drivers AS T2 ON T1.driverid = T2.driverid INNER JOIN races AS T3 ON T1.raceid = T3.raceid WHERE T2.forename = 'Lewis' AND T2.surname = 'Hamilton' AND T3.year = 2008 AND T3.name = 'Chinese Grand Prix',,,True,True,True,True,True,True,True,True,both_correct,both_correct,both_correct,both_correct
216,216,formula_1,simple,What's the finish time for the driver who ranked second in 2008's AustChineseralian Grand Prix?,finish time refers to time; Chinese Grand Prix refers to races.name = 'Chinese Grand Prix';,SELECT T1.time FROM results AS T1 INNER JOIN races AS T2 on T1.raceId = T2.raceId WHERE T1.rank = 2 AND T2.name = 'Chinese Grand Prix' AND T2.year = 2008,True,False,False,1286,60,1.8726374480000914,SELECT T1.time FROM results AS T1 INNER JOIN races AS T2 ON T1.raceid = T2.raceid WHERE T1.rank = 2 AND T2.year = 2008 AND T2.name = 'AustChineseralian Grand Prix',,,True,False,False,1303,60,1.9419992159998856,SELECT T1.time FROM results AS T1 INNER JOIN races AS T2 ON T1.raceid = T2.raceid WHERE T1.rank = 2 AND T2.year = 2008 AND T2.name = 'AustChineseralian Grand Prix',,,True,False,False,1286,60,4.176631968000038,SELECT T1.time FROM results AS T1 INNER JOIN races AS T2 ON T1.raceid = T2.raceid WHERE T1.rank = 2 AND T2.year = 2008 AND T2.name = 'AustChineseralian Grand Prix',,,True,False,False,1303,60,4.082000540000081,SELECT T1.time FROM results AS T1 INNER JOIN races AS T2 ON T1.raceid = T2.raceid WHERE T1.rank = 2 AND T2.year = 2008 AND T2.name = 'AustChineseralian Grand Prix',,,False,True,False,True,False,True,False,True,both_wrong,both_wrong,both_wrong,both_wrong
217,217,formula_1,moderate,"Among the drivers that finished the race in the 2008 Chinese Grand Prix, how many of them have participated in Formula_1 races?",COUNT(raceID) > 0 reveals that this driver participated in races; drivers who finished the race refers to time has value.,SELECT COUNT(*) FROM ( SELECT T1.driverId FROM results AS T1 INNER JOIN races AS T2 on T1.raceId = T2.raceId WHERE T2.name = 'Chinese Grand Prix' AND T2.year = 2008 AND T1.time IS NOT NULL GROUP BY T1.driverId HAVING COUNT(T2.raceId) > 0 ),True,False,False,1290,54,1.692240413000036,SELECT COUNT(DISTINCT T1.driverId) FROM results AS T1 INNER JOIN races AS T2 ON T1.raceId = T2.raceId WHERE T2.year = 2008 AND T2.name = 'Chinese Grand Prix',,,False,False,False,1315,64,2.0998365740001645,SELECT COUNT(DISTINCT T1.driverid) FROM results AS T1 INNER JOIN races AS T2 ON T1.raceid = T2.raceid WHERE T2.year = 2008 AND T2.name = 'Chinese Grand Prix' AND T1.status != 'Did not finish',no such column: T1.status,,True,False,False,1290,54,3.775702302999889,SELECT COUNT(DISTINCT T1.driverid) FROM results AS T1 INNER JOIN races AS T2 ON T1.raceid = T2.raceid WHERE T2.year = 2008 AND T2.name = 'Chinese Grand Prix',,,True,False,False,1315,62,4.361946228000306,SELECT COUNT(DISTINCT T1.driverid) FROM results AS T1 INNER JOIN races AS T2 ON T1.raceid = T2.raceid WHERE T2.year = 2008 AND T2.name = 'Chinese Grand Prix' AND T1.statusid != 1,,,False,True,False,False,False,True,False,True,both_wrong,both_wrong,both_wrong,both_wrong
218,218,formula_1,challenging,How much faster in percentage is the champion than the driver who finished the race last in the 2008 Australian Grand Prix?,"how much faster in percentage = divide(subtract(incremental time, champion time), last_driver time) * 100; last driver finished time = incremental time + champion time; only champion's finished time is represented by 'HH:MM:SS.mmm'; finished the game refers to time is not null","WITH time_in_seconds AS ( SELECT T1.positionOrder, CASE WHEN T1.positionOrder = 1 THEN (CAST(SUBSTR(T1.time, 1, 1) AS REAL) * 3600) + (CAST(SUBSTR(T1.time, 3, 2) AS REAL) * 60) + CAST(SUBSTR(T1.time, 6) AS REAL) ELSE CAST(SUBSTR(T1.time, 2) AS REAL) END AS time_seconds FROM results AS T1 INNER JOIN races AS T2 ON T1.raceId = T2.raceId WHERE T2.name = 'Australian Grand Prix' AND T1.time IS NOT NULL AND T2.year = 2008 ), champion_time AS ( SELECT time_seconds FROM time_in_seconds WHERE positionOrder = 1), last_driver_incremental AS ( SELECT time_seconds FROM time_in_seconds WHERE positionOrder = (SELECT MAX(positionOrder) FROM time_in_seconds) ) SELECT (CAST((SELECT time_seconds FROM last_driver_incremental) AS REAL) * 100) / (SELECT time_seconds + (SELECT time_seconds FROM last_driver_incremental) FROM champion_time)",True,True,False,1287,68,2.145459949000042,SELECT ((MAX(T1.points) - MIN(T1.points)) / MAX(T1.points)) * 100 FROM results AS T1 INNER JOIN races AS T2 ON T1.raceid = T2.raceid WHERE T2.year = 2008 AND T2.name = 'Australian Grand Prix',,,False,False,False,1350,135,4.3268272459999935,"SELECT 
    ((strftime('%s', T1.time) - strftime('%s', T2.time)) / strftime('%s', T2.time)) * 100 AS percentage_faster
FROM 
    results AS T1
JOIN 
    results AS T2 ON T1.raceid = T2.raceid AND T1.driverid = T2.driverid
WHERE 
    T1.raceid IN (
        SELECT raceid FROM races WHERE YEAR = 2008 AND name = 'Australian Grand Prix'
    )
    AND T1.status != 'Finished'
    AND T2.status = 'Finished';",no such column: T1.status,,True,False,False,1287,94,6.492466400000012,SELECT CAST((T1.points - T2.points) AS REAL) * 100 / T2.points FROM driverstandings AS T1 INNER JOIN driverstandings AS T2 ON T1.driverid = T2.driverid WHERE T1.position = 1 AND T2.position = 20 AND T1.raceid = ( SELECT raceid FROM races WHERE YEAR = 2008 AND name = 'Australian Grand Prix' ),,,True,False,False,1350,133,9.156590511999639,"SELECT CAST((strftime('%M', T1.time) - strftime('%M', T2.time)) AS REAL) * 60 + strftime('%S', T1.time) - strftime('%S', T2.time) FROM results AS T1 INNER JOIN results AS T2 ON T1.raceid = T2.raceid WHERE T1.driverid = 1 AND T2.driverid = 759 AND T1.statusid = 1 AND T2.statusid = 1 AND T1.raceid IN ( SELECT raceid FROM races WHERE YEAR = 2008 AND name = 'Australian Grand Prix' )",,,True,True,False,False,False,True,False,True,regressed,both_wrong,regressed,both_wrong
219,219,formula_1,simple,"How many circuits are there in Adelaide, Australia?",Australia is the country; Melbourne is the location of circuit;,SELECT COUNT(circuitId) FROM circuits WHERE location = 'Adelaide' AND country = 'Australia',True,True,False,1270,19,0.6295999120000033,SELECT COUNT(*) FROM circuits WHERE location = 'Adelaide' AND country = 'Australia';,,,True,True,False,1280,19,0.6444648429999233,SELECT COUNT(*) FROM circuits WHERE country = 'Australia' AND location = 'Adelaide';,,,True,True,False,1270,19,1.386414345999583,SELECT COUNT(*) FROM circuits WHERE country = 'Australia' AND LOCATION = 'Adelaide',,,True,True,False,1280,19,1.4030981579999207,SELECT COUNT(*) FROM circuits WHERE country = 'Australia' AND LOCATION = 'Adelaide',,,True,True,True,True,True,True,True,True,both_correct,both_correct,both_correct,both_correct
220,220,formula_1,simple,What are the maximum points of British constructors?,maximum points = MAX(points); British is a nationality,SELECT MAX(T1.points) FROM constructorStandings AS T1 INNER JOIN constructors AS T2 on T1.constructorId = T2.constructorId WHERE T2.nationality = 'British',True,True,True,1269,40,1.2574788709999893,SELECT MAX(T1.points) FROM constructorStandings AS T1 INNER JOIN constructors AS T2 ON T1.constructorId = T2.constructorId WHERE T2.nationality = 'British',,,True,True,True,1278,40,1.2906934420000198,SELECT MAX(T1.points) FROM constructorStandings AS T1 INNER JOIN constructors AS T2 ON T1.constructorId = T2.constructorId WHERE T2.nationality = 'British',,,True,True,False,1269,40,2.7942632040003446,SELECT MAX(T2.points) FROM constructors AS T1 INNER JOIN constructorStandings AS T2 ON T1.constructorid = T2.constructorid WHERE T1.nationality = 'British',,,True,True,False,1278,47,3.2993961590000254,SELECT T1.points FROM constructorStandings AS T1 INNER JOIN constructors AS T2 ON T1.constructorid = T2.constructorid WHERE T2.nationality = 'British' ORDER BY T1.points DESC LIMIT 1,,,True,True,True,True,True,True,True,True,both_correct,both_correct,both_correct,both_correct
221,221,formula_1,simple,Please list the constructor names with 0 points at race 291.,race at 291 refers to raceID = 291;,SELECT T2.name FROM constructorStandings AS T1 INNER JOIN constructors AS T2 on T1.constructorId = T2.constructorId WHERE T1.points = 0 AND T1.raceId = 291,True,True,False,1276,46,1.4348343649999151,SELECT T1.name FROM constructors AS T1 INNER JOIN constructorStandings AS T2 ON T1.constructorId = T2.constructorId WHERE T2.raceId = 291 AND T2.points = 0,,,True,True,False,1290,46,1.495468442999936,SELECT T1.name FROM constructors AS T1 INNER JOIN constructorStandings AS T2 ON T1.constructorId = T2.constructorId WHERE T2.raceid = 291 AND T2.points = 0,,,True,True,False,1276,46,3.228189795000617,SELECT T1.name FROM constructors AS T1 INNER JOIN constructorStandings AS T2 ON T1.constructorid = T2.constructorid WHERE T2.raceid = 291 AND T2.points = 0,,,True,True,False,1290,46,3.232572156999595,SELECT T1.name FROM constructors AS T1 INNER JOIN constructorStandings AS T2 ON T1.constructorid = T2.constructorid WHERE T2.raceid = 291 AND T2.points = 0,,,True,True,True,True,True,True,True,True,both_correct,both_correct,both_correct,both_correct
222,222,formula_1,simple,How many Japanese constructors have 0 points in 2 races?,2 races refers to COUNT(raceID) = 2; Japanese refers to constructors.nationality = 'Japanese';,SELECT COUNT(T1.raceId) FROM constructorStandings AS T1 INNER JOIN constructors AS T2 on T1.constructorId = T2.constructorId WHERE T1.points = 0 AND T2.nationality = 'Japanese' GROUP BY T1.constructorId HAVING COUNT(raceId) = 2,True,True,False,1273,44,1.4284006800000952,SELECT COUNT(*) FROM constructorStandings WHERE constructorId IN ( SELECT constructorId FROM constructors WHERE nationality = 'Japanese' ) AND points = 0 GROUP BY constructorId HAVING COUNT(raceId) = 2,,,True,True,False,1295,66,2.1176897939999435,SELECT COUNT(T1.constructorId) FROM constructorStandings AS T1 INNER JOIN constructors AS T2 ON T1.constructorId = T2.constructorId WHERE T2.nationality = 'Japanese' AND T1.points = 0 GROUP BY T1.constructorId HAVING COUNT(T1.raceId) = 2,,,True,True,False,1273,69,4.768294421999599,SELECT COUNT(T1.constructorid) FROM constructorstandings AS T1 INNER JOIN constructors AS T2 ON T1.constructorid = T2.constructorid WHERE T2.nationality = 'Japanese' AND T1.points = 0 GROUP BY T1.constructorid HAVING COUNT(DISTINCT T1.raceid) = 2,,,True,True,False,1295,66,4.584033484000429,SELECT COUNT(T1.constructorid) FROM constructorstandings AS T1 INNER JOIN constructors AS T2 ON T1.constructorid = T2.constructorid WHERE T2.nationality = 'Japanese' AND T1.points = 0 GROUP BY T1.constructorid HAVING COUNT(T1.raceid) = 2,,,True,True,True,True,True,True,True,True,both_correct,both_correct,both_correct,both_correct
223,223,formula_1,challenging,Please calculate the race completion percentage of Japanese drivers from 2007 to 2009.,"from 2007 to 2009 refers to year between 2007 and 2009; race completion refers to time is not null; percentage = Divide(COUNT(DriverID where time is not null and year between 2007 and 2009),Count (DriverID where year between 2007 and 2009))*100; ","SELECT CAST(SUM(IIF(T1.time IS NOT NULL, 1, 0)) AS REAL) * 100 / COUNT(T1.raceId) FROM results AS T1 INNER JOIN races AS T2 on T1.raceId = T2.raceId INNER JOIN drivers AS T3 on T1.driverId = T3.driverId WHERE T3.nationality = 'Japanese' AND T2.year BETWEEN 2007 AND 2009",True,False,False,1282,103,3.204026532999933,SELECT CAST(SUM(CASE WHEN T1.nationality = 'Japanese' THEN 1 ELSE 0 END) AS REAL) * 100 / COUNT(*) FROM drivers AS T1 INNER JOIN results AS T2 ON T1.driverid = T2.driverid WHERE T2.statusid != 1 AND T1.nationality = 'Japanese' AND T2.raceid IN ( SELECT raceid FROM races WHERE YEAR BETWEEN 2007 AND 2009 ),,,False,False,False,1368,89,2.8900476570001956,SELECT CAST(SUM(CASE WHEN T1.nationality = 'Japanese' AND T2.time IS NOT NULL THEN 1 ELSE 0 END) AS REAL) * 100 / COUNT(T1.driverid) FROM drivers AS T1 INNER JOIN results AS T2 ON T1.driverid = T2.driverid WHERE T2.year BETWEEN 2007 AND 2009;,no such column: T2.year,,True,False,False,1282,91,6.277217182999266,SELECT CAST(SUM(CASE WHEN T1.nationality = 'Japanese' THEN 1 ELSE 0 END) AS REAL) * 100 / COUNT(*) FROM drivers AS T1 INNER JOIN results AS T2 ON T1.driverid = T2.driverid WHERE T2.statusid = 1 AND T1.nationality = 'Japanese' AND T2.raceid BETWEEN 456 AND 480,,,False,False,False,1368,77,5.404159773999709,"SELECT CAST(SUM(IIF(T1.nationality = 'Japanese', 1, 0)) AS REAL) * 100 / COUNT(*) FROM drivers AS T1 INNER JOIN results AS T2 ON T1.driverid = T2.driverid WHERE T2.year BETWEEN 2007 AND 2009 AND T2.time IS NOT NULL",no such column: T2.year,,False,True,False,False,False,True,False,False,both_wrong,both_wrong,both_wrong,both_wrong
224,224,formula_1,challenging,"What is the average time in seconds of champion for each year, before year 1975?",only champion's finished time is represented by 'HH:MM:SS.mmm'; finished the game refers to time is not null; before year 1975 refers to year < 1975;,"WITH time_in_seconds AS ( SELECT T2.year, T2.raceId, T1.positionOrder, CASE WHEN T1.positionOrder = 1 THEN (CAST(SUBSTR(T1.time, 1, 1) AS REAL) * 3600) + (CAST(SUBSTR(T1.time, 3, 2) AS REAL) * 60) + CAST(SUBSTR(T1.time, 6,2) AS REAL )   + CAST(SUBSTR(T1.time, 9) AS REAL)/1000 ELSE 0 END AS time_seconds FROM results AS T1 INNER JOIN races AS T2 ON T1.raceId = T2.raceId WHERE T1.time IS NOT NULL ), champion_time AS ( SELECT year, raceId, time_seconds FROM time_in_seconds WHERE positionOrder = 1 ) SELECT year, AVG(time_seconds) FROM champion_time WHERE year < 1975 GROUP BY year HAVING AVG(time_seconds) IS NOT NULL",True,False,False,1281,62,1.9253469410000434,"SELECT AVG(T1.milliseconds / 1000), T2.year FROM results AS T1 INNER JOIN races AS T2 ON T1.raceid = T2.raceid WHERE T1.position = 1 AND T2.year < 1975 GROUP BY T2.year",,,True,False,False,1323,62,2.0416284190000624,"SELECT AVG(T1.milliseconds / 1000), T2.year FROM results AS T1 INNER JOIN races AS T2 ON T1.raceid = T2.raceid WHERE T1.position = 1 AND T2.year < 1975 GROUP BY T2.year",,,False,False,False,1281,56,3.906242468000528,SELECT CAST(SUM(T1.milliseconds) AS REAL) / COUNT(*) FROM results AS T1 INNER JOIN driverstandings AS T2 ON T1.driverid = T2.driverid WHERE T2.position = 1 AND T1.year < 1975,no such column: T1.year,,False,False,False,1323,256,17.566285690999393,"SELECT CAST(SUM(T1.milliseconds) AS REAL) / COUNT(*) FROM results AS T1 INNER JOIN driverstandings AS T2 ON T1.driverid = T2.driverid WHERE SUBSTR(CAST(T1.time AS TEXT), -4) != 'None' AND SUBSTR(CAST(T1.time AS TEXT), -4) != 'null' AND SUBSTR(CAST(T1.time AS TEXT), -4) != 'NULL' AND SUBSTR(CAST(T1.time AS TEXT), -4) != 'none' AND SUBSTR(CAST(T1.time AS TEXT), -4) != '00:00:00' AND SUBSTR(CAST(T1.time AS TEXT), -4) != '00:00:00.000' AND SUBSTR(CAST(T1.time AS TEXT), -4) != '00:00:00.000000' AND SUBSTR(CAST(T1.time AS TEXT), -4) != '00:00:00.000000000' AND SUBSTR(CAST(T1.time AS TEXT), -4) != '00:00:00.","unrecognized token: ""'00:00:00.""",,False,True,False,True,False,False,False,False,both_wrong,both_wrong,both_wrong,both_wrong
225,225,formula_1,simple,What is the fastest lap number of the champion in 2009?,"in 2009 refers to year = 2009; Only the time of the champion shows in the format of ""hour: minutes: seconds.millionsecond""",SELECT T1.fastestLap FROM results AS T1 INNER JOIN races AS T2 on T1.raceId = T2.raceId WHERE T2.year = 2009 AND T1.time LIKE '_:%:__.___',True,False,False,1276,69,2.1386117100000774,SELECT T1.fastestLap FROM results AS T1 INNER JOIN driverstandings AS T2 ON T1.driverid = T2.driverid WHERE T2.position = 1 AND T1.raceid IN ( SELECT raceid FROM races WHERE YEAR = 2009 ) ORDER BY T1.milliseconds LIMIT 1,,,False,False,False,1311,48,1.5592905880000671,SELECT T1.fastestLap FROM results AS T1 INNER JOIN driverstandings AS T2 ON T1.driverid = T2.driverid WHERE T2.position = 1 AND T1.year = 2009,no such column: T1.year,,True,False,False,1276,69,4.8225751569998465,SELECT T1.fastestLap FROM results AS T1 INNER JOIN driverstandings AS T2 ON T1.driverid = T2.driverid WHERE T2.position = 1 AND T1.raceid IN ( SELECT raceid FROM races WHERE YEAR = 2009 ) ORDER BY T1.milliseconds LIMIT 1,,,True,False,False,1311,60,4.244657715000358,SELECT T1.fastestLap FROM results AS T1 INNER JOIN driverstandings AS T2 ON T1.driverid = T2.driverid WHERE T2.position = 1 AND T1.raceid IN ( SELECT raceid FROM races WHERE YEAR = 2009 ),,,False,True,False,False,False,True,False,True,both_wrong,both_wrong,both_wrong,both_wrong
226,226,formula_1,moderate,What is the average of fastest lap speed in the 2009 Spanish Grand Prix race?,Spanish Grand Prix is the name of race refers to name = 'Spanish Grand Prix'; average fastest lap speed refers to avg(fastestLapSpeed);,SELECT AVG(T1.fastestLapSpeed) FROM results AS T1 INNER JOIN races AS T2 on T1.raceId = T2.raceId WHERE T2.year = 2009 AND T2.name = 'Spanish Grand Prix',True,True,True,1280,53,1.6837979079998604,SELECT AVG(T1.fastestlapspeed) FROM results AS T1 INNER JOIN races AS T2 ON T1.raceid = T2.raceid WHERE T2.year = 2009 AND T2.name = 'Spanish Grand Prix',,,True,True,True,1309,54,1.7623943620001228,SELECT AVG(T1.fastestLapSpeed) FROM results AS T1 INNER JOIN races AS T2 ON T1.raceid = T2.raceid WHERE T2.year = 2009 AND T2.name = 'Spanish Grand Prix',,,False,False,False,1280,61,4.257065461999446,SELECT AVG(T1.fastestlapspeed) FROM results AS T1 INNER JOIN races AS T2 ON T1.raceid = T2.raceid WHERE T2.year = 2009 AND T2.country = 'Spain' AND T2.name = 'Spanish Grand Prix',no such column: T2.country,,True,True,True,1309,53,3.752613331000248,SELECT AVG(T1.fastestlapspeed) FROM results AS T1 INNER JOIN races AS T2 ON T1.raceid = T2.raceid WHERE T2.year = 2009 AND T2.name = 'Spanish Grand Prix',,,True,True,True,True,False,False,True,True,both_correct,improved,regressed,both_correct
227,227,formula_1,challenging,"From 2000 to 2005, what percentage of drivers who were born before 1985 and the lap numbers were over 50?","born before 1985 refers to year(dob)<1985; in 2000 to 2005 refers to year between 2000 and 2005; percentage = Divide(COUNT(driverId where year (dob) <1985 and laps >50),COUNT(DriverID where year between 2000 and 2005) *100;","SELECT CAST(SUM(IIF(STRFTIME('%Y', T3.dob) < '1985' AND T1.laps > 50, 1, 0)) AS REAL) * 100 / COUNT(*) FROM results AS T1 INNER JOIN races AS T2 on T1.raceId = T2.raceId INNER JOIN drivers AS T3 on T1.driverId = T3.driverId WHERE T2.year BETWEEN 2000 AND 2005",False,False,False,1296,96,3.044178494000107,SELECT CAST(SUM(CASE WHEN T1.dob < '1985-01-01' AND T2.lap > 50 THEN 1 ELSE 0 END) AS REAL) * 100 / COUNT(T1.driverId) FROM drivers AS T1 INNER JOIN laptimes AS T2 ON T1.driverid = T2.driverid WHERE T1.year BETWEEN 2000 AND 2005,no such column: T1.year,,False,False,False,1387,97,3.0888341260001653,"SELECT CAST(SUM(CASE WHEN T1.year BETWEEN 2000 AND 2005 THEN 1 ELSE 0 END) AS REAL) * 100 / COUNT(T1.driverid) FROM races AS T1 INNER JOIN results AS T2 ON T1.raceid = T2.raceid WHERE T2.laps > 50 AND STRFTIME('%Y', T2.dob) < '1985'",no such column: T1.driverid,,True,False,False,1296,78,5.42395261799993,SELECT CAST(COUNT(DISTINCT T1.driverid) AS REAL) * 100 / COUNT(T1.driverid) FROM drivers AS T1 INNER JOIN laptimes AS T2 ON T1.driverid = T2.driverid WHERE T1.dob < '1985-01-01' AND T2.lap > 50,,,False,False,False,1387,125,8.546530665999853,"SELECT CAST(SUM(IIF(T1.year BETWEEN 2000 AND 2005, 1, 0)) AS REAL) * 100 / COUNT(*) FROM ( SELECT T4.year, T3.laps FROM drivers AS T1 INNER JOIN results AS T2 ON T1.driverid = T2.driverid INNER JOIN races AS T3 ON T2.raceid = T3.raceid INNER JOIN seasons AS T4 ON T3.year = T4.year WHERE T1.dob < '1985-01-01' ) T5",no such column: T3.laps,,False,False,False,False,False,True,False,False,both_wrong,both_wrong,both_wrong,both_wrong
228,228,formula_1,moderate,How many French drivers who obtain the laptime less than 02:00.00?,lap time less than 02:00.00 refers to seconds < 120;,"SELECT COUNT(T1.driverId) FROM drivers AS T1 INNER JOIN lapTimes AS T2 on T1.driverId = T2.driverId WHERE T1.nationality = 'French' AND (CAST(SUBSTR(T2.time, 1, 2) AS INTEGER) * 60 + CAST(SUBSTR(T2.time, 4, 2) AS INTEGER) + CAST(SUBSTR(T2.time, 7, 2) AS REAL) / 1000) < 120",True,False,False,1281,59,1.9401014140000825,SELECT COUNT(DISTINCT T1.driverid) FROM drivers AS T1 INNER JOIN laptimes AS T2 ON T1.driverid = T2.driverid WHERE T1.nationality = 'French' AND T2.time < '02:00.00',,,True,False,False,1301,57,1.834296568000127,SELECT COUNT(DISTINCT T1.driverid) FROM drivers AS T1 INNER JOIN laptimes AS T2 ON T1.driverid = T2.driverid WHERE T1.nationality = 'French' AND T2.milliseconds < 120000,,,True,False,False,1281,57,3.9781387689999974,SELECT COUNT(DISTINCT T1.driverid) FROM drivers AS T1 INNER JOIN laptimes AS T2 ON T1.driverid = T2.driverid WHERE T1.nationality = 'French' AND T2.milliseconds < 120000,,,True,False,False,1301,79,5.358949928999209,"SELECT COUNT(DISTINCT T1.driverid) FROM drivers AS T1 INNER JOIN laptimes AS T2 ON T1.driverid = T2.driverid WHERE T1.nationality = 'French' AND SUBSTR(T2.time, 4, 2) * 60 + SUBSTR(T2.time, 7, 2) < 120",,,False,True,False,True,False,True,False,True,both_wrong,both_wrong,both_wrong,both_wrong
229,229,formula_1,simple,List out the code for drivers who have nationality in American.,nationality = 'American',SELECT code FROM drivers WHERE Nationality = 'American',True,True,True,1272,11,0.4141562750000958,SELECT code FROM drivers WHERE nationality = 'American',,,True,True,True,1276,11,0.4050167580001016,SELECT code FROM drivers WHERE nationality = 'American',,,True,True,True,1272,11,0.8599996110006032,SELECT code FROM drivers WHERE nationality = 'American',,,True,True,True,1276,11,0.8470799589995295,SELECT code FROM drivers WHERE nationality = 'American',,,True,True,True,True,True,True,True,True,both_correct,both_correct,both_correct,both_correct
230,230,formula_1,simple,State code numbers of top 3 yougest drivers. How many Netherlandic drivers among them?,youngest driver refers to Max (year(dob)); Netherlandic and Dutch refer to the same country,SELECT COUNT(*) FROM ( SELECT T1.nationality FROM drivers AS T1 ORDER BY JULIANDAY(T1.dob) DESC LIMIT 3) AS T3 WHERE T3.nationality = 'Dutch',True,False,False,1281,25,0.8261777180000536,"SELECT T1.driverid, T1.code FROM drivers AS T1 ORDER BY T1.dob DESC LIMIT 3",,,True,False,False,1302,64,2.149298938000129,"SELECT T1.driverid, T1.code FROM drivers AS T1 ORDER BY T1.dob DESC LIMIT 3;",,,True,False,False,1281,60,4.20260423199943,"SELECT COUNT(DISTINCT T1.driverid), T1.code FROM drivers AS T1 INNER JOIN driverstandings AS T2 ON T1.driverid = T2.driverid WHERE T2.position <= 3 AND T1.nationality = 'Netherlands' GROUP BY T1.code",,,True,False,False,1302,60,4.0931575289996545,"SELECT T1.code, COUNT(CASE WHEN T1.nationality = 'Netherlands' THEN 1 ELSE NULL END) FROM drivers AS T1 INNER JOIN driverstandings AS T2 ON T1.driverid = T2.driverid ORDER BY T1.dob DESC LIMIT 3",,,False,True,False,True,False,True,False,True,both_wrong,both_wrong,both_wrong,both_wrong
231,231,formula_1,simple,Please state the reference name of the oldest German driver.,oldest refers to MIN(year(dob)); reference names appear in drverRef.,SELECT driverRef FROM drivers WHERE nationality = 'German' ORDER BY JULIANDAY(dob) ASC LIMIT 1,True,True,False,1271,19,0.6400420740001209,SELECT driverRef FROM drivers WHERE nationality = 'German' ORDER BY dob ASC LIMIT 1,,,True,True,False,1286,19,0.686892145999991,SELECT driverRef FROM drivers WHERE nationality = 'German' ORDER BY dob ASC LIMIT 1,,,True,True,False,1271,18,1.3223515250001583,SELECT driverRef FROM drivers WHERE nationality = 'German' ORDER BY dob LIMIT 1,,,True,True,False,1286,49,3.371473180999601,SELECT T1.driverRef FROM drivers AS T1 INNER JOIN driverstandings AS T2 ON T1.driverid = T2.driverid WHERE T1.nationality = 'German' ORDER BY T1.dob ASC LIMIT 1,,,True,True,True,True,True,True,True,True,both_correct,both_correct,both_correct,both_correct
232,232,formula_1,moderate,Which drivers who were born in 1971 and has the fastest lap time on the race? Give id and code of these drivers.,born in 1971 refers to year(dob) = 1971; has the fastest lap time refers to fastestLapTime has values,"SELECT T2.driverId, T2.code FROM results AS T1 INNER JOIN drivers AS T2 on T1.driverId = T2.driverId WHERE STRFTIME('%Y', T2.dob) = '1971' AND T1.fastestLapTime IS NOT NULL",True,False,False,1289,64,2.0753084880000188,"SELECT T1.driverid, T1.code FROM drivers AS T1 INNER JOIN results AS T2 ON T1.driverid = T2.driverid WHERE T1.dob LIKE '1971%' AND T2.fastestlap IS NOT NULL ORDER BY T2.fastestlaptime LIMIT 1",,,True,False,False,1321,62,2.002862837000066,"SELECT T1.driverid, T1.driverref FROM drivers AS T1 INNER JOIN results AS T2 ON T1.driverid = T2.driverid WHERE STRFTIME('%Y', T1.dob) = '1971' AND T2.fastestlaptime IS NOT NULL",,,True,True,False,1289,52,3.616833766000127,"SELECT T1.driverid, T1.code FROM drivers AS T1 INNER JOIN results AS T2 ON T1.driverid = T2.driverid WHERE T1.dob LIKE '%1971%' AND T2.fastestlap IS NOT NULL",,,False,False,False,1321,61,4.248797998000555,"SELECT T1.driverid, T1.code FROM drivers AS T1 INNER JOIN results AS T2 ON T1.driverid = T2.driverid WHERE STRFTIME('%Y', T1.dob) = '1971' AND T2.fastestlaptimes IS NOT NULL",no such column: T2.fastestlaptimes,,False,True,False,True,True,True,False,False,both_wrong,regressed,improved,both_wrong
233,233,formula_1,simple,"From race no. 50 to 100, how many finishers have been disqualified?","disqualified refers to statusID = 2, finisher refers to time! = null; race no. refers to raceId; raceId > 50 and raceId < 100;","SELECT SUM(IIF(time IS NOT NULL, 1, 0)) FROM results WHERE statusId = 2 AND raceID < 100 AND raceId > 50",True,False,False,1281,24,0.8124506710000787,SELECT COUNT(*) FROM results WHERE raceid BETWEEN 50 AND 100 AND statusid = 1,,,True,True,False,1321,29,0.9643959330001053,SELECT COUNT(*) FROM results WHERE raceId BETWEEN 50 AND 100 AND statusId = 2 AND TIME IS NOT NULL,,,True,False,False,1281,24,1.7494977859996652,SELECT COUNT(*) FROM results WHERE raceid BETWEEN 50 AND 100 AND statusid = 1,,,True,False,False,1321,24,1.7344436820003466,SELECT COUNT(*) FROM results WHERE raceid BETWEEN 50 AND 100 AND statusid = 2,,,False,True,True,True,False,True,False,True,improved,both_wrong,both_wrong,regressed
234,234,formula_1,simple,How many times the circuits were held in Austria? Please give their location and coordinates.,"location coordinates refers to (lat,lng); Austria refers to country = 'Austria';","SELECT DISTINCT location, lat, lng FROM circuits WHERE country = 'Austria'",True,False,False,1277,22,0.7429184579998491,"SELECT COUNT(*) ,  LOCATION ,  lat ,  lng FROM circuits WHERE country = 'Austria'",,,True,False,False,1293,22,0.752047156000117,"SELECT COUNT(*) ,  LOCATION ,  lat ,  lng FROM circuits WHERE country = 'Austria'",,,False,False,False,1277,31,2.212214597999264,"SELECT COUNT(*) FROM circuits WHERE country = 'Austria' UNION ALL SELECT DISTINCT LOCATION, lat, lng FROM circuits WHERE country = 'Austria'",SELECTs to the left and right of UNION ALL do not have the same number of result columns,,False,False,False,1293,29,2.0558823020001,"SELECT COUNT(*) FROM circuits WHERE country = 'Austria' UNION ALL SELECT DISTINCT lat, lng FROM circuits WHERE country = 'Austria'",SELECTs to the left and right of UNION ALL do not have the same number of result columns,,False,True,False,True,False,False,False,False,both_wrong,both_wrong,both_wrong,both_wrong
235,235,formula_1,moderate,"On what year did the youngest driver had his first qualifying race? Also state the name, date and time of the race.","date of birth refers to drivers.dob; The larger the birthday value, the younger the person is, and vice versa; first qualifying race refers to MIN(races.date);","SELECT T3.year, T3.name, T3.date, T3.time FROM qualifying AS T1 INNER JOIN drivers AS T2 on T1.driverId = T2.driverId INNER JOIN races AS T3 on T1.raceId = T3.raceId WHERE T1.driverId = ( SELECT driverId FROM drivers ORDER BY dob DESC LIMIT 1 ) ORDER BY T3.date ASC LIMIT 1",False,False,False,1285,56,1.7735167829998773,"SELECT MIN(T1.year), T2.name, T2.date, T2.time FROM races AS T1 INNER JOIN circuits AS T2 ON T1.circuitid = T2.circuitid WHERE T1.round = 1 ORDER BY T1.date LIMIT 1",no such column: T2.date,,True,False,False,1318,62,1.9726118109999788,"SELECT T1.year, T1.name, T1.date FROM races AS T1 INNER JOIN qualifying AS T2 ON T1.raceid = T2.raceid INNER JOIN drivers AS T3 ON T2.driverid = T3.driverid ORDER BY T3.dob DESC LIMIT 1",,,True,False,False,1285,67,4.6672491689996605,"SELECT DISTINCT T1.year, T1.name, T1.date, T1.time FROM races AS T1 INNER JOIN qualifying AS T2 ON T1.raceid = T2.raceid INNER JOIN drivers AS T3 ON T2.driverid = T3.driverid ORDER BY T3.dob DESC LIMIT 1",,,True,False,False,1318,62,4.3206063610005,"SELECT T1.year, T1.name, T1.date FROM races AS T1 INNER JOIN qualifying AS T2 ON T1.raceid = T2.raceid INNER JOIN drivers AS T3 ON T2.driverid = T3.driverid ORDER BY T3.dob DESC LIMIT 1",,,False,False,False,True,False,True,False,True,both_wrong,both_wrong,both_wrong,both_wrong
236,236,formula_1,challenging,List down top 3 German drivers who has the shortest average pit stop duration and were born between 1980-1985.,"Full name of the driver refers to drivers.forename and drivers.surname; born between 1980-1985 refers to 1980<= year(dob) <=1985; Average pitstop duration refers to Divide(SUM(duration),COUNT(duration)); shortest average refers to Min(avg(duration));","SELECT T2.forename, T2.surname FROM pitStops AS T1 INNER JOIN drivers AS T2 on T1.driverId = T2.driverId WHERE T2.nationality = 'German' AND STRFTIME('%Y', T2.dob) BETWEEN '1980' AND '1985' GROUP BY T2.forename, T2.surname ORDER BY AVG(T1.duration) LIMIT 3",True,True,False,1290,90,2.919314037000049,"SELECT T1.forename, T1.surname FROM drivers AS T1 INNER JOIN pitstops AS T2 ON T1.driverid = T2.driverid WHERE T1.nationality = 'German' AND T1.dob BETWEEN '1980-01-01' AND '1985-12-31' GROUP BY T1.driverid ORDER BY AVG(T2.duration) ASC LIMIT 3",,,True,False,False,1354,80,2.5296066190001056,"SELECT T1.driverid, T1.forename, T1.surname FROM drivers AS T1 INNER JOIN pitstops AS T2 ON T1.driverid = T2.driverid WHERE STRFTIME('%Y', T1.dob) BETWEEN '1980' AND '1985' GROUP BY T1.driverid ORDER BY AVG(T2.duration) ASC LIMIT 3",,,True,True,False,1290,89,6.05587465500048,"SELECT T1.forename, T1.surname FROM drivers AS T1 INNER JOIN pitstops AS T2 ON T1.driverid = T2.driverid WHERE T1.nationality = 'German' AND T1.dob BETWEEN '1980-01-01' AND '1985-12-31' GROUP BY T1.driverid ORDER BY AVG(T2.duration) LIMIT 3",,,True,False,False,1354,70,4.854926132000401,"SELECT T1.driverid FROM drivers AS T1 INNER JOIN pitstops AS T2 ON T1.driverid = T2.driverid WHERE STRFTIME('%Y', T1.dob) BETWEEN '1980' AND '1985' GROUP BY T1.driverid ORDER BY AVG(T2.duration) LIMIT 3",,,True,True,False,True,True,True,False,True,regressed,regressed,both_correct,both_wrong
237,237,formula_1,moderate,Who is the champion of the Canadian Grand Prix in 2008? Indicate his finish time.,"Only the time of the champion shows in the format of ""hour: minutes: seconds.millionsecond"";",SELECT T1.time FROM results AS T1 INNER JOIN races AS T2 ON T1.raceId = T2.raceId WHERE T2.name = 'Canadian Grand Prix' AND T2.year = 2008 AND T1.time LIKE '_:%:__.___',True,False,False,1282,81,2.6049313610001263,"SELECT T1.surname, T1.forename, T2.time FROM drivers AS T1 INNER JOIN results AS T2 ON T1.driverid = T2.driverid INNER JOIN races AS T3 ON T2.raceid = T3.raceid WHERE T3.name = 'Canadian Grand Prix' AND T3.year = 2008 ORDER BY T2.position LIMIT 1",,,True,False,False,1301,82,2.640003104000016,"SELECT T1.surname, T1.forename, T2.time FROM drivers AS T1 INNER JOIN results AS T2 ON T1.driverid = T2.driverid INNER JOIN races AS T3 ON T2.raceid = T3.raceid WHERE T3.name = 'Canadian Grand Prix' AND T3.year = 2008 ORDER BY T2.position ASC LIMIT 1",,,True,False,False,1282,81,5.592635183999846,"SELECT T1.surname, T1.forename , T2.time FROM drivers AS T1 INNER JOIN results AS T2 ON T1.driverid = T2.driverid INNER JOIN races AS T3 ON T2.raceid = T3.raceid WHERE T3.name = 'Canadian Grand Prix' AND T3.year = 2008 ORDER BY T2.position LIMIT 1",,,True,False,False,1301,78,5.402151751999554,"SELECT T1.surname, T1.forename , SUBSTR(T2.time, 4) FROM drivers AS T1 INNER JOIN results AS T2 ON T1.driverid = T2.driverid WHERE T2.position = 1 AND T2.raceid IN ( SELECT raceid FROM races WHERE YEAR = 2008 AND name = 'Canadian Grand Prix' )",,,False,True,False,True,False,True,False,True,both_wrong,both_wrong,both_wrong,both_wrong
238,238,formula_1,challenging,What is the constructor reference name of the champion in the 2009 Singapore Grand Prix? Please give its website.,"the time of the champion shows in the format of ""minutes: seconds.millionsecond"" in which Max(time); constructor reference name refers to constructorRef; website refers to url","SELECT T3.constructorRef, T3.url FROM results AS T1 INNER JOIN races AS T2 on T1.raceId = T2.raceId INNER JOIN constructors AS T3 on T1.constructorId = T3.constructorId WHERE T2.name = 'Singapore Grand Prix' AND T2.year = 2009 AND T1.time LIKE '_:%:__.___'",True,False,False,1285,80,2.5112076329999127,"SELECT T4.constructorRef, T4.url FROM races AS T1 INNER JOIN constructorStandings AS T2 ON T1.raceid = T2.raceid INNER JOIN constructors AS T4 ON T2.constructorid = T4.constructorid WHERE T1.year = 2009 AND T1.name = 'Singapore Grand Prix' ORDER BY T2.points DESC LIMIT 1",,,True,False,False,1319,80,2.571346290000065,"SELECT T4.constructorRef, T4.url FROM races AS T1 INNER JOIN constructorStandings AS T2 ON T1.raceid = T2.raceid INNER JOIN constructors AS T4 ON T2.constructorid = T4.constructorid WHERE T1.year = 2009 AND T1.name = 'Singapore Grand Prix' ORDER BY T2.points DESC LIMIT 1",,,True,False,False,1285,68,4.702311281999755,"SELECT T4.constructorRef, T4.url FROM constructorStandings AS T1 INNER JOIN races AS T2 ON T1.raceid = T2.raceid INNER JOIN constructors AS T4 ON T1.constructorid = T4.constructorid WHERE T2.name = 'Singapore Grand Prix' AND T1.position = 1",,,True,False,False,1319,96,6.632400327999676,"SELECT T4.constructorRef, T4.url FROM races AS T1 INNER JOIN constructorStandings AS T2 ON T1.raceid = T2.raceid INNER JOIN constructors AS T3 ON T2.constructorid = T3.constructorid INNER JOIN constructors AS T4 ON T2.constructorid = T4.constructorid WHERE T1.year = 2009 AND T1.name = 'Singapore Grand Prix' ORDER BY T2.points DESC LIMIT 1",,,False,True,False,True,False,True,False,True,both_wrong,both_wrong,both_wrong,both_wrong
239,239,superhero,simple,Please list all the superpowers of 3-D Man.,3-D Man refers to superhero_name = '3-D Man'; superpowers refers to power_name,SELECT T3.power_name FROM superhero AS T1 INNER JOIN hero_power AS T2 ON T1.id = T2.hero_id INNER JOIN superpower AS T3 ON T2.power_id = T3.id WHERE T1.superhero_name = '3-D Man',True,False,False,552,38,1.1789210120000462,SELECT T2.power_name FROM superhero AS T1 INNER JOIN superpower AS T2 ON T1.id = T2.id WHERE T1.superhero_name = '3-D Man',,,True,False,False,570,38,1.1881247569999687,SELECT T2.power_name FROM superhero AS T1 INNER JOIN superpower AS T2 ON T1.id = T2.id WHERE T1.superhero_name = '3-D Man',,,True,False,False,552,38,2.5954395400003705,SELECT T2.power_name FROM superhero AS T1 INNER JOIN superpower AS T2 ON T1.id = T2.id WHERE T1.superhero_name = '3-D Man',,,True,False,False,570,38,2.644983346999652,SELECT T2.power_name FROM superhero AS T1 INNER JOIN superpower AS T2 ON T1.id = T2.id WHERE T1.superhero_name = '3-D Man',,,False,True,False,True,False,True,False,True,both_wrong,both_wrong,both_wrong,both_wrong
240,240,formula_1,challenging,"Which constructor scored most points from Monaco Grand Prix between 1980 and 2010? List the score, name and nationality of this team.",Monaco Grand Priz refers to the race; race in year between 1980 and 2010,"SELECT SUM(T1.points), T2.name, T2.nationality FROM constructorResults AS T1 INNER JOIN constructors AS T2 ON T1.constructorId = T2.constructorId INNER JOIN races AS T3 ON T3.raceid = T1.raceid WHERE T3.name = 'Monaco Grand Prix' AND T3.year BETWEEN 1980 AND 2010 GROUP BY T2.name ORDER BY SUM(T1.points) DESC LIMIT 1",True,False,False,1293,104,3.319290798000111,"SELECT T1.points, T2.name, T2.nationality FROM constructorStandings AS T1 INNER JOIN constructors AS T2 ON T1.constructorid = T2.constructorid INNER JOIN races AS T3 ON T1.raceid = T3.raceid WHERE T3.circuitid = ( SELECT circuitid FROM circuits WHERE name = 'Monaco Grand Prix' ) AND T3.year BETWEEN 1980 AND 2010 ORDER BY T1.points DESC LIMIT 1",,,True,False,False,1317,93,2.93480855599978,"SELECT SUM(T1.points), T2.name, T2.nationality FROM constructorStandings AS T1 INNER JOIN constructors AS T2 ON T1.constructorId = T2.constructorId INNER JOIN races AS T3 ON T1.raceId = T3.raceId WHERE T3.name = 'Monaco Grand Prix' AND T3.year BETWEEN 1980 AND 2010 ORDER BY T1.points DESC LIMIT 1",,,True,False,False,1293,90,6.230968093999763,"SELECT T1.points, T2.name, T2.nationality FROM constructorStandings AS T1 INNER JOIN constructors AS T2 ON T1.constructorid = T2.constructorid INNER JOIN races AS T3 ON T1.raceid = T3.raceid WHERE T3.circuitid = 4 AND T3.year BETWEEN 1980 AND 2010 ORDER BY T1.points DESC LIMIT 1",,,True,False,False,1317,92,6.394113822000691,"SELECT T1.points, T2.name, T2.nationality FROM constructorStandings AS T1 INNER JOIN constructors AS T2 ON T1.constructorid = T2.constructorid INNER JOIN races AS T3 ON T1.raceid = T3.raceid WHERE T3.name = 'Monaco Grand Prix' AND T3.year BETWEEN 1980 AND 2010 ORDER BY T1.points DESC LIMIT 1",,,False,True,False,True,False,True,False,True,both_wrong,both_wrong,both_wrong,both_wrong
241,241,formula_1,challenging,What is full name of the racer who ranked 1st in the 3rd qualifying race held in the Marina Bay Street Circuit in 2008?,"Ranked 1st in the 3rd qualifying race refer to MIN(q3); 2008 is the year of race; full name of racer = forename, surname","SELECT T2.forename, T2.surname FROM qualifying AS T1 INNER JOIN drivers AS T2 on T1.driverId = T2.driverId INNER JOIN races AS T3 ON T1.raceid = T3.raceid WHERE q3 IS NOT NULL AND T3.year = 2008 AND T3.circuitId IN ( SELECT circuitId FROM circuits WHERE name = 'Marina Bay Street Circuit' ) ORDER BY CAST(SUBSTR(q3, 1, INSTR(q3, ':') - 1) AS INTEGER) * 60 + CAST(SUBSTR(q3, INSTR(q3, ':') + 1, INSTR(q3, '.') - INSTR(q3, ':') - 1) AS REAL) + CAST(SUBSTR(q3, INSTR(q3, '.') + 1) AS REAL) / 1000 ASC LIMIT 1",False,False,False,1293,85,2.7966332650000822,"SELECT T1.forename, T1.surname FROM drivers AS T1 INNER JOIN qualifying AS T2 ON T1.driverid = T2.driverid INNER JOIN circuits AS T3 ON T2.circuitid = T3.circuitid WHERE T2.position = 1 AND T3.name = 'Marina Bay Street Circuit' AND T2.round = 3 AND T2.year = 2008",no such column: T2.round,,False,False,False,1329,85,2.689070794000145,"SELECT T1.forename, T1.surname FROM drivers AS T1 INNER JOIN qualifying AS T2 ON T1.driverid = T2.driverid INNER JOIN circuits AS T3 ON T2.raceid = T3.circuitid WHERE T3.name = 'Marina Bay Street Circuit' AND T2.position = 1 AND T2.round = 3 AND T2.year = 2008",no such column: T2.round,,True,False,False,1293,103,7.083526505000009,"SELECT T4.forename, T4.surname FROM races AS T1 INNER JOIN circuits AS T2 ON T1.circuitid = T2.circuitid INNER JOIN qualifying AS T3 ON T1.raceid = T3.raceid INNER JOIN drivers AS T4 ON T3.driverid = T4.driverid WHERE T1.year = 2008 AND T2.name = 'Marina Bay Street Circuit' AND T3.position = 1 AND T1.round = 3",,,True,True,False,1329,105,7.242190422999556,"SELECT T4.forename, T4.surname FROM races AS T1 INNER JOIN circuits AS T2 ON T1.circuitid = T2.circuitid INNER JOIN qualifying AS T3 ON T1.raceid = T3.raceid INNER JOIN drivers AS T4 ON T3.driverid = T4.driverid WHERE T1.year = 2008 AND T2.name = 'Marina Bay Street Circuit' AND T3.position = 1 ORDER BY T3.q3 LIMIT 1",,,False,False,False,False,False,True,True,True,both_wrong,improved,both_wrong,improved
242,242,formula_1,moderate,"As of the present, what is the full name of the youngest racer? Indicate her nationality and the name of the race to which he/she first joined.",full name refers to forename+surname; Youngest racer = MAX(dob),"SELECT T1.forename, T1.surname, T1.nationality, T3.name FROM drivers AS T1 INNER JOIN driverStandings AS T2 on T1.driverId = T2.driverId INNER JOIN races AS T3 on T2.raceId = T3.raceId ORDER BY JULIANDAY(T1.dob) DESC LIMIT 1",True,True,False,1292,69,2.2685233830000016,"SELECT T1.forename, T1.surname, T1.nationality, T4.name FROM drivers AS T1 INNER JOIN results AS T2 ON T1.driverid = T2.driverid INNER JOIN races AS T4 ON T2.raceid = T4.raceid ORDER BY T1.dob DESC LIMIT 1",,,True,True,False,1307,69,2.202344404999849,"SELECT T1.forename, T1.surname, T1.nationality, T4.name FROM drivers AS T1 INNER JOIN results AS T2 ON T1.driverid = T2.driverid INNER JOIN races AS T4 ON T2.raceid = T4.raceid ORDER BY T1.dob DESC LIMIT 1",,,True,False,False,1292,87,6.019170444000338,"SELECT T1.forename, T1.surname, T1.nationality, T4.name FROM drivers AS T1 INNER JOIN results AS T2 ON T1.driverid = T2.driverid INNER JOIN races AS T3 ON T2.raceid = T3.raceid INNER JOIN circuits AS T4 ON T3.circuitid = T4.circuitid ORDER BY T1.dob DESC LIMIT 1",,,True,False,False,1307,87,6.0718935390004845,"SELECT T1.forename, T1.surname, T1.nationality, T4.name FROM drivers AS T1 INNER JOIN results AS T2 ON T1.driverid = T2.driverid INNER JOIN races AS T3 ON T2.raceid = T3.raceid INNER JOIN circuits AS T4 ON T3.circuitid = T4.circuitid ORDER BY T1.dob DESC LIMIT 1",,,True,True,True,True,False,True,False,True,both_correct,both_wrong,regressed,regressed
243,243,formula_1,moderate,How many accidents did the driver who had the highest number accidents in the Canadian Grand Prix have?,"number of accidents refers to the number where statusid = 3; Canadian Grand Prix refers to the race of name
",SELECT COUNT(T1.driverId) FROM results AS T1 INNER JOIN races AS T2 on T1.raceId = T2.raceId INNER JOIN status AS T3 on T1.statusId = T3.statusId WHERE T3.statusId = 3 AND T2.name = 'Canadian Grand Prix' GROUP BY T1.driverId ORDER BY COUNT(T1.driverId) DESC LIMIT 1,True,False,False,1279,31,1.0270840400000907,SELECT COUNT(*) FROM results WHERE raceid = ( SELECT raceid FROM races WHERE name = 'Canadian Grand Prix' ) AND statusid != 1,,,True,False,False,1301,45,1.5112708930000736,SELECT COUNT(*) FROM results AS T1 INNER JOIN races AS T2 ON T1.raceid = T2.raceid WHERE T2.name = 'Canadian Grand Prix' AND T1.statusid = 3,,,False,False,False,1279,32,2.2501702139998088,SELECT COUNT(*) FROM results WHERE status = 'Accident' AND raceid IN ( SELECT raceid FROM races WHERE name = 'Canadian Grand Prix' ),no such column: status,,True,False,False,1301,45,3.160595657000158,SELECT COUNT(*) FROM results AS T1 INNER JOIN races AS T2 ON T1.raceid = T2.raceid WHERE T2.name = 'Canadian Grand Prix' AND T1.statusid = 3,,,False,True,False,True,False,False,False,True,both_wrong,both_wrong,both_wrong,both_wrong
244,244,formula_1,challenging,Which top 20 driver created the shortest lap time ever record in a Formula_1 race? Please give them full names.,"shortest lap time refers to MIN(time); the time format for the shortest lap time is 'MM:SS.mmm' or 'M:SS.mmm'; full name of the driver refers to forename, surname","WITH lap_times_in_seconds AS (SELECT driverId, (CASE WHEN SUBSTR(time, 1, INSTR(time, ':') - 1) <> '' THEN CAST(SUBSTR(time, 1, INSTR(time, ':') - 1) AS REAL) * 60 ELSE 0 END + CASE WHEN SUBSTR(time, INSTR(time, ':') + 1, INSTR(time, '.') - INSTR(time, ':') - 1) <> '' THEN CAST(SUBSTR(time, INSTR(time, ':') + 1, INSTR(time, '.') - INSTR(time, ':') - 1) AS REAL) ELSE 0 END + CASE WHEN SUBSTR(time, INSTR(time, '.') + 1) <> '' THEN CAST(SUBSTR(time, INSTR(time, '.') + 1) AS REAL) / 1000 ELSE 0 END) AS time_in_seconds FROM lapTimes) SELECT T2.forename, T2.surname, T1.driverId FROM (SELECT driverId, MIN(time_in_seconds) AS min_time_in_seconds FROM lap_times_in_seconds GROUP BY driverId) AS T1 INNER JOIN drivers AS T2 ON T1.driverId = T2.driverId ORDER BY T1.min_time_in_seconds ASC LIMIT 20",True,False,False,1286,42,1.3693816130000869,"SELECT T1.forename, T1.surname FROM drivers AS T1 INNER JOIN laptimes AS T2 ON T1.driverid = T2.driverid ORDER BY T2.milliseconds LIMIT 1",,,True,False,False,1329,43,1.4526969790001658,"SELECT T1.forename, T1.surname FROM drivers AS T1 INNER JOIN laptimes AS T2 ON T1.driverid = T2.driverid ORDER BY T2.time ASC LIMIT 20",,,True,False,False,1286,42,2.9177856570004224,"SELECT T1.forename, T1.surname FROM drivers AS T1 INNER JOIN laptimes AS T2 ON T1.driverid = T2.driverid ORDER BY T2.milliseconds LIMIT 1",,,True,False,False,1329,53,3.696299667999483,"SELECT T1.forename, T1.surname FROM drivers AS T1 INNER JOIN results AS T2 ON T1.driverid = T2.driverid WHERE T2.fastestlap IS NOT NULL ORDER BY T2.fastestlapspeed DESC LIMIT 20",,,False,True,False,True,False,True,False,True,both_wrong,both_wrong,both_wrong,both_wrong
245,245,formula_1,challenging,Please list the lap records for the circuits in Italy.,lap record means the fastest time recorded which refers to time,"WITH fastest_lap_times AS (SELECT T1.raceId, T1.FastestLapTime, (CAST(SUBSTR(T1.FastestLapTime, 1, INSTR(T1.FastestLapTime, ':') - 1) AS REAL) * 60) + (CAST(SUBSTR(T1.FastestLapTime, INSTR(T1.FastestLapTime, ':') + 1, INSTR(T1.FastestLapTime, '.') - INSTR(T1.FastestLapTime, ':') - 1) AS REAL)) + (CAST(SUBSTR(T1.FastestLapTime, INSTR(T1.FastestLapTime, '.') + 1) AS REAL) / 1000) as time_in_seconds FROM results AS T1 WHERE T1.FastestLapTime IS NOT NULL ) SELECT T1.FastestLapTime as lap_record FROM results AS T1 INNER JOIN races AS T2 on T1.raceId = T2.raceId INNER JOIN circuits AS T3 on T2.circuitId = T3.circuitId INNER JOIN (SELECT MIN(fastest_lap_times.time_in_seconds) as min_time_in_seconds FROM fastest_lap_times INNER JOIN races AS T2 on fastest_lap_times.raceId = T2.raceId INNER JOIN circuits AS T3 on T2.circuitId = T3.circuitId WHERE T3.country = 'Italy' ) AS T4 ON (CAST(SUBSTR(T1.FastestLapTime, 1, INSTR(T1.FastestLapTime, ':') - 1) AS REAL) * 60) + (CAST(SUBSTR(T1.FastestLapTime, INSTR(T1.FastestLapTime, ':') + 1, INSTR(T1.FastestLapTime, '.') - INSTR(T1.FastestLapTime, ':') - 1) AS REAL)) + (CAST(SUBSTR(T1.FastestLapTime, INSTR(T1.FastestLapTime, '.') + 1) AS REAL) / 1000) = T4.min_time_in_seconds LIMIT 1",False,False,False,1271,39,1.2986334229999557,SELECT T1.lap FROM laptimes AS T1 INNER JOIN circuits AS T2 ON T1.circuitid = T2.circuitid WHERE T2.country = 'Italy',no such column: T1.circuitid,,False,False,False,1281,53,1.6891764720000992,"SELECT T1.circuitid, MIN(T2.time) FROM circuits AS T1 INNER JOIN laptimes AS T2 ON T1.circuitid = T2.circuitid WHERE T1.country = 'Italy' GROUP BY T1.circuitid",no such column: T2.circuitid,,True,False,False,1271,56,3.9300159249996796,SELECT T1.lap FROM lapTimes AS T1 INNER JOIN races AS T2 ON T1.raceid = T2.raceid INNER JOIN circuits AS T3 ON T2.circuitid = T3.circuitid WHERE T3.country = 'Italy',,,False,False,False,1281,72,5.018897001999903,SELECT T1.time FROM results AS T1 INNER JOIN races AS T2 ON T1.raceid = T2.raceid INNER JOIN circuits AS T3 ON T2.circuitid = T3.circuitid WHERE T3.country = 'Italy' AND T1.fastestlaps IS NOT NULL ORDER BY T1.milliseconds LIMIT 1,no such column: T1.fastestlaps,,False,False,False,False,False,True,False,False,both_wrong,both_wrong,both_wrong,both_wrong
246,246,superhero,moderate,"Among the superheroes with the super power of ""Super Strength"", how many of them have a height of over 200cm?","super power of ""Super Strength"" refers to power_name = 'Super Strength'; a height of over 200cm refers to height_cm > 200",SELECT COUNT(T1.id) FROM superhero AS T1 INNER JOIN hero_power AS T2 ON T1.id = T2.hero_id INNER JOIN superpower AS T3 ON T2.power_id = T3.id WHERE T3.power_name = 'Super Strength' AND T1.height_cm > 200,True,True,False,567,61,1.903811160000032,SELECT COUNT(*) FROM superhero AS T1 INNER JOIN hero_power AS T2 ON T1.id = T2.hero_id INNER JOIN superpower AS T3 ON T2.power_id = T3.id WHERE T3.power_name = 'Super Strength' AND T1.height_cm > 200,,,True,True,False,600,61,1.9083706879998772,SELECT COUNT(*) FROM superhero AS T1 INNER JOIN hero_power AS T2 ON T1.id = T2.hero_id INNER JOIN superpower AS T3 ON T2.power_id = T3.id WHERE T3.power_name = 'Super Strength' AND T1.height_cm > 200,,,True,True,True,567,64,4.347892416999457,SELECT COUNT(T1.id) FROM superhero AS T1 INNER JOIN hero_power AS T2 ON T1.id = T2.hero_id INNER JOIN superpower AS T3 ON T2.power_id = T3.id WHERE T3.power_name = 'Super Strength' AND T1.height_cm > 200,,,True,True,True,600,64,4.361044897999818,SELECT COUNT(T1.id) FROM superhero AS T1 INNER JOIN hero_power AS T2 ON T1.id = T2.hero_id INNER JOIN superpower AS T3 ON T2.power_id = T3.id WHERE T3.power_name = 'Super Strength' AND T1.height_cm > 200,,,True,True,True,True,True,True,True,True,both_correct,both_correct,both_correct,both_correct
247,247,superhero,moderate,"Among the superheroes with blue eyes, how many of them have the super power of ""Agility""?","blue eyes refers to colour = 'Blue' and eye_colour_id = colour.id; super power of ""Agility"" refers to power_name = 'Agility'",SELECT COUNT(T1.id) FROM superhero AS T1 INNER JOIN hero_power AS T2 ON T1.id = T2.hero_id INNER JOIN superpower AS T3 ON T2.power_id = T3.id INNER JOIN colour AS T4 ON T1.eye_colour_id = T4.id WHERE T3.power_name = 'Agility' AND T4.colour = 'Blue',True,False,False,560,76,2.358849755000165,SELECT COUNT(*) FROM superhero AS T1 INNER JOIN hero_power AS T2 ON T1.id = T2.hero_id INNER JOIN superpower AS T3 ON T2.power_id = T3.id INNER JOIN colour AS T4 ON T1.eye_colour_id = T4.id WHERE T4.colour = 'blue' AND T3.power_name = 'Agility',,,True,True,False,591,76,2.359546071000068,SELECT COUNT(*) FROM superhero AS T1 INNER JOIN hero_power AS T2 ON T1.id = T2.hero_id INNER JOIN superpower AS T3 ON T2.power_id = T3.id INNER JOIN colour AS T4 ON T1.eye_colour_id = T4.id WHERE T4.colour = 'Blue' AND T3.power_name = 'Agility',,,True,False,False,560,103,7.0066752530001395,SELECT COUNT(T1.id) FROM superhero AS T1 INNER JOIN hero_power AS T2 ON T1.id = T2.hero_id INNER JOIN superpower AS T3 ON T2.power_id = T3.id INNER JOIN hero_attribute AS T4 ON T1.id = T4.hero_id INNER JOIN attribute AS T5 ON T4.attribute_id = T5.id WHERE T5.attribute_name = 'Eye color' AND T4.attribute_value = 6 AND T3.power_name = 'Agility',,,True,True,False,591,80,5.506985998000346,SELECT COUNT(T1.hero_id) FROM hero_power AS T1 INNER JOIN superpower AS T2 ON T1.power_id = T2.id INNER JOIN superhero AS T3 ON T1.hero_id = T3.id INNER JOIN colour AS T4 ON T3.eye_colour_id = T4.id WHERE T4.colour = 'Blue' AND T2.power_name = 'Agility',,,False,True,True,True,False,True,True,True,improved,improved,both_wrong,both_correct
248,248,superhero,challenging,Please list the superhero names of all the superheroes that have blue eyes and blond hair.,"blue eyes refers to colour = 'Blue' and eye_colour_id = colour.id; blond hair refers to colour = 'Blond' and hair_colour_id = colour.id; super power of ""Agility"" refers to power_name = 'Agility'",SELECT T1.superhero_name FROM superhero AS T1 INNER JOIN colour AS T2 ON T1.eye_colour_id = T2.id INNER JOIN colour AS T3 ON T1.hair_colour_id = T3.id WHERE T2.colour = 'Blue' AND T3.colour = 'Blond',True,False,True,557,64,2.0233413609998934,SELECT T1.superhero_name FROM superhero AS T1 INNER JOIN colour AS T2 ON T1.eye_colour_id = T2.id INNER JOIN colour AS T3 ON T1.hair_colour_id = T3.id WHERE T2.colour = 'blue' AND T3.colour = 'blond',,,True,False,False,606,48,1.5029002640001181,SELECT T1.superhero_name FROM superhero AS T1 INNER JOIN colour AS T2 ON T1.eye_colour_id = T2.id WHERE T2.colour = 'Blue' AND T1.hair_colour_id = T2.id,,,True,False,False,557,47,3.2211672169996746,SELECT T1.superhero_name FROM superhero AS T1 INNER JOIN colour AS T2 ON T1.eye_colour_id = T2.id WHERE T2.colour = 'blue' AND T1.hair_colour_id = 3,,,True,False,False,606,58,3.9890465610005776,SELECT T1.superhero_name FROM superhero AS T1 INNER JOIN colour AS T2 ON T1.eye_colour_id = T2.id WHERE T2.colour = 'Blue' AND T1.hair_colour_id = T2.id AND T2.colour = 'Blond',,,False,True,False,True,False,True,False,True,both_wrong,both_wrong,both_wrong,both_wrong
249,249,superhero,moderate,Rank heroes published by Marvel Comics by their height in descending order.,name refers to superhero_name; the tallest hero refers to MAX(height_cm); published by Marvel Comics refers to publisher_name = 'Marvel Comics',"SELECT superhero_name, height_cm, RANK() OVER (ORDER BY height_cm DESC) AS HeightRank FROM superhero INNER JOIN publisher ON superhero.publisher_id = publisher.id WHERE publisher.publisher_name = 'Marvel Comics'",True,False,False,553,44,1.4116797770000176,SELECT T1.superhero_name FROM superhero AS T1 INNER JOIN publisher AS T2 ON T1.publisher_id = T2.id WHERE T2.publisher_name = 'Marvel Comics' ORDER BY T1.height_cm DESC,,,True,False,False,579,44,1.410669486000188,SELECT T1.superhero_name FROM superhero AS T1 INNER JOIN publisher AS T2 ON T1.publisher_id = T2.id WHERE T2.publisher_name = 'Marvel Comics' ORDER BY T1.height_cm DESC,,,True,False,False,553,44,2.9837582390000534,SELECT T1.superhero_name FROM superhero AS T1 INNER JOIN publisher AS T2 ON T1.publisher_id = T2.id WHERE T2.publisher_name = 'Marvel Comics' ORDER BY T1.height_cm DESC,,,True,False,False,579,44,3.0276099189995875,SELECT T1.superhero_name FROM superhero AS T1 INNER JOIN publisher AS T2 ON T1.publisher_id = T2.id WHERE T2.publisher_name = 'Marvel Comics' ORDER BY T1.height_cm DESC,,,False,True,False,True,False,True,False,True,both_wrong,both_wrong,both_wrong,both_wrong
250,250,superhero,moderate,"Rank superheroes from Marvel Comics by their eye color popularity, starting with the most common color.",the superheroes from Marvel Comics refers to publisher_name = 'Marvel Comics'; most common color refers to COUNT(superhero.id) DESC;,"SELECT colour.colour AS EyeColor, COUNT(superhero.id) AS Count, RANK() OVER (ORDER BY COUNT(superhero.id) DESC) AS PopularityRank FROM superhero INNER JOIN colour ON superhero.eye_colour_id = colour.id INNER JOIN publisher ON superhero.publisher_id = publisher.id WHERE publisher.publisher_name = 'Marvel Comics' GROUP BY colour.colour",False,False,False,558,71,2.222703795000143,"SELECT T1.colour, COUNT(T2.hero_id) AS count FROM colour AS T1 INNER JOIN superhero AS T2 ON T1.id = T2.eye_colour_id INNER JOIN publisher AS T3 ON T3.id = T2.publisher_id WHERE T3.publisher_name = 'Marvel Comics' GROUP BY T1.colour ORDER BY count DESC",no such column: T2.hero_id,,True,False,False,582,70,2.259368092999921,"SELECT T3.colour, COUNT(T1.id) AS count FROM superhero AS T1 INNER JOIN colour AS T3 ON T1.eye_colour_id = T3.id INNER JOIN publisher AS T2 ON T1.publisher_id = T2.id WHERE T2.publisher_name = 'Marvel Comics' GROUP BY T3.colour ORDER BY count DESC",,,True,False,False,558,67,4.565026153999497,SELECT T1.colour FROM colour AS T1 INNER JOIN superhero AS T2 ON T1.id = T2.eye_colour_id INNER JOIN publisher AS T3 ON T2.publisher_id = T3.id WHERE T3.publisher_name = 'Marvel Comics' GROUP BY T1.colour ORDER BY COUNT(T1.colour) DESC,,,True,False,False,582,66,4.457283904999713,SELECT T1.colour FROM colour AS T1 INNER JOIN superhero AS T2 ON T1.id = T2.eye_colour_id INNER JOIN publisher AS T3 ON T2.publisher_id = T3.id WHERE T3.publisher_name = 'Marvel Comics' GROUP BY T1.colour ORDER BY COUNT(T2.id) DESC,,,False,False,False,True,False,True,False,True,both_wrong,both_wrong,both_wrong,both_wrong
251,251,superhero,challenging,List the superheroes from Marvel Comics who have the super power of 'Super Strength'.,"the superheroes from Marvel Comics refers to publisher_name = 'Marvel Comics'; super power of ""Super Strength"" refers to power_name = 'Super Strength';",SELECT superhero_name FROM superhero AS T1 WHERE EXISTS (SELECT 1 FROM hero_power AS T2 INNER JOIN superpower AS T3 ON T2.power_id = T3.id WHERE T3.power_name = 'Super Strength' AND T1.id = T2.hero_id)AND EXISTS (SELECT 1 FROM publisher AS T4 WHERE T4.publisher_name = 'Marvel Comics' AND T1.publisher_id = T4.id),True,True,False,556,74,2.3406383499998356,SELECT T1.superhero_name FROM superhero AS T1 INNER JOIN hero_power AS T2 ON T1.id = T2.hero_id INNER JOIN superpower AS T3 ON T2.power_id = T3.id WHERE T1.publisher_id = ( SELECT id FROM publisher WHERE publisher_name = 'Marvel Comics' ) AND T3.power_name = 'Super Strength',,,True,True,False,584,79,2.4560105400000793,SELECT T1.superhero_name FROM superhero AS T1 INNER JOIN hero_power AS T2 ON T1.id = T2.hero_id INNER JOIN superpower AS T3 ON T2.power_id = T3.id INNER JOIN publisher AS T4 ON T1.publisher_id = T4.id WHERE T4.publisher_name = 'Marvel Comics' AND T3.power_name = 'Super Strength',,,True,False,False,556,62,4.253340965999996,SELECT T1.superhero_name FROM superhero AS T1 INNER JOIN hero_power AS T2 ON T1.id = T2.hero_id INNER JOIN superpower AS T3 ON T2.power_id = T3.id WHERE T3.power_name = 'Super Strength' AND T1.publisher_id = 4,,,True,True,False,584,79,5.309083588999783,SELECT T1.superhero_name FROM superhero AS T1 INNER JOIN hero_power AS T2 ON T1.id = T2.hero_id INNER JOIN superpower AS T3 ON T2.power_id = T3.id INNER JOIN publisher AS T4 ON T1.publisher_id = T4.id WHERE T4.publisher_name = 'Marvel Comics' AND T3.power_name = 'Super Strength',,,True,True,True,True,False,True,True,True,both_correct,improved,regressed,both_correct
252,252,superhero,moderate,Which publisher published the slowest superhero?,the slowest superhero refers to attribute_name = 'Speed' where MIN(attribute_value); publisher refers to publisher_name,SELECT T2.publisher_name FROM superhero AS T1 INNER JOIN publisher AS T2 ON T1.publisher_id = T2.id INNER JOIN hero_attribute AS T3 ON T1.id = T3.hero_id INNER JOIN attribute AS T4 ON T3.attribute_id = T4.id WHERE T4.attribute_name = 'Speed' ORDER BY T3.attribute_value LIMIT 1,False,False,False,548,35,1.1027275640001335,SELECT T2.publisher_name FROM superhero AS T1 INNER JOIN publisher AS T2 ON T1.publisher_id = T2.id ORDER BY T1.speed ASC LIMIT 1,no such column: T1.speed,,True,True,False,569,76,2.3334955619998254,SELECT T3.publisher_name FROM superhero AS T1 INNER JOIN hero_attribute AS T2 ON T1.id = T2.hero_id INNER JOIN attribute AS T4 ON T2.attribute_id = T4.id INNER JOIN publisher AS T3 ON T1.publisher_id = T3.id WHERE T4.attribute_name = 'Speed' ORDER BY T2.attribute_value ASC LIMIT 1,,,True,False,False,548,36,2.4643936519996714,SELECT T2.publisher_name FROM superhero AS T1 INNER JOIN publisher AS T2 ON T1.publisher_id = T2.id ORDER BY T1.height_cm ASC LIMIT 1,,,True,True,False,569,88,6.0187266419998195,"SELECT T.publisher_name FROM ( SELECT T3.publisher_name, T2.attribute_value FROM superhero AS T1 INNER JOIN hero_attribute AS T2 ON T1.id = T2.hero_id INNER JOIN publisher AS T3 ON T1.publisher_id = T3.id INNER JOIN attribute AS T4 ON T2.attribute_id = T4.id WHERE T4.attribute_name = 'Speed' ORDER BY T2.attribute_value LIMIT 1 ) t",,,False,False,True,True,False,True,True,True,improved,improved,both_wrong,both_correct
253,253,superhero,moderate,How many gold-eyed superheroes did Marvel Comics publish?,gold-eyed refers to colour = 'Gold' where eye_colour_id = colour.id; superheroes that Marvel Comics published refers to publisher_name = 'Marvel Comics',SELECT COUNT(T1.id) FROM superhero AS T1 INNER JOIN publisher AS T2 ON T1.publisher_id = T2.id INNER JOIN colour AS T3 ON T1.eye_colour_id = T3.id WHERE T2.publisher_name = 'Marvel Comics' AND T3.colour = 'Gold',True,True,False,550,59,1.8503578439999728,SELECT COUNT(*) FROM superhero AS T1 INNER JOIN colour AS T2 ON T1.eye_colour_id = T2.id INNER JOIN publisher AS T3 ON T1.publisher_id = T3.id WHERE T2.colour = 'Gold' AND T3.publisher_name = 'Marvel Comics',,,True,True,False,579,59,1.8400908759999766,SELECT COUNT(*) FROM superhero AS T1 INNER JOIN colour AS T2 ON T1.eye_colour_id = T2.id INNER JOIN publisher AS T3 ON T1.publisher_id = T3.id WHERE T2.colour = 'Gold' AND T3.publisher_name = 'Marvel Comics',,,True,True,True,550,62,4.199038627999471,SELECT COUNT(T1.id) FROM superhero AS T1 INNER JOIN publisher AS T2 ON T1.publisher_id = T2.id INNER JOIN colour AS T3 ON T1.eye_colour_id = T3.id WHERE T2.publisher_name = 'Marvel Comics' AND T3.colour = 'Gold',,,True,True,False,579,62,4.269712577999599,SELECT COUNT(T1.id) FROM superhero AS T1 INNER JOIN colour AS T2 ON T1.eye_colour_id = T2.id INNER JOIN publisher AS T3 ON T1.publisher_id = T3.id WHERE T2.colour = 'Gold' AND T3.publisher_name = 'Marvel Comics',,,True,True,True,True,True,True,True,True,both_correct,both_correct,both_correct,both_correct
254,254,superhero,moderate,Who is the dumbest superhero?,the dumbest superhero refers to MIN(attribute_value) where attribute_name = 'Intelligence',SELECT T1.superhero_name FROM superhero AS T1 INNER JOIN hero_attribute AS T2 ON T1.id = T2.hero_id INNER JOIN attribute AS T3 ON T2.attribute_id = T3.id WHERE T3.attribute_name = 'Intelligence' ORDER BY T2.attribute_value LIMIT 1,True,True,False,547,63,1.9708779210000102,SELECT T1.superhero_name FROM superhero AS T1 INNER JOIN hero_attribute AS T2 ON T1.id = T2.hero_id INNER JOIN attribute AS T3 ON T2.attribute_id = T3.id WHERE T3.attribute_name = 'Intelligence' ORDER BY T2.attribute_value ASC LIMIT 1,,,True,True,False,563,63,1.9270293340000535,SELECT T1.superhero_name FROM superhero AS T1 INNER JOIN hero_attribute AS T2 ON T1.id = T2.hero_id INNER JOIN attribute AS T3 ON T2.attribute_id = T3.id WHERE T3.attribute_name = 'Intelligence' ORDER BY T2.attribute_value ASC LIMIT 1,,,True,True,True,547,62,4.23823821500082,SELECT T1.superhero_name FROM superhero AS T1 INNER JOIN hero_attribute AS T2 ON T1.id = T2.hero_id INNER JOIN attribute AS T3 ON T2.attribute_id = T3.id WHERE T3.attribute_name = 'Intelligence' ORDER BY T2.attribute_value LIMIT 1,,,True,True,False,563,62,4.247616764000668,SELECT T2.superhero_name FROM hero_attribute AS T1 INNER JOIN superhero AS T2 ON T1.hero_id = T2.id INNER JOIN attribute AS T3 ON T1.attribute_id = T3.id WHERE T3.attribute_name = 'Intelligence' ORDER BY T1.attribute_value LIMIT 1,,,True,True,True,True,True,True,True,True,both_correct,both_correct,both_correct,both_correct
255,255,superhero,simple,What is Copycat's race?,Copycat is the superhero_name;,SELECT T2.race FROM superhero AS T1 INNER JOIN race AS T2 ON T1.race_id = T2.id WHERE T1.superhero_name = 'Copycat',True,True,True,547,38,1.2252576490000138,SELECT T2.race FROM superhero AS T1 INNER JOIN race AS T2 ON T1.race_id = T2.id WHERE T1.superhero_name = 'Copycat',,,True,True,True,552,38,1.2068922089999887,SELECT T2.race FROM superhero AS T1 INNER JOIN race AS T2 ON T1.race_id = T2.id WHERE T1.superhero_name = 'Copycat',,,True,True,True,547,38,2.607744464999996,SELECT T2.race FROM superhero AS T1 INNER JOIN race AS T2 ON T1.race_id = T2.id WHERE T1.superhero_name = 'Copycat',,,True,True,True,552,38,2.6144018459999643,SELECT T2.race FROM superhero AS T1 INNER JOIN race AS T2 ON T1.race_id = T2.id WHERE T1.superhero_name = 'Copycat',,,True,True,True,True,True,True,True,True,both_correct,both_correct,both_correct,both_correct
256,256,superhero,simple,Which superheroes have a durability attribute value of less than 50?,durability of less than 50 refers to attribute_name = 'Durability' AND attribute_value < 50,SELECT superhero_name FROM superhero AS T1 WHERE EXISTS (SELECT 1 FROM hero_attribute AS T2 INNER JOIN attribute AS T3 ON T2.attribute_id = T3.id WHERE T3.attribute_name = 'Durability' AND T2.attribute_value < 50 AND T1.id = T2.hero_id),False,False,False,554,47,1.5268588639999052,SELECT T1.superhero_name FROM superhero AS T1 INNER JOIN hero_attribute AS T2 ON T1.id = T2.hero_id WHERE T2.attribute_name = 'Durability' AND T2.attribute_value < 50,no such column: T2.attribute_name,,True,True,False,577,62,2.0035454260000733,SELECT T1.superhero_name FROM superhero AS T1 INNER JOIN hero_attribute AS T2 ON T1.id = T2.hero_id INNER JOIN attribute AS T3 ON T2.attribute_id = T3.id WHERE T3.attribute_name = 'Durability' AND T2.attribute_value < 50,,,True,True,False,554,45,3.097780848000184,SELECT T1.superhero_name FROM superhero AS T1 INNER JOIN hero_attribute AS T2 ON T1.id = T2.hero_id WHERE T2.attribute_value < 50 AND T2.attribute_id = 3,,,True,True,False,577,62,4.283759535999707,SELECT T1.superhero_name FROM superhero AS T1 INNER JOIN hero_attribute AS T2 ON T1.id = T2.hero_id INNER JOIN attribute AS T3 ON T2.attribute_id = T3.id WHERE T3.attribute_name = 'Durability' AND T2.attribute_value < 50,,,False,False,True,True,True,True,True,True,improved,both_correct,improved,both_correct
257,257,superhero,moderate,What are the names of the superheroes with the power of death touch?,name of superheroes refers to refers to superhero_name; the power of death touch refers to power_name = 'Death Touch',SELECT T1.superhero_name FROM superhero AS T1 INNER JOIN hero_power AS T2 ON T1.id = T2.hero_id INNER JOIN superpower AS T3 ON T2.power_id = T3.id WHERE T3.power_name = 'Death Touch',True,True,True,554,54,1.7181172000000515,SELECT T1.superhero_name FROM superhero AS T1 INNER JOIN hero_power AS T2 ON T1.id = T2.hero_id INNER JOIN superpower AS T3 ON T2.power_id = T3.id WHERE T3.power_name = 'Death Touch',,,True,True,True,576,54,1.6802639219999946,SELECT T1.superhero_name FROM superhero AS T1 INNER JOIN hero_power AS T2 ON T1.id = T2.hero_id INNER JOIN superpower AS T3 ON T2.power_id = T3.id WHERE T3.power_name = 'Death Touch',,,True,True,True,554,54,3.6903475720000642,SELECT T1.superhero_name FROM superhero AS T1 INNER JOIN hero_power AS T2 ON T1.id = T2.hero_id INNER JOIN superpower AS T3 ON T2.power_id = T3.id WHERE T3.power_name = 'Death Touch',,,True,True,True,576,54,3.736102679999931,SELECT T1.superhero_name FROM superhero AS T1 INNER JOIN hero_power AS T2 ON T1.id = T2.hero_id INNER JOIN superpower AS T3 ON T2.power_id = T3.id WHERE T3.power_name = 'Death Touch',,,True,True,True,True,True,True,True,True,both_correct,both_correct,both_correct,both_correct
258,258,superhero,moderate,How many female superheroes have a strength value of 100?,female refers to gender = 'Female'; strength value of 100 refers to attribute_name = 'Strength' AND attribute_value = 100,SELECT COUNT(T1.id) FROM superhero AS T1 INNER JOIN hero_attribute AS T2 ON T1.id = T2.hero_id INNER JOIN attribute AS T3 ON T2.attribute_id = T3.id INNER JOIN gender AS T4 ON T1.gender_id = T4.id WHERE T3.attribute_name = 'Strength' AND T2.attribute_value = 100 AND T4.gender = 'Female',True,True,False,554,77,2.4243909669999084,SELECT COUNT(*) FROM superhero AS T1 INNER JOIN hero_attribute AS T2 ON T1.id = T2.hero_id INNER JOIN attribute AS T3 ON T2.attribute_id = T3.id WHERE T3.attribute_name = 'Strength' AND T2.attribute_value = 100 AND T1.gender_id = ( SELECT id FROM gender WHERE gender = 'Female' ),,,True,True,False,584,77,2.3634288399998695,SELECT COUNT(*) FROM superhero AS T1 INNER JOIN hero_attribute AS T2 ON T1.id = T2.hero_id INNER JOIN attribute AS T3 ON T2.attribute_id = T3.id WHERE T1.gender_id = ( SELECT id FROM gender WHERE gender = 'Female' ) AND T3.attribute_name = 'Strength' AND T2.attribute_value = 100,,,True,False,False,554,46,3.176596679000795,SELECT COUNT(T2.id) FROM hero_attribute AS T1 INNER JOIN superhero AS T2 ON T1.hero_id = T2.id WHERE T1.attribute_value = 100 AND T2.gender_id = 2,,,False,False,False,584,70,4.787165560999711,SELECT COUNT(T2.id) FROM attribute AS T1 INNER JOIN hero_attribute AS T2 ON T1.id = T2.attribute_id INNER JOIN superhero AS T3 ON T2.hero_id = T3.id WHERE T1.attribute_name = 'Strength' AND T2.attribute_value = 100 AND T3.gender_id = 2,no such column: T2.id,,True,True,True,True,False,True,False,False,both_correct,both_wrong,regressed,regressed
259,259,superhero,challenging,What is the percentage of superheroes who act in their own self-interest or make decisions based on their own moral code? Indicate how many of the said superheroes were published by Marvel Comics.,"published by Marvel Comics refers to publisher_name = 'Marvel Comics'; superheroes who act in their own self-interest or make decisions based on their own moral code refers to alignment = 'Bad'; calculation = MULTIPLY(DIVIDE(SUM(alignment = 'Bad); count(id)), 100)","SELECT (CAST(COUNT(*) AS REAL) * 100 / (SELECT COUNT(*) FROM superhero)), CAST(SUM(CASE WHEN T2.publisher_name = 'Marvel Comics' THEN 1 ELSE 0 END) AS REAL) FROM superhero AS T1 INNER JOIN publisher AS T2 ON T1.publisher_id = T2.id INNER JOIN alignment AS T3 ON T3.id = T1.alignment_id WHERE T3.alignment = 'Bad'",True,False,False,577,120,3.7003473100000974,"SELECT CAST(SUM(CASE WHEN T1.alignment = 'Self-Interest' THEN 1 ELSE 0 END) AS REAL) * 100 / COUNT(T2.id), SUM(CASE WHEN T3.publisher_name = 'Marvel Comics' AND T1.alignment = 'Self-Interest' THEN 1 ELSE 0 END) FROM alignment AS T1 INNER JOIN superhero AS T2 ON T1.id = T2.alignment_id INNER JOIN publisher AS T3 ON T2.publisher_id = T3.id WHERE T1.alignment IN ('Self-Interest', 'Moral Code')",,,True,False,False,635,93,2.899858381000058,"SELECT CAST(SUM(CASE WHEN T2.alignment = 'Bad' THEN 1 ELSE 0 END) AS REAL) * 100 / COUNT(T1.id), SUM(CASE WHEN T3.publisher_name = 'Marvel Comics' THEN 1 ELSE 0 END) FROM superhero AS T1 INNER JOIN alignment AS T2 ON T1.alignment_id = T2.id INNER JOIN publisher AS T3 ON T1.publisher_id = T3.id",,,True,False,False,577,110,7.473599204000493,"SELECT CAST(SUM(CASE WHEN T1.alignment = 'Self-Interest' THEN 1 ELSE 0 END) AS REAL) * 100 / COUNT(T2.id), SUM(CASE WHEN T3.publisher_name = 'Marvel Comics' THEN 1 ELSE 0 END) FROM alignment AS T1 INNER JOIN superhero AS T2 ON T1.id = T2.alignment_id INNER JOIN publisher AS T3 ON T2.publisher_id = T3.id WHERE T1.alignment IN ('Self-Interest', 'Moral Code')",,,True,False,False,635,93,6.420495332999963,"SELECT CAST(COUNT(CASE WHEN T2.alignment = 'Bad' THEN T1.id ELSE NULL END) AS REAL) * 100 / COUNT(T1.id), SUM(CASE WHEN T3.publisher_name = 'Marvel Comics' THEN 1 ELSE 0 END) FROM superhero AS T1 INNER JOIN alignment AS T2 ON T1.alignment_id = T2.id INNER JOIN publisher AS T3 ON T1.publisher_id = T3.id",,,False,True,False,True,False,True,False,True,both_wrong,both_wrong,both_wrong,both_wrong
260,260,superhero,challenging,"Between DC and Marvel Comics, which publisher has published more superheroes? Find the difference in the number of superheroes they have published.","DC refers to publisher_name = 'DC Comics'; Marvel Comics refers to publisher_name = 'Marvel Comics'; calculation = SUBTRACT(SUM(publisher_name = 'Marvel Comics'), SUM(publisher_name = 'DC Comics'))",SELECT SUM(CASE WHEN T2.publisher_name = 'Marvel Comics' THEN 1 ELSE 0 END) - SUM(CASE WHEN T2.publisher_name = 'DC Comics' THEN 1 ELSE 0 END) FROM superhero AS T1 INNER JOIN publisher AS T2 ON T1.publisher_id = T2.id,True,False,False,565,67,2.105467008000005,SELECT SUM(CASE WHEN T1.publisher_name = 'DC Comics' THEN 1 ELSE 0 END) - SUM(CASE WHEN T1.publisher_name = 'Marvel Comics' THEN 1 ELSE 0 END) AS diff FROM publisher AS T1 INNER JOIN superhero AS T2 ON T1.id = T2.publisher_id,,,True,True,False,607,67,2.0841736590000437,SELECT SUM(CASE WHEN T2.publisher_name = 'Marvel Comics' THEN 1 ELSE 0 END) - SUM(CASE WHEN T2.publisher_name = 'DC Comics' THEN 1 ELSE 0 END) AS difference FROM superhero AS T1 INNER JOIN publisher AS T2 ON T1.publisher_id = T2.id,,,True,False,False,565,65,4.475440571000036,SELECT SUM(CASE WHEN T1.publisher_name = 'DC Comics' THEN 1 ELSE 0 END) - SUM(CASE WHEN T1.publisher_name = 'Marvel Comics' THEN 1 ELSE 0 END) FROM publisher AS T1 INNER JOIN superhero AS T2 ON T1.id = T2.publisher_id,,,True,False,False,607,65,4.4453002589998505,SELECT SUM(CASE WHEN T2.publisher_name = 'DC Comics' THEN 1 ELSE 0 END) - SUM(CASE WHEN T2.publisher_name = 'Marvel Comics' THEN 1 ELSE 0 END) FROM superhero AS T1 INNER JOIN publisher AS T2 ON T1.publisher_id = T2.id,,,False,True,True,True,False,True,False,True,improved,both_wrong,both_wrong,regressed
261,261,superhero,simple,Give the publisher ID of Star Trek.,Star Trek is the publisher_name;,SELECT id FROM publisher WHERE publisher_name = 'Star Trek',True,False,False,548,37,1.2086740199999895,SELECT T1.publisher_id FROM superhero AS T1 INNER JOIN publisher AS T2 ON T1.publisher_id = T2.id WHERE T1.superhero_name = 'Star Trek',,,True,True,True,553,13,0.41901781899991875,SELECT id FROM publisher WHERE publisher_name = 'Star Trek',,,True,False,False,548,37,2.5325978159999067,SELECT T1.publisher_id FROM superhero AS T1 INNER JOIN publisher AS T2 ON T1.publisher_id = T2.id WHERE T1.superhero_name = 'Star Trek',,,True,True,True,553,13,0.9137065089998941,SELECT id FROM publisher WHERE publisher_name = 'Star Trek',,,False,True,True,True,False,True,True,True,improved,improved,both_wrong,both_correct
262,262,superhero,simple,What is the total number of superheroes without full name?,superheroes without full name refers to full_name IS NULL,SELECT COUNT(id) FROM superhero WHERE full_name IS NULL,True,True,False,551,11,0.3704908769998383,SELECT COUNT(*) FROM superhero WHERE full_name IS NULL,,,True,True,False,561,11,0.35869951500012576,SELECT COUNT(*) FROM superhero WHERE full_name IS NULL,,,True,True,False,551,11,0.7589465970004312,SELECT COUNT(*) FROM superhero WHERE full_name IS NULL,,,True,True,True,561,12,0.8312475519996951,SELECT COUNT(id) FROM superhero WHERE full_name IS NULL,,,True,True,True,True,True,True,True,True,both_correct,both_correct,both_correct,both_correct
263,263,superhero,simple,What is the average weight of all female superheroes?,female refers to gender = 'Female'; average weight refers to AVG(weight_kg),SELECT AVG(T1.weight_kg) FROM superhero AS T1 INNER JOIN gender AS T2 ON T1.gender_id = T2.id WHERE T2.gender = 'Female',True,True,False,550,25,0.814110785999901,SELECT AVG(weight_kg) FROM superhero WHERE gender_id = ( SELECT id FROM gender WHERE gender = 'Female' ),,,True,True,True,565,37,1.1923276549998718,SELECT AVG(T1.weight_kg) FROM superhero AS T1 INNER JOIN gender AS T2 ON T1.gender_id = T2.id WHERE T2.gender = 'Female',,,True,True,True,550,37,2.513856441999451,SELECT AVG(T1.weight_kg) FROM superhero AS T1 INNER JOIN gender AS T2 ON T1.gender_id = T2.id WHERE T2.gender = 'Female',,,True,True,True,565,37,2.5502114329992764,SELECT AVG(T1.weight_kg) FROM superhero AS T1 INNER JOIN gender AS T2 ON T1.gender_id = T2.id WHERE T2.gender = 'Female',,,True,True,True,True,True,True,True,True,both_correct,both_correct,both_correct,both_correct
264,264,superhero,moderate,List down at least five superpowers of male superheroes.,male refers to gender = 'Male'; superpowers refers to power_name;,SELECT T3.power_name FROM superhero AS T1 INNER JOIN hero_power AS T2 ON T1.id = T2.hero_id INNER JOIN superpower AS T3 ON T3.id = T2.power_id INNER JOIN gender AS T4 ON T4.id = T1.gender_id WHERE T4.gender = 'Male' LIMIT 5,True,False,False,551,68,2.1384962300001007,SELECT T2.power_name FROM superhero AS T1 INNER JOIN superpower AS T2 ON T1.id = T2.id INNER JOIN hero_power AS T3 ON T1.id = T3.hero_id INNER JOIN gender AS T4 ON T1.gender_id = T4.id WHERE T4.gender = 'Male' LIMIT 5,,,True,True,False,564,69,2.200722247000158,SELECT T3.power_name FROM superhero AS T1 INNER JOIN hero_power AS T2 ON T1.id = T2.hero_id INNER JOIN superpower AS T3 ON T2.power_id = T3.id INNER JOIN gender AS T4 ON T1.gender_id = T4.id WHERE T4.gender = 'Male' LIMIT 5,,,True,False,False,551,68,4.61100321899994,SELECT T2.power_name FROM superhero AS T1 INNER JOIN superpower AS T2 ON T1.id = T2.id INNER JOIN hero_power AS T3 ON T1.id = T3.hero_id INNER JOIN gender AS T4 ON T1.gender_id = T4.id WHERE T4.gender = 'Male' LIMIT 5,,,True,True,False,564,69,4.729337065999971,SELECT T3.power_name FROM superhero AS T1 INNER JOIN hero_power AS T2 ON T1.id = T2.hero_id INNER JOIN superpower AS T3 ON T2.power_id = T3.id INNER JOIN gender AS T4 ON T1.gender_id = T4.id WHERE T4.gender = 'Male' LIMIT 5,,,False,True,True,True,False,True,True,True,improved,improved,both_wrong,both_correct
265,265,superhero,moderate,"Among the superheroes with height from 170 to 190, list the names of the superheroes with no eye color.",height from 170 to 190 refers to height_cm BETWEEN 170 AND 190; no eye color refers to colour = 'No Colour',SELECT DISTINCT T1.superhero_name FROM superhero AS T1 INNER JOIN colour AS T2 ON T1.eye_colour_id = T2.id WHERE T1.height_cm BETWEEN 170 AND 190 AND T2.colour = 'No Colour',True,False,False,567,25,0.7917345299999852,SELECT superhero_name FROM superhero WHERE height_cm BETWEEN 170 AND 190 AND eye_colour_id IS NULL,,,True,True,False,602,53,1.6680243150001388,SELECT T2.superhero_name FROM colour AS T1 INNER JOIN superhero AS T2 ON T2.eye_colour_id = T1.id WHERE T2.height_cm BETWEEN 170 AND 190 AND T1.colour = 'No Colour',,,True,False,False,567,50,3.436824689999412,SELECT T2.superhero_name FROM colour AS T1 INNER JOIN superhero AS T2 ON T1.id = T2.eye_colour_id WHERE T2.height_cm BETWEEN 170 AND 190 AND T1.colour IS NULL,,,True,True,False,602,53,3.650999509999565,SELECT T2.superhero_name FROM colour AS T1 INNER JOIN superhero AS T2 ON T1.id = T2.eye_colour_id WHERE T1.colour = 'No Colour' AND T2.height_cm BETWEEN 170 AND 190,,,False,True,True,True,False,True,True,True,improved,improved,both_wrong,both_correct
266,266,superhero,moderate,Provide the hair colour of the human superhero who is 185 cm tall.,185 cm tall refers to height_cm = 185; human superhero refers to race = 'human'; hair colour refers to colour where hair_colour_id = colour.id;,SELECT DISTINCT T3.colour FROM superhero AS T1 INNER JOIN race AS T2 ON T1.race_id = T2.id INNER JOIN colour AS T3 ON T1.hair_colour_id = T3.id WHERE T1.height_cm = 185 AND T2.race = 'Human',True,True,False,557,57,1.7811477619998186,SELECT T2.colour FROM superhero AS T1 INNER JOIN colour AS T2 ON T1.hair_colour_id = T2.id WHERE T1.height_cm = 185 AND T1.race_id = ( SELECT id FROM race WHERE race = 'Human' ),,,True,False,False,592,63,1.9322184790000847,SELECT T3.colour FROM superhero AS T1 INNER JOIN race AS T2 ON T1.race_id = T2.id INNER JOIN colour AS T3 ON T1.hair_colour_id = T3.id WHERE T1.height_cm = 185 AND T2.race = 'human',,,True,False,False,557,47,3.2002941589998954,SELECT T2.colour FROM superhero AS T1 INNER JOIN colour AS T2 ON T1.hair_colour_id = T2.id WHERE T1.height_cm = 185 AND T1.race_id = 3,,,True,True,False,592,63,4.353027256000132,SELECT T3.colour FROM superhero AS T1 INNER JOIN race AS T2 ON T1.race_id = T2.id INNER JOIN colour AS T3 ON T1.hair_colour_id = T3.id WHERE T1.height_cm = 185 AND T2.race = 'Human',,,True,True,False,True,False,True,True,True,regressed,improved,regressed,improved
267,267,superhero,challenging,"In superheroes with height between 150 to 180, what is the percentage of heroes published by Marvel Comics?","height between 150 to 180 refers to height_cm BETWEEN 150 AND 180; heroes published by Marvel Comics refers to publisher_name = 'Marvel Comics'; calculation = MULTIPLY(DIVIDE(SUM(publisher.id = 13)), COUNT(publisher.id), 100)",SELECT CAST(COUNT(CASE WHEN T2.publisher_name = 'Marvel Comics' THEN 1 ELSE NULL END) AS REAL) * 100 / COUNT(T1.id) FROM superhero AS T1 INNER JOIN publisher AS T2 ON T1.publisher_id = T2.id WHERE T1.height_cm BETWEEN 150 AND 180,True,True,False,566,74,2.297085104999951,SELECT CAST(SUM(CASE WHEN T2.publisher_name = 'Marvel Comics' THEN 1 ELSE 0 END) AS REAL) * 100 / COUNT(T1.id) FROM superhero AS T1 INNER JOIN publisher AS T2 ON T1.publisher_id = T2.id WHERE T1.height_cm BETWEEN 150 AND 180,,,False,False,False,631,73,2.246662814000274,SELECT CAST(SUM(CASE WHEN T2.publisher_id = 13 THEN 1 ELSE 0 END) AS REAL) * 100 / COUNT(T1.id) FROM superhero AS T1 INNER JOIN publisher AS T2 ON T1.publisher_id = T2.id WHERE T1.height_cm BETWEEN 150 AND 180,no such column: T2.publisher_id,,True,True,False,566,74,4.9960319719994,SELECT CAST(SUM(CASE WHEN T2.publisher_name = 'Marvel Comics' THEN 1 ELSE 0 END) AS REAL) * 100 / COUNT(T1.id) FROM superhero AS T1 INNER JOIN publisher AS T2 ON T1.publisher_id = T2.id WHERE T1.height_cm BETWEEN 150 AND 180,,,True,True,False,631,74,5.033702593000271,SELECT CAST(COUNT(CASE WHEN T2.publisher_name = 'Marvel Comics' THEN T1.id ELSE NULL END) AS REAL) * 100 / COUNT(T1.id) FROM superhero AS T1 INNER JOIN publisher AS T2 ON T1.publisher_id = T2.id WHERE T1.height_cm BETWEEN 150 AND 180,,,True,True,False,False,True,True,True,True,regressed,both_correct,both_correct,improved
268,268,superhero,moderate,"Among the male superheroes, list the super hero names of superheroes with weight greater than the 79% average weight of all superheroes.","super hero names refers to superhero_name;male superheros refers to gender = 'Male';Calculation = weight_kg > MULTIPLY(AVG(weight_kg), 0.79)",SELECT T1.superhero_name FROM superhero AS T1 INNER JOIN gender AS T2 ON T1.gender_id = T2.id WHERE T2.gender = 'Male' AND T1.weight_kg * 100 > ( SELECT AVG(weight_kg) FROM superhero ) * 79,True,True,False,567,58,1.8077439470000627,SELECT T1.superhero_name FROM superhero AS T1 INNER JOIN gender AS T2 ON T1.gender_id = T2.id WHERE T2.gender = 'Male' AND T1.weight_kg > ( SELECT AVG(weight_kg) * 0.79 FROM superhero ),,,True,True,False,605,58,1.7709586200003287,SELECT T1.superhero_name FROM superhero AS T1 INNER JOIN gender AS T2 ON T1.gender_id = T2.id WHERE T2.gender = 'Male' AND T1.weight_kg > ( SELECT AVG(weight_kg) * 0.79 FROM superhero ),,,True,True,False,567,58,3.9724058980000336,SELECT T1.superhero_name FROM superhero AS T1 INNER JOIN gender AS T2 ON T1.gender_id = T2.id WHERE T2.gender = 'Male' AND T1.weight_kg > ( SELECT AVG(weight_kg) * 0.79 FROM superhero ),,,True,True,False,605,81,5.586102358000062,SELECT T1.superhero_name FROM superhero AS T1 INNER JOIN gender AS T2 ON T1.gender_id = T2.id WHERE T2.gender = 'Male' AND T1.weight_kg * 100 / ( SELECT AVG(T1.weight_kg) FROM superhero AS T1 INNER JOIN gender AS T2 ON T1.gender_id = T2.id ) > 79,,,True,True,True,True,True,True,True,True,both_correct,both_correct,both_correct,both_correct
269,269,superhero,simple,What are the superpowers of heroes with ID 1?,superpowers refers to power_name; heroes with ID 1 refers to hero_id = 1;,SELECT DISTINCT T2.power_name FROM hero_power AS T1 INNER JOIN superpower AS T2 ON T1.power_id = T2.id WHERE T1.hero_id = 1,True,False,False,552,33,1.049071204000029,SELECT T2.power_name FROM superhero AS T1 INNER JOIN superpower AS T2 ON T1.id = T2.id WHERE T1.id = 1,,,True,True,False,570,36,1.1318373909998627,SELECT T2.power_name FROM hero_power AS T1 INNER JOIN superpower AS T2 ON T1.power_id = T2.id WHERE T1.hero_id = 1,,,True,True,False,552,36,2.4615943280005013,SELECT T2.power_name FROM hero_power AS T1 INNER JOIN superpower AS T2 ON T1.power_id = T2.id WHERE T1.hero_id = 1,,,True,True,False,570,36,2.4981502840000758,SELECT T2.power_name FROM hero_power AS T1 INNER JOIN superpower AS T2 ON T1.power_id = T2.id WHERE T1.hero_id = 1,,,False,True,True,True,True,True,True,True,improved,both_correct,improved,both_correct
270,270,superhero,simple,How many heroes have stealth power?,stealth power refers to power_name = 'Stealth';,SELECT COUNT(T1.hero_id) FROM hero_power AS T1 INNER JOIN superpower AS T2 ON T1.power_id = T2.id WHERE T2.power_name = 'Stealth',True,True,False,547,51,1.6057921280000755,SELECT COUNT(*) FROM superhero AS T1 INNER JOIN hero_power AS T2 ON T1.id = T2.hero_id INNER JOIN superpower AS T3 ON T2.power_id = T3.id WHERE T3.power_name = 'Stealth',,,True,True,False,557,51,1.6297426930000256,SELECT COUNT(*) FROM superhero AS T1 INNER JOIN hero_power AS T2 ON T1.id = T2.hero_id INNER JOIN superpower AS T3 ON T2.power_id = T3.id WHERE T3.power_name = 'Stealth',,,True,True,True,547,40,2.723984898000708,SELECT COUNT(T1.hero_id) FROM hero_power AS T1 INNER JOIN superpower AS T2 ON T1.power_id = T2.id WHERE T2.power_name = 'Stealth',,,True,True,True,557,40,2.7508097469999484,SELECT COUNT(T1.hero_id) FROM hero_power AS T1 INNER JOIN superpower AS T2 ON T1.power_id = T2.id WHERE T2.power_name = 'Stealth',,,True,True,True,True,True,True,True,True,both_correct,both_correct,both_correct,both_correct
271,271,superhero,moderate,What is the hero's full name with the highest attribute in strength?,highest attribute in strength refers to MAX(attribute_value) WHERE attribute_name = 'strength';,SELECT T1.full_name FROM superhero AS T1 INNER JOIN hero_attribute AS T2 ON T1.id = T2.hero_id INNER JOIN attribute AS T3 ON T2.attribute_id = T3.id WHERE T3.attribute_name = 'Strength' ORDER BY T2.attribute_value DESC LIMIT 1,True,False,True,554,61,1.942470134999894,SELECT T1.full_name FROM superhero AS T1 INNER JOIN hero_attribute AS T2 ON T1.id = T2.hero_id INNER JOIN attribute AS T3 ON T2.attribute_id = T3.id WHERE T3.attribute_name = 'strength' ORDER BY T2.attribute_value DESC LIMIT 1,,,True,False,True,569,61,1.9246221420003167,SELECT T1.full_name FROM superhero AS T1 INNER JOIN hero_attribute AS T2 ON T1.id = T2.hero_id INNER JOIN attribute AS T3 ON T2.attribute_id = T3.id WHERE T3.attribute_name = 'strength' ORDER BY T2.attribute_value DESC LIMIT 1,,,True,False,True,554,61,4.111663954000505,SELECT T1.full_name FROM superhero AS T1 INNER JOIN hero_attribute AS T2 ON T1.id = T2.hero_id INNER JOIN attribute AS T3 ON T2.attribute_id = T3.id WHERE T3.attribute_name = 'strength' ORDER BY T2.attribute_value DESC LIMIT 1,,,True,False,True,569,61,4.195759780000117,SELECT T1.full_name FROM superhero AS T1 INNER JOIN hero_attribute AS T2 ON T1.id = T2.hero_id INNER JOIN attribute AS T3 ON T2.attribute_id = T3.id WHERE T3.attribute_name = 'strength' ORDER BY T2.attribute_value DESC LIMIT 1,,,False,True,False,True,False,True,False,True,both_wrong,both_wrong,both_wrong,both_wrong
272,272,superhero,challenging,Which superhero has the most durability published by Dark Horse Comics?,which superhero refers to superhero_name; most durability refers to MAX(attribute_value) WHERE attribute_name = 'durability'; published by Dark Horse Comics refers to publisher_name = 'Dark Horse Comics';,SELECT T1.superhero_name FROM superhero AS T1 INNER JOIN hero_attribute AS T2 ON T1.id = T2.hero_id INNER JOIN attribute AS T3 ON T3.id = T2.attribute_id INNER JOIN publisher AS T4 ON T4.id = T1.publisher_id WHERE T4.publisher_name = 'Dark Horse Comics' AND T3.attribute_name = 'Durability' ORDER BY T2.attribute_value DESC LIMIT 1,True,False,False,552,91,2.8316578779999872,SELECT T1.superhero_name FROM superhero AS T1 INNER JOIN hero_power AS T2 ON T1.id = T2.hero_id INNER JOIN superpower AS T3 ON T2.power_id = T3.id INNER JOIN publisher AS T4 ON T1.publisher_id = T4.id WHERE T4.publisher_name = 'Dark Horse Comics' AND T3.power_name = 'Durability' ORDER BY T1.superhero_name DESC LIMIT 1,,,True,True,False,588,89,2.751823114999752,SELECT T1.superhero_name FROM superhero AS T1 INNER JOIN hero_attribute AS T2 ON T1.id = T2.hero_id INNER JOIN attribute AS T3 ON T2.attribute_id = T3.id INNER JOIN publisher AS T4 ON T1.publisher_id = T4.id WHERE T3.attribute_name = 'Durability' AND T4.publisher_name = 'Dark Horse Comics' ORDER BY T2.attribute_value DESC LIMIT 1,,,True,False,False,552,90,6.133977845999652,SELECT T1.superhero_name FROM superhero AS T1 INNER JOIN hero_power AS T2 ON T1.id = T2.hero_id INNER JOIN superpower AS T3 ON T2.power_id = T3.id INNER JOIN publisher AS T4 ON T1.publisher_id = T4.id WHERE T4.publisher_name = 'Dark Horse Comics' AND T3.power_name = 'Durability' ORDER BY T1.height_cm DESC LIMIT 1,,,True,True,False,588,89,6.111085731999992,SELECT T1.superhero_name FROM superhero AS T1 INNER JOIN hero_attribute AS T2 ON T1.id = T2.hero_id INNER JOIN attribute AS T3 ON T2.attribute_id = T3.id INNER JOIN publisher AS T4 ON T1.publisher_id = T4.id WHERE T3.attribute_name = 'Durability' AND T4.publisher_name = 'Dark Horse Comics' ORDER BY T2.attribute_value DESC LIMIT 1,,,False,True,True,True,False,True,True,True,improved,improved,both_wrong,both_correct
273,273,superhero,challenging,"List the eyes, hair and skin colour of all female superheroes published by Dark Horse Comics.",eyes refers to eye_colour_id; hair refers to hair_colour_id; skin colour refers to skin_colour_id; female superheroes refers to gender = 'Female'; published by Dark Horse Comics refers to publisher_name = 'Dark Horse Comics';,"SELECT T1.eye_colour_id, T1.hair_colour_id, T1.skin_colour_id FROM superhero AS T1 INNER JOIN publisher AS T2 ON T2.id = T1.publisher_id INNER JOIN gender AS T3 ON T3.id = T1.gender_id WHERE T2.publisher_name = 'Dark Horse Comics' AND T3.gender = 'Female'",False,False,False,558,105,3.231311013999857,"SELECT T1.eye_colour, T1.hair_colour, T1.skin_colour FROM superhero AS T1 INNER JOIN colour AS T2 ON T1.eye_colour_id = T2.id INNER JOIN colour AS T3 ON T1.hair_colour_id = T3.id INNER JOIN colour AS T4 ON T1.skin_colour_id = T4.id INNER JOIN publisher AS T5 ON T1.publisher_id = T5.id WHERE T1.gender_id = 2 AND T5.publisher_name = 'Dark Horse Comics'",no such column: T1.eye_colour,,True,True,False,602,74,2.297097618999942,"SELECT T1.eye_colour_id, T1.hair_colour_id, T1.skin_colour_id FROM superhero AS T1 INNER JOIN publisher AS T2 ON T1.publisher_id = T2.id INNER JOIN gender AS T3 ON T1.gender_id = T3.id WHERE T3.gender = 'Female' AND T2.publisher_name = 'Dark Horse Comics'",,,True,False,False,558,76,5.1590289380001195,SELECT T1.colour FROM colour AS T1 INNER JOIN superhero AS T2 ON T1.id = T2.eye_colour_id INNER JOIN publisher AS T3 ON T2.publisher_id = T3.id INNER JOIN gender AS T4 ON T2.gender_id = T4.id WHERE T3.publisher_name = 'Dark Horse Comics' AND T4.gender = 'Female',,,True,False,False,602,82,5.624047645999781,SELECT T1.colour FROM colour AS T1 INNER JOIN superhero AS T2 ON T1.id = T2.eye_colour_id INNER JOIN publisher AS T3 ON T2.publisher_id = T3.id INNER JOIN gender AS T4 ON T2.gender_id = T4.id WHERE T3.publisher_name = 'Dark Horse Comics' AND T4.gender = 'Female' GROUP BY T1.colour,,,False,False,True,True,False,True,False,True,improved,both_wrong,both_wrong,regressed
274,274,superhero,challenging,"Which superhero has the same eyes, hair and skin colour? Indicate the publisher of the superhero.","which superhero refers to superhero_name; the same eyes, hair and skin colour refers to hair_colour_id = skin_colour_id AND hair_colour_id = eye_colour_id; publisher refers to publisher_name;","SELECT T1.superhero_name, T2.publisher_name FROM superhero AS T1 INNER JOIN publisher AS T2 ON T1.publisher_id = T2.id WHERE T1.eye_colour_id = T1.hair_colour_id AND T1.eye_colour_id = T1.skin_colour_id",True,True,True,560,57,1.761939538000206,"SELECT T1.superhero_name, T2.publisher_name FROM superhero AS T1 INNER JOIN publisher AS T2 ON T1.publisher_id = T2.id WHERE T1.eye_colour_id = T1.hair_colour_id AND T1.eye_colour_id = T1.skin_colour_id",,,True,True,False,597,74,2.296311478000007,"SELECT T1.superhero_name, T3.publisher_name FROM superhero AS T1 INNER JOIN colour AS T2 ON T1.eye_colour_id = T2.id INNER JOIN publisher AS T3 ON T1.publisher_id = T3.id WHERE T1.hair_colour_id = T1.skin_colour_id AND T1.hair_colour_id = T1.eye_colour_id",,,True,True,False,560,57,3.9474272959996597,"SELECT T1.superhero_name, T2.publisher_name FROM superhero AS T1 INNER JOIN publisher AS T2 ON T1.publisher_id = T2.id WHERE T1.eye_colour_id = T1.hair_colour_id AND T1.skin_colour_id = T1.eye_colour_id",,,True,True,False,597,58,3.916203482999663,"SELECT T1.superhero_name, T2.publisher_name FROM superhero AS T1 INNER JOIN publisher AS T2 ON T1.publisher_id = T2.id WHERE T1.hair_colour_id = T1.skin_colour_id AND T1.hair_colour_id = T1.eye_colour_id",,,True,True,True,True,True,True,True,True,both_correct,both_correct,both_correct,both_correct
275,275,superhero,challenging,What is the percentage of blue female superheroes among all female superheroes?,"percentage = MULTIPLY(DIVIDE(SUM(colour = 'Blue' WHERE gender = 'Female'), COUNT(gender = 'Female')), 100); blue refers to the color = 'Blue' WHERE skin_colour_id = colour.id; female refers to gender = 'Female';",SELECT CAST(COUNT(CASE WHEN T3.colour = 'Blue' THEN T1.id ELSE NULL END) AS REAL) * 100 / COUNT(T1.id) FROM superhero AS T1 INNER JOIN gender AS T2 ON T1.gender_id = T2.id INNER JOIN colour AS T3 ON T1.skin_colour_id = T3.id WHERE T2.gender = 'Female',False,False,False,553,64,2.028251745000034,SELECT CAST(SUM(CASE WHEN T1.eye_colour = 'Blue' THEN 1 ELSE 0 END) AS REAL) * 100 / COUNT(*) FROM superhero AS T1 INNER JOIN colour AS T2 ON T1.eye_colour_id = T2.id WHERE T1.gender = 'Female',no such column: T1.eye_colour,,False,False,False,609,77,2.39976066600002,SELECT CAST(SUM(CASE WHEN T2.skin_colour_id = ( SELECT id FROM colour WHERE colour = 'Blue' ) THEN 1 ELSE 0 END) AS REAL) * 100 / COUNT(T1.gender_id) FROM gender AS T1 INNER JOIN superhero AS T2 ON T1.id = T2.gender_id WHERE T1.gender = 'Female',no such column: T1.gender_id,,True,False,False,553,82,5.5338534140000775,SELECT CAST(SUM(CASE WHEN T1.colour = 'Blue' THEN 1 ELSE 0 END) AS REAL) * 100 / COUNT(T2.id) FROM colour AS T1 INNER JOIN superhero AS T2 ON T1.id = T2.eye_colour_id INNER JOIN gender AS T3 ON T3.id = T2.gender_id WHERE T3.gender = 'Female',,,False,False,False,609,82,5.570395517000179,SELECT CAST(COUNT(CASE WHEN T2.skin_colour_id = T3.id THEN 1 ELSE NULL END) AS REAL) * 100 / COUNT(T1.id) FROM superhero AS T1 INNER JOIN gender AS T2 ON T1.gender_id = T2.id INNER JOIN colour AS T3 ON T1.skin_colour_id = T3.id WHERE T2.gender = 'Female',no such column: T2.skin_colour_id,,False,False,False,False,False,True,False,False,both_wrong,both_wrong,both_wrong,both_wrong
276,276,superhero,simple,How many powers does Amazo hero have?,Amazo hero refers to superhero_name = 'Amazo';,SELECT COUNT(T1.power_id) FROM hero_power AS T1 INNER JOIN superhero AS T2 ON T1.hero_id = T2.id WHERE T2.superhero_name = 'Amazo',True,True,False,549,40,1.263048671999968,SELECT COUNT(T2.power_id) FROM superhero AS T1 INNER JOIN hero_power AS T2 ON T1.id = T2.hero_id WHERE T1.superhero_name = 'Amazo',,,True,True,False,559,40,1.287067785999625,SELECT COUNT(T2.power_id) FROM superhero AS T1 INNER JOIN hero_power AS T2 ON T1.id = T2.hero_id WHERE T1.superhero_name = 'Amazo',,,True,False,False,549,39,2.6267781049991754,SELECT COUNT(T2.power_name) FROM superhero AS T1 INNER JOIN superpower AS T2 ON T1.id = T2.id WHERE T1.superhero_name = 'Amazo',,,True,True,False,559,40,2.7081653389996063,SELECT COUNT(T2.power_id) FROM superhero AS T1 INNER JOIN hero_power AS T2 ON T1.id = T2.hero_id WHERE T1.superhero_name = 'Amazo',,,True,True,True,True,False,True,True,True,both_correct,improved,regressed,both_correct
277,277,superhero,simple,Provide the heights of the heroes whose eye colours are amber.,heights of the heroes refers to height_cm; eye colours are amber refers to colour.colour = 'Amber' WHERE eye_colour_id = colour.id;,SELECT T1.height_cm FROM superhero AS T1 INNER JOIN colour AS T2 ON T1.eye_colour_id = T2.id WHERE T2.colour = 'Amber',True,True,True,552,37,1.176587396000059,SELECT T1.height_cm FROM superhero AS T1 INNER JOIN colour AS T2 ON T1.eye_colour_id = T2.id WHERE T2.colour = 'Amber',,,True,True,True,582,37,1.1818430299999818,SELECT T1.height_cm FROM superhero AS T1 INNER JOIN colour AS T2 ON T1.eye_colour_id = T2.id WHERE T2.colour = 'Amber',,,True,True,True,552,37,2.481770611999309,SELECT T1.height_cm FROM superhero AS T1 INNER JOIN colour AS T2 ON T1.eye_colour_id = T2.id WHERE T2.colour = 'Amber',,,True,True,True,582,37,2.495217034000234,SELECT T1.height_cm FROM superhero AS T1 INNER JOIN colour AS T2 ON T1.eye_colour_id = T2.id WHERE T2.colour = 'Amber',,,True,True,True,True,True,True,True,True,both_correct,both_correct,both_correct,both_correct
278,278,superhero,moderate,List the heroes' names whose eyes and hair colours are both black.,heroes' names refers to superhero_name; eyes and hair colours are both black refers to eye_colour_id AND hair_colour_id WHERE colour.colour = 'Black';,SELECT T1.superhero_name FROM superhero AS T1 INNER JOIN colour AS T2 ON T1.eye_colour_id = T2.id AND T1.hair_colour_id = T2.id WHERE T2.colour = 'Black',True,False,False,554,63,1.9414594109998689,SELECT T1.superhero_name FROM superhero AS T1 INNER JOIN colour AS T2 ON T1.eye_colour_id = T2.id INNER JOIN colour AS T3 ON T1.hair_colour_id = T3.id WHERE T2.colour = 'black' AND T3.colour = 'black',,,True,True,False,584,63,1.958252062000156,SELECT T1.superhero_name FROM superhero AS T1 INNER JOIN colour AS T2 ON T1.eye_colour_id = T2.id INNER JOIN colour AS T3 ON T1.hair_colour_id = T3.id WHERE T2.colour = 'Black' AND T3.colour = 'Black',,,True,True,False,554,48,3.2653701389999696,SELECT T1.superhero_name FROM superhero AS T1 INNER JOIN colour AS T2 ON T1.eye_colour_id = T2.id WHERE T2.colour = 'Black' AND T1.hair_colour_id = T2.id,,,True,False,False,584,37,2.5390400539999973,SELECT T1.superhero_name FROM superhero AS T1 INNER JOIN colour AS T2 ON T1.eye_colour_id = T2.id WHERE T2.colour = 'Black',,,False,True,True,True,True,True,False,True,improved,regressed,improved,regressed
279,279,superhero,simple,Describe the names of neutral alignment superheroes.,names of superheroes refers to superhero_name; neutral alignment refers to alignment = 'Neutral';,SELECT T1.superhero_name FROM superhero AS T1 INNER JOIN alignment AS T2 ON T1.alignment_id = T2.id WHERE T2.alignment = 'Neutral',True,True,True,548,35,1.1033299799998986,SELECT T1.superhero_name FROM superhero AS T1 INNER JOIN alignment AS T2 ON T1.alignment_id = T2.id WHERE T2.alignment = 'Neutral',,,True,True,True,563,35,1.101317488999939,SELECT T1.superhero_name FROM superhero AS T1 INNER JOIN alignment AS T2 ON T1.alignment_id = T2.id WHERE T2.alignment = 'Neutral',,,True,True,True,548,35,2.34934880199944,SELECT T1.superhero_name FROM superhero AS T1 INNER JOIN alignment AS T2 ON T1.alignment_id = T2.id WHERE T2.alignment = 'Neutral',,,True,True,True,563,35,2.4230808350002917,SELECT T1.superhero_name FROM superhero AS T1 INNER JOIN alignment AS T2 ON T1.alignment_id = T2.id WHERE T2.alignment = 'Neutral',,,True,True,True,True,True,True,True,True,both_correct,both_correct,both_correct,both_correct
280,280,superhero,moderate,How many heroes have the highest attribute value in strength?,highest attribute value in strength refers to MAX(attribute_value) WHERE attribute_name = 'Strength';,SELECT COUNT(T1.hero_id) FROM hero_attribute AS T1 INNER JOIN attribute AS T2 ON T1.attribute_id = T2.id WHERE T2.attribute_name = 'Strength' AND T1.attribute_value = ( SELECT MAX(attribute_value) FROM hero_attribute ),True,True,False,551,55,1.70014868200019,SELECT COUNT(*) FROM hero_attribute WHERE attribute_id = ( SELECT id FROM attribute WHERE attribute_name = 'Strength' ) AND attribute_value = ( SELECT MAX(attribute_value) FROM hero_attribute WHERE attribute_id = ( SELECT id FROM attribute WHERE attribute_name = 'Strength' ) ),,,True,True,False,567,58,1.7964263740000206,SELECT COUNT(*) FROM hero_attribute ha JOIN attribute a ON ha.attribute_id = a.id WHERE a.attribute_name = 'Strength' AND ha.attribute_value = ( SELECT MAX(attribute_value) FROM hero_attribute WHERE attribute_id = ( SELECT id FROM attribute WHERE attribute_name = 'Strength' ) ),,,True,False,False,551,58,3.879188915000668,SELECT COUNT(T1.id) FROM superhero AS T1 INNER JOIN hero_attribute AS T2 ON T1.id = T2.hero_id WHERE T2.attribute_id = 1 AND T2.attribute_value = ( SELECT MAX(attribute_value) FROM hero_attribute WHERE attribute_id = 1 ),,,True,True,False,567,81,5.587973818000137,SELECT COUNT(T1.hero_id) FROM hero_attribute AS T1 INNER JOIN attribute AS T2 ON T1.attribute_id = T2.id WHERE T2.attribute_name = 'Strength' AND T1.attribute_value = ( SELECT MAX(attribute_value) FROM hero_attribute AS T3 INNER JOIN attribute AS T4 ON T3.attribute_id = T4.id WHERE T4.attribute_name = 'Strength' ),,,True,True,True,True,False,True,True,True,both_correct,improved,regressed,both_correct
281,281,superhero,challenging,How many percent of female heroes were published by Marvel Comics?,"percent = MULTIPLY(DIVIDE(SUM(gender = 'Female' WHERE publisher_name = 'Marvel Comics'), COUNT(publisher_name = 'Marvel Comics')), 100); female heroes refers to gender = 'Female'; Marvel Comics refers to publisher_name = 'Marvel Comics';",SELECT CAST(COUNT(CASE WHEN T3.gender = 'Female' AND T2.publisher_name = 'Marvel Comics' THEN 1 ELSE NULL END) AS REAL) / COUNT(CASE WHEN T2.publisher_name = 'Marvel Comics' THEN 1 ELSE NULL END) * 100 FROM superhero AS T1 INNER JOIN publisher AS T2 ON T1.publisher_id = T2.id INNER JOIN gender AS T3 ON T1.gender_id = T3.id,False,False,False,552,78,2.404569560000027,SELECT CAST(SUM(CASE WHEN T1.publisher_id = ( SELECT id FROM publisher WHERE publisher_name = 'Marvel Comics' ) THEN 1 ELSE 0 END) AS REAL) * 100 / COUNT(T2.gender_id) FROM superhero AS T1 INNER JOIN gender AS T2 ON T1.gender_id = T2.id WHERE T2.gender = 'Female',no such column: T2.gender_id,,False,False,False,607,68,2.1064871399998992,SELECT CAST(SUM(CASE WHEN T2.gender = 'Female' THEN 1 ELSE 0 END) AS REAL) * 100 / COUNT(T1.publisher_name) FROM publisher AS T1 INNER JOIN superhero AS T2 ON T1.id = T2.publisher_id WHERE T1.publisher_name = 'Marvel Comics',no such column: T2.gender,,True,False,False,552,82,5.523984215000382,SELECT CAST(SUM(CASE WHEN T1.publisher_name = 'Marvel Comics' THEN 1 ELSE 0 END) AS REAL) * 100 / COUNT(T2.id) FROM publisher AS T1 INNER JOIN superhero AS T2 ON T1.id = T2.publisher_id INNER JOIN gender AS T3 ON T3.id = T2.gender_id WHERE T3.gender = 'Female',,,True,True,False,607,82,5.615367274000164,SELECT CAST(COUNT(CASE WHEN T2.gender = 'Female' THEN T1.id ELSE NULL END) AS REAL) * 100 / COUNT(T1.id) FROM superhero AS T1 INNER JOIN gender AS T2 ON T1.gender_id = T2.id INNER JOIN publisher AS T3 ON T1.publisher_id = T3.id WHERE T3.publisher_name = 'Marvel Comics',,,False,False,False,False,False,True,True,True,both_wrong,improved,both_wrong,improved
282,282,superhero,moderate,Calculate the difference between Emil Blonsky's weight and Charles Chandler's weight.,"difference = SUBTRACT(SUM(weight_kg WHERE full_name = 'Emil Blonsky'), SUM(weight_kg WHERE full_name = 'Charles Chandler')); Emil Blonsky is the full name of superhero; Charles Chandler is the full name of superhero;",SELECT ( SELECT weight_kg FROM superhero WHERE full_name LIKE 'Emil Blonsky' ) - ( SELECT weight_kg FROM superhero WHERE full_name LIKE 'Charles Chandler' ) AS CALCULATE,True,False,False,556,49,1.529943817000003,SELECT T1.weight_kg - T2.weight_kg FROM superhero AS T1 INNER JOIN superhero AS T2 ON T1.superhero_name = 'Emil Blonsky' AND T2.superhero_name = 'Charles Chandler',,,True,True,False,606,50,1.5507709950002209,SELECT SUM(CASE WHEN full_name = 'Emil Blonsky' THEN weight_kg ELSE 0 END) - SUM(CASE WHEN full_name = 'Charles Chandler' THEN weight_kg ELSE 0 END) AS difference FROM superhero,,,True,False,False,556,59,3.966958586999681,SELECT T1.weight_kg - T2.weight_kg FROM superhero AS T1 INNER JOIN superhero AS T2 ON T1.publisher_id = T2.publisher_id WHERE T1.superhero_name = 'Emil Blonsky' AND T2.superhero_name = 'Charles Chandler',,,True,True,False,606,100,6.824535445999572,SELECT SUM(CASE WHEN T1.full_name = 'Emil Blonsky' THEN T1.weight_kg ELSE 0 END) - SUM(CASE WHEN T1.full_name = 'Charles Chandler' THEN T1.weight_kg ELSE 0 END) FROM superhero AS T1 INNER JOIN hero_power AS T2 ON T1.id = T2.hero_id INNER JOIN superpower AS T3 ON T2.power_id = T3.id WHERE T3.power_name LIKE '%strength%',,,False,True,True,True,False,True,True,True,improved,improved,both_wrong,both_correct
283,283,superhero,simple,Calculate the average height for all superhero.,"average = DIVIDE(SUM(height_cm), COUNT(all heros));",SELECT CAST(SUM(height_cm) AS REAL) / COUNT(id) FROM superhero,True,False,False,548,8,0.26371833300004255,SELECT AVG(height_cm) FROM superhero,,,True,False,False,560,8,0.2667035530002977,SELECT AVG(height_cm) FROM superhero,,,True,False,False,548,8,0.5568676370003232,SELECT AVG(height_cm) FROM superhero,,,True,True,False,560,16,1.1512604179997652,SELECT CAST(SUM(height_cm) AS REAL) / COUNT(*) FROM superhero,,,False,True,False,True,False,True,True,True,both_wrong,improved,both_wrong,improved
284,284,superhero,simple,What is Abomination's superpower?,Abomination refers to superhero_name = 'Abomination'; superpower refers to power_name;,SELECT T3.power_name FROM superhero AS T1 INNER JOIN hero_power AS T2 ON T1.id = T2.hero_id INNER JOIN superpower AS T3 ON T2.power_id = T3.id WHERE T1.superhero_name = 'Abomination',True,False,False,548,37,1.158654173000059,SELECT T2.power_name FROM superhero AS T1 INNER JOIN superpower AS T2 ON T1.id = T2.id WHERE T1.superhero_name = 'Abomination',,,True,False,False,564,37,1.1600063060000139,SELECT T2.power_name FROM superhero AS T1 INNER JOIN superpower AS T2 ON T1.id = T2.id WHERE T1.superhero_name = 'Abomination',,,True,False,False,548,37,2.4613100019996637,SELECT T2.power_name FROM superhero AS T1 INNER JOIN superpower AS T2 ON T1.id = T2.id WHERE T1.superhero_name = 'Abomination',,,True,False,False,564,37,2.4927523389997077,SELECT T2.power_name FROM superhero AS T1 INNER JOIN superpower AS T2 ON T1.id = T2.id WHERE T1.superhero_name = 'Abomination',,,False,True,False,True,False,True,False,True,both_wrong,both_wrong,both_wrong,both_wrong
285,285,superhero,moderate,Which hero was the fastest?,which hero refers to superhero_name; fastest refers to MAX(attribute_value) WHERE attribute_name = 'Speed';,SELECT T1.superhero_name FROM superhero AS T1 INNER JOIN hero_attribute AS T2 ON T1.id = T2.hero_id INNER JOIN attribute AS T3 ON T2.attribute_id = T3.id WHERE T3.attribute_name = 'Speed' ORDER BY T2.attribute_value DESC LIMIT 1,True,True,True,546,62,1.9577576090000548,SELECT T1.superhero_name FROM superhero AS T1 INNER JOIN hero_attribute AS T2 ON T1.id = T2.hero_id INNER JOIN attribute AS T3 ON T2.attribute_id = T3.id WHERE T3.attribute_name = 'Speed' ORDER BY T2.attribute_value DESC LIMIT 1,,,True,True,True,565,62,2.002765737000118,SELECT T1.superhero_name FROM superhero AS T1 INNER JOIN hero_attribute AS T2 ON T1.id = T2.hero_id INNER JOIN attribute AS T3 ON T2.attribute_id = T3.id WHERE T3.attribute_name = 'Speed' ORDER BY T2.attribute_value DESC LIMIT 1,,,True,False,False,546,63,4.2175155449995145,SELECT T1.superhero_name FROM superhero AS T1 INNER JOIN hero_power AS T2 ON T1.id = T2.hero_id INNER JOIN superpower AS T3 ON T2.power_id = T3.id WHERE T3.power_name = 'Speed' ORDER BY T1.height_cm DESC LIMIT 1,,,True,True,True,565,62,4.296418795999671,SELECT T1.superhero_name FROM superhero AS T1 INNER JOIN hero_attribute AS T2 ON T1.id = T2.hero_id INNER JOIN attribute AS T3 ON T2.attribute_id = T3.id WHERE T3.attribute_name = 'Speed' ORDER BY T2.attribute_value DESC LIMIT 1,,,True,True,True,True,False,True,True,True,both_correct,improved,regressed,both_correct
286,286,superhero,moderate,State all of 3-D Man's attributes along with their values.,3-D Man is the superhero_name. attributes refers to attribute_name; values refers to attribute_value;,"SELECT T3.attribute_name, T2.attribute_value FROM superhero AS T1 INNER JOIN hero_attribute AS T2 ON T1.id = T2.hero_id INNER JOIN attribute AS T3 ON T2.attribute_id = T3.id WHERE T1.superhero_name = '3-D Man'",True,True,False,554,53,1.6568101530001513,"SELECT T2.attribute_name, T1.attribute_value FROM hero_attribute AS T1 INNER JOIN attribute AS T2 ON T1.attribute_id = T2.id WHERE T1.hero_id = ( SELECT id FROM superhero WHERE superhero_name = '3-D Man' )",,,True,True,False,572,59,1.862387144999957,"SELECT T2.attribute_name, T1.attribute_value FROM hero_attribute AS T1 INNER JOIN attribute AS T2 ON T1.attribute_id = T2.id INNER JOIN superhero AS T3 ON T1.hero_id = T3.id WHERE T3.superhero_name = '3-D Man'",,,True,True,False,554,59,3.9505516090002857,"SELECT T1.attribute_name, T2.attribute_value FROM attribute AS T1 INNER JOIN hero_attribute AS T2 ON T1.id = T2.attribute_id INNER JOIN superhero AS T3 ON T2.hero_id = T3.id WHERE T3.superhero_name = '3-D Man'",,,True,True,False,572,59,4.07150275999993,"SELECT T1.attribute_name, T2.attribute_value FROM attribute AS T1 INNER JOIN hero_attribute AS T2 ON T1.id = T2.attribute_id INNER JOIN superhero AS T3 ON T2.hero_id = T3.id WHERE T3.superhero_name = '3-D Man'",,,True,True,True,True,True,True,True,True,both_correct,both_correct,both_correct,both_correct
287,287,superhero,moderate,Which superheroes have blue eyes with brown hair?,which superheroes refers to superhero_name; blue eyes refers to color = 'Blue' and color.id = eye_colour_id; brown hair refers to color = 'Brown' and color.id = hair_colour_id;,SELECT T1.superhero_name FROM superhero AS T1 INNER JOIN colour AS T2 ON T1.eye_colour_id = T2.id INNER JOIN colour AS T3 ON T1.hair_colour_id = T3.id WHERE T2.colour = 'Blue' AND T3.colour = 'Brown',True,False,True,549,63,1.9842541369998798,SELECT T1.superhero_name FROM superhero AS T1 INNER JOIN colour AS T2 ON T1.eye_colour_id = T2.id INNER JOIN colour AS T3 ON T1.hair_colour_id = T3.id WHERE T2.colour = 'blue' AND T3.colour = 'brown',,,True,True,False,588,57,1.7975438450002912,SELECT T1.superhero_name FROM superhero AS T1 INNER JOIN colour AS T2 ON T1.eye_colour_id = T2.id WHERE T2.colour = 'Blue' AND T1.hair_colour_id = ( SELECT id FROM colour WHERE colour = 'Brown' ),,,True,False,False,549,47,3.1972940200002995,SELECT T1.superhero_name FROM superhero AS T1 INNER JOIN colour AS T2 ON T1.eye_colour_id = T2.id WHERE T2.colour = 'blue' AND T1.hair_colour_id = 3,,,True,True,False,588,57,3.9590169350003634,SELECT T1.superhero_name FROM superhero AS T1 INNER JOIN colour AS T2 ON T1.eye_colour_id = T2.id WHERE T2.colour = 'Blue' AND T1.hair_colour_id = ( SELECT id FROM colour WHERE colour = 'Brown' ),,,False,True,True,True,False,True,True,True,improved,improved,both_wrong,both_correct
288,288,superhero,moderate,"What is the publisher for Hawkman, Karate Kid and Speedy?",publisher refers to publisher_name; Hawkman refers to superhero_name = 'Hawkman'; Karate Kid refers to superhero_name = 'Karate Kid'; Speedy refers to superhero_name = 'Speedy';,"SELECT T2.publisher_name FROM superhero AS T1 INNER JOIN publisher AS T2 ON T1.publisher_id = T2.id WHERE T1.superhero_name IN ('Hawkman', 'Karate Kid', 'Speedy')",True,True,True,555,47,1.4654617129999679,"SELECT T2.publisher_name FROM superhero AS T1 INNER JOIN publisher AS T2 ON T1.publisher_id = T2.id WHERE T1.superhero_name IN ('Hawkman', 'Karate Kid', 'Speedy')",,,True,True,True,595,47,1.493902731000162,"SELECT T2.publisher_name FROM superhero AS T1 INNER JOIN publisher AS T2 ON T1.publisher_id = T2.id WHERE T1.superhero_name IN ('Hawkman', 'Karate Kid', 'Speedy')",,,True,True,False,555,53,3.631722592999722,"SELECT T2.publisher_name FROM superhero AS T1 INNER JOIN publisher AS T2 ON T1.publisher_id = T2.id WHERE T1.superhero_name IN ('Hawkman', 'Karate Kid', 'Speedy') GROUP BY T2.publisher_name",,,True,True,False,595,53,3.6925903989995277,"SELECT T2.publisher_name FROM superhero AS T1 INNER JOIN publisher AS T2 ON T1.publisher_id = T2.id WHERE T1.superhero_name IN ('Hawkman', 'Karate Kid', 'Speedy') GROUP BY T2.publisher_name",,,True,True,True,True,True,True,True,True,both_correct,both_correct,both_correct,both_correct
289,289,superhero,moderate,Calculate the percentage of superheroes with blue eyes.,"percentage = MULTIPLY(DIVIDE(SUM(superhero_name WHERE color = 'Blue'), COUNT(superhero_name)), 100.0); blue eyes refers to color = 'Blue' and color.id =  eye_colour_id = 7;",SELECT CAST(COUNT(CASE WHEN T2.colour = 'Blue' THEN 1 ELSE NULL END) AS REAL) * 100 / COUNT(T1.id) FROM superhero AS T1 INNER JOIN colour AS T2 ON T1.eye_colour_id = T2.id,False,False,False,549,69,2.134951043000001,SELECT CAST(SUM(CASE WHEN T1.eye_colour_id = ( SELECT id FROM colour WHERE colour = 'blue' ) THEN 1 ELSE 0 END) AS REAL) * 100 / COUNT(T2.id) FROM colour AS T1 INNER JOIN superhero AS T2 ON T1.id = T2.eye_colour_id,no such column: T1.eye_colour_id,,False,False,False,598,70,2.1861715990003177,SELECT CAST(SUM(CASE WHEN T2.eye_colour_id = 7 THEN 1 ELSE 0 END) AS REAL) * 100 / COUNT(T1.superhero_name) FROM superhero AS T1 INNER JOIN colour AS T2 ON T1.eye_colour_id = T2.id WHERE T2.colour = 'Blue',no such column: T2.eye_colour_id,,True,False,False,549,59,4.043752616999882,SELECT CAST(SUM(CASE WHEN T1.colour = 'blue' THEN 1 ELSE 0 END) AS REAL) * 100 / COUNT(T2.id) FROM colour AS T1 INNER JOIN superhero AS T2 ON T2.eye_colour_id = T1.id,,,False,False,False,598,63,4.324612903000343,SELECT CAST(COUNT(CASE WHEN T2.eye_colour_id = 7 THEN T1.superhero_name ELSE NULL END) AS REAL) * 100 / COUNT(T1.superhero_name) FROM superhero AS T1 INNER JOIN colour AS T2 ON T1.eye_colour_id = T2.id,no such column: T2.eye_colour_id,,False,False,False,False,False,True,False,False,both_wrong,both_wrong,both_wrong,both_wrong
290,290,superhero,moderate,Find the ratio between male superheroes and female superheroes.,ratio = DIVIDE(SUM(gender_id = 1) / SUM(gender_id = 2)); male superheroes refers to gender = 'Female'; female superheroes refers to gender = 'Male';,SELECT CAST(COUNT(CASE WHEN T2.gender = 'Male' THEN T1.id ELSE NULL END) AS REAL) / COUNT(CASE WHEN T2.gender = 'Female' THEN T1.id ELSE NULL END) FROM superhero AS T1 INNER JOIN gender AS T2 ON T1.gender_id = T2.id,True,True,False,550,66,2.0461416959999497,SELECT CAST(SUM(CASE WHEN T1.gender = 'Male' THEN 1 ELSE 0 END) AS REAL) / SUM(CASE WHEN T1.gender = 'Female' THEN 1 ELSE 0 END) FROM gender AS T1 INNER JOIN superhero AS T2 ON T1.id = T2.gender_id,,,True,True,False,588,66,2.0760527829997955,SELECT CAST(SUM(CASE WHEN T1.gender = 'Male' THEN 1 ELSE 0 END) AS REAL) / SUM(CASE WHEN T1.gender = 'Female' THEN 1 ELSE 0 END) FROM gender AS T1 INNER JOIN superhero AS T2 ON T1.id = T2.gender_id,,,True,True,False,550,66,4.474380105999444,SELECT CAST(SUM(CASE WHEN T1.gender = 'Male' THEN 1 ELSE 0 END) AS REAL) / SUM(CASE WHEN T1.gender = 'Female' THEN 1 ELSE 0 END) FROM gender AS T1 INNER JOIN superhero AS T2 ON T1.id = T2.gender_id,,,True,False,False,588,71,4.863628924000295,SELECT CAST(COUNT(CASE WHEN T2.gender = 'Male' THEN T1.id ELSE NULL END) AS REAL) * 100 / COUNT(CASE WHEN T2.gender = 'Female' THEN T1.id ELSE NULL END) FROM superhero AS T1 INNER JOIN gender AS T2 ON T1.gender_id = T2.id,,,True,True,True,True,True,True,False,True,both_correct,regressed,both_correct,regressed
291,291,superhero,simple,Provide the eye colour of the superhero who has Karen Beecher-Duncan as their full name.,eye colour refers to colour.colour where eye_colour_id = colour.id; Karen Beecher-Duncan is the full name of superhero;,SELECT T2.colour FROM superhero AS T1 INNER JOIN colour AS T2 ON T1.eye_colour_id = T2.id WHERE T1.full_name = 'Karen Beecher-Duncan',True,True,False,559,40,1.2835458340000514,SELECT T1.colour FROM colour AS T1 INNER JOIN superhero AS T2 ON T1.id = T2.eye_colour_id WHERE T2.full_name = 'Karen Beecher-Duncan',,,True,True,False,584,40,1.2805348229999254,SELECT T1.colour FROM colour AS T1 INNER JOIN superhero AS T2 ON T1.id = T2.eye_colour_id WHERE T2.full_name = 'Karen Beecher-Duncan',,,True,True,False,559,40,2.683255895000002,SELECT T1.colour FROM colour AS T1 INNER JOIN superhero AS T2 ON T1.id = T2.eye_colour_id WHERE T2.full_name = 'Karen Beecher-Duncan',,,True,True,True,584,40,2.74889846699989,SELECT T2.colour FROM superhero AS T1 INNER JOIN colour AS T2 ON T1.eye_colour_id = T2.id WHERE T1.full_name = 'Karen Beecher-Duncan',,,True,True,True,True,True,True,True,True,both_correct,both_correct,both_correct,both_correct
292,292,superhero,challenging,"In superheroes with missing weight data, calculate the difference between the number of superheroes with blue eyes and no eye color.","missing weight data refers to weight_kg = 0 OR T1.weight_kg = NULL; difference = SUBTRACT(SUM(colour.id = 7), SUM(colour.id = 1)); blue eyes refers to eye_colour_id WHERE colour.id = 7; no eye color refers to eye_colour_id WHERE colour.id = 1;",SELECT SUM(CASE WHEN T2.id = 7 THEN 1 ELSE 0 END) - SUM(CASE WHEN T2.id = 1 THEN 1 ELSE 0 END) FROM superhero AS T1 INNER JOIN colour AS T2 ON T1.eye_colour_id = T2.id WHERE T1.weight_kg = 0 OR T1.weight_kg is NULL,True,False,False,563,83,2.675197614999888,SELECT SUM(CASE WHEN T1.eye_colour_id = ( SELECT id FROM colour WHERE colour = 'blue' ) THEN 1 ELSE 0 END) - SUM(CASE WHEN T1.eye_colour_id IS NULL THEN 1 ELSE 0 END) AS diff FROM superhero AS T1 LEFT JOIN colour AS T2 ON T1.eye_colour_id = T2.id WHERE T1.weight_kg IS NULL,,,False,False,False,631,83,2.6449329030001536,SELECT SUM(CASE WHEN T2.eye_colour_id = 7 THEN 1 ELSE 0 END) - SUM(CASE WHEN T2.eye_colour_id = 1 THEN 1 ELSE 0 END) AS difference FROM superhero AS T1 INNER JOIN colour AS T2 ON T1.eye_colour_id = T2.id WHERE T1.weight_kg IS NULL OR T1.weight_kg = 0,no such column: T2.eye_colour_id,,True,False,False,563,71,4.795855800000027,SELECT COUNT(CASE WHEN T1.eye_colour_id = 2 THEN T1.id ELSE NULL END) - COUNT(CASE WHEN T1.eye_colour_id IS NULL THEN T1.id ELSE NULL END) FROM superhero AS T1 INNER JOIN colour AS T2 ON T1.eye_colour_id = T2.id WHERE T1.weight_kg IS NULL,,,False,False,False,631,81,5.540169713999603,SELECT SUM(CASE WHEN T2.eye_colour_id = 7 THEN 1 ELSE 0 END) - SUM(CASE WHEN T2.eye_colour_id = 1 THEN 1 ELSE 0 END) FROM superhero AS T1 INNER JOIN colour AS T2 ON T1.eye_colour_id = T2.id WHERE T1.weight_kg IS NULL OR T1.weight_kg = 0,no such column: T2.eye_colour_id,,False,True,False,False,False,True,False,False,both_wrong,both_wrong,both_wrong,both_wrong
293,293,superhero,moderate,How many green-skinned villains are there in the superhero universe?,green-skinned refers to colour.colour = 'Green' WHERE skin_colour_id = colour.id; villains refers to alignment = 'Bad';,SELECT COUNT(T1.id) FROM superhero AS T1 INNER JOIN alignment AS T2 ON T1.alignment_id = T2.id INNER JOIN colour AS T3 ON T1.skin_colour_id = T3.id WHERE T2.alignment = 'Bad' AND T3.colour = 'Green',True,False,False,553,59,1.8643072659999689,SELECT COUNT(*) FROM superhero AS T1 INNER JOIN colour AS T2 ON T1.skin_colour_id = T2.id INNER JOIN alignment AS T3 ON T1.alignment_id = T3.id WHERE T2.colour = 'green' AND T3.alignment = 'villain',,,True,True,False,579,57,1.7823881039998923,SELECT COUNT(*) FROM superhero AS T1 INNER JOIN alignment AS T2 ON T1.alignment_id = T2.id INNER JOIN colour AS T3 ON T1.skin_colour_id = T3.id WHERE T2.alignment = 'Bad' AND T3.colour = 'Green',,,True,False,False,553,45,3.0392014039998685,SELECT COUNT(T1.id) FROM superhero AS T1 INNER JOIN colour AS T2 ON T1.skin_colour_id = T2.id WHERE T2.colour = 'green' AND T1.alignment_id = 3,,,True,True,True,579,60,4.118364251000457,SELECT COUNT(T1.id) FROM superhero AS T1 INNER JOIN alignment AS T2 ON T1.alignment_id = T2.id INNER JOIN colour AS T3 ON T1.skin_colour_id = T3.id WHERE T2.alignment = 'Bad' AND T3.colour = 'Green',,,False,True,True,True,False,True,True,True,improved,improved,both_wrong,both_correct
294,294,superhero,moderate,Identify superheroes who can control wind and list their names in alphabetical order.,superheroes refers to superhero_name; can control wind refers to power_name = 'Wind Control';,SELECT T1.superhero_name FROM superhero AS T1 INNER JOIN hero_power AS T2 ON T1.id = T2.hero_id INNER JOIN superpower AS T3 ON T2.power_id = T3.id WHERE T3.power_name = 'Wind Control' ORDER BY T1.superhero_name,True,True,False,555,62,1.8943204219999643,SELECT T1.superhero_name FROM superhero AS T1 INNER JOIN hero_power AS T2 ON T1.id = T2.hero_id INNER JOIN superpower AS T3 ON T2.power_id = T3.id WHERE T3.power_name = 'Wind Control' ORDER BY T1.superhero_name ASC,,,True,True,False,572,62,1.9311105279998628,SELECT T1.superhero_name FROM superhero AS T1 INNER JOIN hero_power AS T2 ON T1.id = T2.hero_id INNER JOIN superpower AS T3 ON T2.power_id = T3.id WHERE T3.power_name = 'Wind Control' ORDER BY T1.superhero_name ASC,,,True,True,False,555,62,4.187612591999823,SELECT T1.superhero_name FROM superhero AS T1 INNER JOIN hero_power AS T2 ON T1.id = T2.hero_id INNER JOIN superpower AS T3 ON T2.power_id = T3.id WHERE T3.power_name = 'Wind Control' ORDER BY T1.superhero_name ASC,,,True,True,False,572,62,4.234680073000163,SELECT T1.superhero_name FROM superhero AS T1 INNER JOIN hero_power AS T2 ON T1.id = T2.hero_id INNER JOIN superpower AS T3 ON T2.power_id = T3.id WHERE T3.power_name = 'Wind Control' ORDER BY T1.superhero_name ASC,,,True,True,True,True,True,True,True,True,both_correct,both_correct,both_correct,both_correct
295,295,superhero,moderate,Identify the gender of the superhero who has the ability of Phoenix Force.,ability of Phoenix Force refers to power_name = 'Phoenix Force';,SELECT T4.gender FROM superhero AS T1 INNER JOIN hero_power AS T2 ON T1.id = T2.hero_id INNER JOIN superpower AS T3 ON T2.power_id = T3.id INNER JOIN gender AS T4 ON T1.gender_id = T4.id WHERE T3.power_name = 'Phoenix Force',True,True,False,555,67,2.0640778610002144,SELECT T1.gender FROM gender AS T1 INNER JOIN superhero AS T2 ON T1.id = T2.gender_id INNER JOIN hero_power AS T3 ON T2.id = T3.hero_id INNER JOIN superpower AS T4 ON T3.power_id = T4.id WHERE T4.power_name = 'Phoenix Force',,,True,True,False,566,67,2.077894763999666,SELECT T1.gender FROM gender AS T1 INNER JOIN superhero AS T2 ON T1.id = T2.gender_id INNER JOIN hero_power AS T3 ON T2.id = T3.hero_id INNER JOIN superpower AS T4 ON T3.power_id = T4.id WHERE T4.power_name = 'Phoenix Force',,,False,False,False,555,52,3.547480975000326,SELECT T3.gender FROM superpower AS T1 INNER JOIN hero_power AS T2 ON T1.id = T2.power_id INNER JOIN superhero AS T3 ON T2.hero_id = T3.id WHERE T1.power_name = 'Phoenix Force',no such column: T3.gender,,False,False,False,566,52,3.5789222140001584,SELECT T3.gender FROM superpower AS T1 INNER JOIN hero_power AS T2 ON T1.id = T2.power_id INNER JOIN superhero AS T3 ON T2.hero_id = T3.id WHERE T1.power_name = 'Phoenix Force',no such column: T3.gender,,True,True,True,True,False,False,False,False,both_correct,both_wrong,regressed,regressed
296,296,superhero,challenging,Which publisher created more superheroes: DC or Marvel Comics? Find the difference in the number of superheroes.,"DC refers to publisher_name = 'DC Comics'; Marvel Comics refers to publisher_name = 'Marvel Comics'; difference = SUBTRACT(SUM(publisher_name = 'DC Comics'), SUM(publisher_name = 'Marvel Comics'));",SELECT SUM(CASE WHEN T2.publisher_name = 'DC Comics' THEN 1 ELSE 0 END) - SUM(CASE WHEN T2.publisher_name = 'Marvel Comics' THEN 1 ELSE 0 END) FROM superhero AS T1 INNER JOIN publisher AS T2 ON T1.publisher_id = T2.id,True,True,False,560,67,2.0894800239998403,SELECT SUM(CASE WHEN T1.publisher_name = 'DC Comics' THEN 1 ELSE 0 END) - SUM(CASE WHEN T1.publisher_name = 'Marvel Comics' THEN 1 ELSE 0 END) AS diff FROM publisher AS T1 INNER JOIN superhero AS T2 ON T1.id = T2.publisher_id,,,True,True,False,602,67,2.0774155310000424,SELECT SUM(CASE WHEN T2.publisher_name = 'DC Comics' THEN 1 ELSE 0 END) - SUM(CASE WHEN T2.publisher_name = 'Marvel Comics' THEN 1 ELSE 0 END) AS difference FROM superhero AS T1 INNER JOIN publisher AS T2 ON T1.publisher_id = T2.id,,,True,True,True,560,65,4.397495190999507,SELECT SUM(CASE WHEN T2.publisher_name = 'DC Comics' THEN 1 ELSE 0 END) - SUM(CASE WHEN T2.publisher_name = 'Marvel Comics' THEN 1 ELSE 0 END) FROM superhero AS T1 INNER JOIN publisher AS T2 ON T1.publisher_id = T2.id,,,True,True,True,602,65,4.399269645000459,SELECT SUM(CASE WHEN T2.publisher_name = 'DC Comics' THEN 1 ELSE 0 END) - SUM(CASE WHEN T2.publisher_name = 'Marvel Comics' THEN 1 ELSE 0 END) FROM superhero AS T1 INNER JOIN publisher AS T2 ON T1.publisher_id = T2.id,,,True,True,True,True,True,True,True,True,both_correct,both_correct,both_correct,both_correct
297,297,codebase_community,simple,"Which user has a higher reputation, Harlan or Jarrod Dixon?","""Harlan"" and ""Jarrod Dixon"" are both DisplayName; highest reputation refers to Max(Reputation)","SELECT DisplayName FROM users WHERE DisplayName IN ('Harlan', 'Jarrod Dixon') AND Reputation = ( SELECT MAX(Reputation) FROM users WHERE DisplayName IN ('Harlan', 'Jarrod Dixon') )",True,True,False,992,24,0.7847686339998745,"SELECT DisplayName FROM users WHERE DisplayName IN ('Harlan', 'Jarrod Dixon') ORDER BY Reputation DESC LIMIT 1",,,True,True,False,1013,24,0.7930983440001,"SELECT DisplayName FROM users WHERE DisplayName IN ('Harlan', 'Jarrod Dixon') ORDER BY Reputation DESC LIMIT 1",,,True,True,False,992,27,1.886345515999892,SELECT DisplayName FROM users WHERE DisplayName = 'Harlan' OR DisplayName = 'Jarrod Dixon' ORDER BY Reputation DESC LIMIT 1,,,True,True,False,1013,27,1.8943406340004003,SELECT DisplayName FROM users WHERE DisplayName = 'Harlan' OR DisplayName = 'Jarrod Dixon' ORDER BY Reputation DESC LIMIT 1,,,True,True,True,True,True,True,True,True,both_correct,both_correct,both_correct,both_correct
298,298,codebase_community,simple,Please list the display names of all the users whose accounts were created in the year 2011.,account created in the year 2011 refers to year(CreationDate) = 2011,"SELECT DisplayName FROM users WHERE STRFTIME('%Y', CreationDate) = '2011'",True,True,True,1000,22,0.7369276179999815,"SELECT DisplayName FROM users WHERE STRFTIME('%Y', CreationDate) = '2011'",,,True,True,True,1022,22,0.7411131100002422,"SELECT DisplayName FROM users WHERE STRFTIME('%Y', CreationDate) = '2011'",,,True,True,True,1000,22,1.5441887169999973,"SELECT DisplayName FROM users WHERE STRFTIME('%Y', CreationDate) = '2011'",,,True,True,True,1022,22,1.5372808220008665,"SELECT DisplayName FROM users WHERE STRFTIME('%Y', CreationDate) = '2011'",,,True,True,True,True,True,True,True,True,both_correct,both_correct,both_correct,both_correct
299,299,codebase_community,simple,How many users last accessed the website after 2014/9/1?,last accessed after 2014/9/1 refers to LastAccessDate > '2014-09-01',SELECT COUNT(Id) FROM users WHERE date(LastAccessDate) > '2014-09-01',True,False,False,996,24,0.8116104299999733,SELECT COUNT(Id) FROM users WHERE LastAccessDate > '2014-09-01',,,True,False,False,1024,24,0.8222902709999289,SELECT COUNT(Id) FROM users WHERE LastAccessDate > '2014-09-01',,,True,False,False,996,24,1.6775395119993846,SELECT COUNT(Id) FROM users WHERE LastAccessDate > '2014-09-01',,,True,False,False,1024,24,1.696064013999603,SELECT COUNT(Id) FROM users WHERE LastAccessDate > '2014-09-01',,,False,True,False,True,False,True,False,True,both_wrong,both_wrong,both_wrong,both_wrong
300,300,codebase_community,simple,"Who is the owner of the post ""Eliciting priors from experts""?","""Eliciting priors from experts"" is the Title of post; owner refers to DisplayName",SELECT T2.DisplayName FROM posts AS T1 INNER JOIN users AS T2 ON T1.OwnerUserId = T2.Id WHERE T1.Title = 'Eliciting priors from experts',True,False,False,994,18,0.6224930319999658,SELECT OwnerDisplayName FROM posts WHERE Title = 'Eliciting priors from experts',,,True,False,False,1011,18,0.6213074359998245,SELECT OwnerDisplayName FROM posts WHERE Title = 'Eliciting priors from experts',,,True,True,False,994,39,2.7050133350003307,SELECT T1.DisplayName FROM users AS T1 INNER JOIN posts AS T2 ON T1.Id = T2.OwnerUserId WHERE T2.Title = 'Eliciting priors from experts',,,True,True,False,1011,39,2.766058697000517,SELECT T1.DisplayName FROM users AS T1 INNER JOIN posts AS T2 ON T1.Id = T2.OwnerUserId WHERE T2.Title = 'Eliciting priors from experts',,,False,True,False,True,True,True,True,True,both_wrong,both_correct,improved,improved
301,301,codebase_community,simple,How many posts does the user csgillespie own?,"""csgillespie"" is the DisplayName of user",SELECT COUNT(T1.id) FROM posts AS T1 INNER JOIN users AS T2 ON T1.OwnerUserId = T2.Id WHERE T2.DisplayName = 'csgillespie',True,False,False,990,17,0.5788179060000402,SELECT COUNT(Id) FROM posts WHERE OwnerDisplayName = 'csgillespie',,,True,False,False,999,17,0.5959242940002696,SELECT COUNT(Id) FROM posts WHERE OwnerDisplayName = 'csgillespie',,,True,True,True,990,38,2.665451920999658,SELECT COUNT(T1.Id) FROM posts AS T1 INNER JOIN users AS T2 ON T1.OwnerUserId = T2.Id WHERE T2.DisplayName = 'csgillespie',,,True,True,True,999,38,2.6481207289998565,SELECT COUNT(T1.Id) FROM posts AS T1 INNER JOIN users AS T2 ON T1.OwnerUserId = T2.Id WHERE T2.DisplayName = 'csgillespie',,,False,True,False,True,True,True,True,True,both_wrong,both_correct,improved,improved
302,302,codebase_community,moderate,"What is the display name of the user who last edited the post ""Examples for teaching: Correlation does not mean causation""?","""Examples for teaching: Correlation does not mean causation"" is the Title of post; user who last edited refers to LastEditorUserId",SELECT T2.DisplayName FROM posts AS T1 INNER JOIN users AS T2 ON T1.LastEditorUserId = T2.Id WHERE T1.Title = 'Examples for teaching: Correlation does not mean causation',False,False,False,1004,46,1.4767024269999638,SELECT T2.LastEditorDisplayName FROM posts AS T1 INNER JOIN users AS T2 ON T1.LastEditorUserId = T2.Id WHERE T1.Title = 'Examples for teaching: Correlation does not mean causation',no such column: T2.LastEditorDisplayName,,True,True,False,1031,44,1.4212375670003894,SELECT T1.DisplayName FROM users AS T1 INNER JOIN posts AS T2 ON T1.Id = T2.LastEditorUserId WHERE T2.Title = 'Examples for teaching: Correlation does not mean causation',,,False,False,False,1004,46,3.1942570820001492,SELECT T2.LastEditorDisplayName FROM posts AS T1 INNER JOIN users AS T2 ON T1.LastEditorUserId = T2.Id WHERE T1.Title = 'Examples for teaching: Correlation does not mean causation',no such column: T2.LastEditorDisplayName,,True,True,True,1031,44,3.1088344370000414,SELECT T2.DisplayName FROM posts AS T1 INNER JOIN users AS T2 ON T1.LastEditorUserId = T2.Id WHERE T1.Title = 'Examples for teaching: Correlation does not mean causation',,,False,False,True,True,False,False,True,True,improved,improved,both_wrong,both_correct
303,303,codebase_community,simple,"Among the posts owned by an elder user, how many of them have a score of over 19?",elder users refers to Age > 65; Score of over 19 refers to Score > = 20,SELECT COUNT(T1.Id) FROM posts AS T1 INNER JOIN users AS T2 ON T1.OwnerUserId = T2.Id WHERE T1.Score >= 20 AND T2.Age > 65,True,False,False,1000,43,1.3783430800001497,SELECT COUNT(T2.Id) FROM users AS T1 INNER JOIN posts AS T2 ON T1.Id = T2.OwnerUserId WHERE T1.Age > 60 AND T2.Score > 19,,,True,True,False,1023,43,1.3758756590000303,SELECT COUNT(T1.Id) FROM posts AS T1 INNER JOIN users AS T2 ON T1.OwnerUserId = T2.Id WHERE T2.Age > 65 AND T1.Score >= 20,,,True,False,False,1000,43,2.962536500999704,SELECT COUNT(T2.Id) FROM users AS T1 INNER JOIN posts AS T2 ON T1.Id = T2.OwnerUserId WHERE T1.Age > 30 AND T2.Score > 19,,,True,True,False,1023,43,2.9993961360005414,SELECT COUNT(T1.Id) FROM posts AS T1 INNER JOIN users AS T2 ON T1.OwnerUserId = T2.Id WHERE T2.Age > 65 AND T1.Score >= 20,,,False,True,True,True,False,True,True,True,improved,improved,both_wrong,both_correct
304,304,codebase_community,simple,"From which post is the tag ""bayesian"" excerpted from? Please give the body of the post.","""bayesian"" is the TagName; excerpt from refers to ExcerptPostId",SELECT T2.Body FROM tags AS T1 INNER JOIN posts AS T2 ON T2.Id = T1.ExcerptPostId WHERE T1.TagName = 'bayesian',True,True,False,1000,37,1.2101541550000547,SELECT T1.Body FROM posts AS T1 INNER JOIN tags AS T2 ON T1.Id = T2.ExcerptPostId WHERE T2.TagName = 'bayesian',,,True,True,False,1016,37,1.2012150700002167,SELECT T1.Body FROM posts AS T1 INNER JOIN tags AS T2 ON T1.Id = T2.ExcerptPostId WHERE T2.TagName = 'bayesian',,,True,True,False,1000,37,2.55114270499962,SELECT T2.Body FROM tags AS T1 INNER JOIN posts AS T2 ON T1.ExcerptPostId = T2.Id WHERE T1.TagName = 'bayesian',,,True,True,False,1016,37,2.578364514999521,SELECT T2.Body FROM tags AS T1 INNER JOIN posts AS T2 ON T1.ExcerptPostId = T2.Id WHERE T1.TagName = 'bayesian',,,True,True,True,True,True,True,True,True,both_correct,both_correct,both_correct,both_correct
305,305,codebase_community,simple,What is the average score of the posts owned by the user csgillespie?,"""csgillespie"" is the DisplayName of user; average score refers to AVG(Score)",SELECT AVG(T1.Score) FROM posts AS T1 INNER JOIN users AS T2 ON T1.OwnerUserId = T2.Id WHERE T2.DisplayName = 'csgillespie',True,False,False,995,18,0.6103581450001911,SELECT AVG(Score) FROM posts WHERE OwnerDisplayName = 'csgillespie',,,True,True,False,1012,38,1.233151929000087,SELECT AVG(T2.Score) FROM users AS T1 INNER JOIN posts AS T2 ON T1.Id = T2.OwnerUserId WHERE T1.DisplayName = 'csgillespie',,,True,True,False,995,38,2.65333081999961,SELECT AVG(T2.Score) FROM users AS T1 INNER JOIN posts AS T2 ON T1.Id = T2.OwnerUserId WHERE T1.DisplayName = 'csgillespie',,,True,True,False,1012,49,3.436724606000098,SELECT CAST(SUM(T2.Score) AS REAL) / COUNT(T1.Id) FROM users AS T1 INNER JOIN posts AS T2 ON T1.Id = T2.OwnerUserId WHERE T1.DisplayName = 'csgillespie',,,False,True,True,True,True,True,True,True,improved,both_correct,improved,both_correct
306,306,codebase_community,moderate,"Among the posts with a score of over 5, what is the percentage of them being owned by an elder user?","score of over 5 refers to Score > 5; elder user refers to Age > 65; percentage = Divide (Count(Id where Age>65), Count(Id)) * 100","SELECT CAST(SUM(IIF(T2.Age > 65, 1, 0)) AS REAL) * 100 / COUNT(T1.Id) FROM posts AS T1 INNER JOIN users AS T2 ON T1.OwnerUserId = T2.Id WHERE T1.Score > 5",True,False,False,1002,64,2.0283585810000204,SELECT CAST(SUM(CASE WHEN T2.Age > 60 THEN 1 ELSE 0 END) AS REAL) * 100 / COUNT(T1.Id) FROM posts AS T1 INNER JOIN users AS T2 ON T1.OwnerUserId = T2.Id WHERE T1.Score > 5,,,True,True,False,1043,64,2.0295006810001723,SELECT CAST(SUM(CASE WHEN T2.Age > 65 THEN 1 ELSE 0 END) AS REAL) * 100 / COUNT(T1.Id) FROM posts AS T1 INNER JOIN users AS T2 ON T1.OwnerUserId = T2.Id WHERE T1.Score > 5,,,True,False,False,1002,64,4.392395739999301,SELECT CAST(SUM(CASE WHEN T2.Age > 30 THEN 1 ELSE 0 END) AS REAL) * 100 / COUNT(T1.Id) FROM posts AS T1 INNER JOIN users AS T2 ON T1.OwnerUserId = T2.Id WHERE T1.Score > 5,,,True,True,False,1043,64,4.459551647999433,SELECT CAST(SUM(CASE WHEN T2.Age > 65 THEN 1 ELSE 0 END) AS REAL) * 100 / COUNT(T1.Id) FROM posts AS T1 INNER JOIN users AS T2 ON T1.OwnerUserId = T2.Id WHERE T1.Score > 5,,,False,True,True,True,False,True,True,True,improved,improved,both_wrong,both_correct
307,307,codebase_community,moderate,"User No.3025 gave a comment at 20:29:39 on 2014/4/23 to a post, how many favorite counts did that post get?",user no. 3025 refers to UserId = '3025'; comment at 20:29:39 on 2014/4/23 refers to CreationDate = '2014/4/23 20:29:39.0',SELECT T1.FavoriteCount FROM posts AS T1 INNER JOIN comments AS T2 ON T1.Id = T2.PostId WHERE T2.CreationDate = '2014-04-23 20:29:39.0' AND T2.UserId = 3025,True,True,False,1022,56,1.7751075580001725,SELECT T2.FavoriteCount FROM comments AS T1 INNER JOIN posts AS T2 ON T1.PostId = T2.Id WHERE T1.CreationDate LIKE '2014-04-23%' AND T1.UserId = 3025,,,True,False,False,1087,65,2.0786253659998692,SELECT T2.FavoriteCount FROM comments AS T1 INNER JOIN posts AS T2 ON T1.PostId = T2.Id WHERE T1.CreationDate = '2014-04-23 20:29:39' AND T1.UserId = 3025,,,True,False,False,1022,64,4.441808747000323,SELECT T2.FavoriteCount FROM postHistory AS T1 INNER JOIN posts AS T2 ON T1.PostId = T2.Id WHERE T1.CreationDate LIKE '2014-04-23%' AND T1.UserId = 3025 AND T1.Comment IS NOT NULL,,,True,False,False,1087,65,4.494594312999652,SELECT T2.FavoriteCount FROM comments AS T1 INNER JOIN posts AS T2 ON T1.PostId = T2.Id WHERE T1.CreationDate = '2014-04-23T20:29:39' AND T1.UserId = 3025,,,True,True,False,True,False,True,False,True,regressed,both_wrong,regressed,both_wrong
308,308,codebase_community,moderate,"User No.23853 gave a comment to a post at 9:08:18 on 2013/7/12, was that post well-finished?",user no. 23853 refers to UserId = '23853'; at 9:08:18 on 2013/7/12 refers to CreationDate = '2013-07-12 09:08:18.0'; not well-finished refers to ClosedDate IS NULL and vice versa,"SELECT IIF(T2.ClosedDate IS NULL, 'NOT well-finished', 'well-finished') AS resylt FROM comments AS T1 INNER JOIN posts AS T2 ON T1.PostId = T2.Id WHERE T1.UserId = 23853 AND T1.CreationDate = '2013-07-12 09:08:18.0'",True,False,False,1020,60,1.977462757000012,SELECT CASE WHEN EXISTS ( SELECT 1 FROM comments WHERE UserId = 23853 AND CreationDate = '2013-07-12 09:08:18' ) THEN 'Yes' ELSE 'No' END AS IsWellFinished;,,,True,True,False,1100,87,2.81368712099993,SELECT CASE WHEN T2.ClosedDate IS NULL THEN 'not well-finished' ELSE 'well-finished' END AS status FROM comments AS T1 INNER JOIN posts AS T2 ON T1.PostId = T2.Id WHERE T1.CreationDate = '2013-07-12 09:08:18.0' AND T1.UserId = 23853,,,False,False,False,1020,79,5.4605942590005725,SELECT CASE WHEN T2.CreationDate = '2013-07-12T09:08:18' THEN 'Yes' ELSE 'No' END FROM postHistory AS T1 INNER JOIN posts AS T2 ON T1.PostId = T2.Id WHERE T1.UserId = 23853 AND T1.Comment IS NOT NULL,no such column: T2.CreationDate,,True,False,False,1100,86,5.956288977999975,SELECT CASE WHEN T2.ClosedDate IS NULL THEN 'not well-finished' ELSE 'well-finished' END FROM postHistory AS T1 INNER JOIN posts AS T2 ON T1.PostId = T2.Id WHERE T1.CreationDate = '2013-07-12 09:08:18.0' AND T1.UserId = 23853,,,False,True,True,True,False,False,False,True,improved,both_wrong,both_wrong,regressed
309,309,codebase_community,simple,"For the user with the display name of ""Tiago Pasqualini"", how many posts did he/she own?","""Tiago Pasqualini"" is the DisplayName;",SELECT COUNT(T1.Id) FROM users AS T1 INNER JOIN posts AS T2 ON T1.Id = T2.OwnerUserId WHERE T1.DisplayName = 'Tiago Pasqualini',True,False,False,1001,18,0.6322729519999939,SELECT COUNT(Id) FROM posts WHERE OwnerDisplayName = 'Tiago Pasqualini',,,True,False,False,1010,18,0.6054602949998298,SELECT COUNT(Id) FROM posts WHERE OwnerDisplayName = 'Tiago Pasqualini',,,True,True,False,1001,39,2.7081025500001488,SELECT COUNT(T1.Id) FROM posts AS T1 INNER JOIN users AS T2 ON T1.OwnerUserId = T2.Id WHERE T2.DisplayName = 'Tiago Pasqualini',,,True,True,False,1010,39,2.7417649770004573,SELECT COUNT(T2.Id) FROM users AS T1 INNER JOIN posts AS T2 ON T1.Id = T2.OwnerUserId WHERE T1.DisplayName = 'Tiago Pasqualini',,,False,True,False,True,True,True,True,True,both_wrong,both_correct,improved,improved
310,310,codebase_community,simple,Provide the display name of the user who made the vote No.6347.,vote no. 6347 refers to Id = '6347',SELECT T1.DisplayName FROM users AS T1 INNER JOIN votes AS T2 ON T1.Id = T2.UserId WHERE T2.Id = 6347,True,True,True,996,34,1.10189781400004,SELECT T1.DisplayName FROM users AS T1 INNER JOIN votes AS T2 ON T1.Id = T2.UserId WHERE T2.Id = 6347,,,True,True,True,1012,34,1.080655033000312,SELECT T1.DisplayName FROM users AS T1 INNER JOIN votes AS T2 ON T1.Id = T2.UserId WHERE T2.Id = 6347,,,True,True,False,996,34,2.404166575999625,SELECT T2.DisplayName FROM votes AS T1 INNER JOIN users AS T2 ON T1.UserId = T2.Id WHERE T1.Id = 6347,,,True,True,False,1012,34,2.3818893710003977,SELECT T2.DisplayName FROM votes AS T1 INNER JOIN users AS T2 ON T1.UserId = T2.Id WHERE T1.Id = 6347,,,True,True,True,True,True,True,True,True,both_correct,both_correct,both_correct,both_correct
311,311,codebase_community,moderate,"For the user No.24, how many times is the number of his/her posts compared to his/her votes?","user no. 24 refers to UserId = OwnerUserId = '24'; times of his/her post than votes = Divide (Count(post.Id), Count(votes.Id))",SELECT CAST(COUNT(DISTINCT T2.Id) AS REAL) / COUNT(DISTINCT T1.Id) FROM votes AS T1 INNER JOIN posts AS T2 ON T1.UserId = T2.OwnerUserId WHERE T1.UserId = 24,True,False,False,1002,41,1.3222791019998112,SELECT COUNT(posts.Id) / COUNT(votes.PostId) FROM users INNER JOIN posts ON users.Id = posts.OwnerUserId INNER JOIN votes ON users.Id = votes.UserId WHERE users.Id = 24,,,True,False,False,1036,37,1.1724334000000454,SELECT CAST(COUNT(posts.Id) AS REAL) / COUNT(votes.Id) FROM posts INNER JOIN votes ON posts.Id = votes.PostId WHERE posts.OwnerUserId = 24,,,False,False,False,1002,50,3.478423641000518,SELECT CAST(COUNT(T1.Id) AS REAL) / COUNT(DISTINCT T2.PostId) FROM users AS T1 INNER JOIN posts AS T2 ON T1.Id = T2.OwnerUserId WHERE T1.Id = 24,no such column: T2.PostId,,True,False,False,1036,51,3.5436938170005305,SELECT CAST(COUNT(T1.Id) AS REAL) / COUNT(DISTINCT T2.PostId) FROM posts AS T1 INNER JOIN votes AS T2 ON T1.Id = T2.PostId WHERE T1.OwnerUserId = 24,,,False,True,False,True,False,False,False,True,both_wrong,both_wrong,both_wrong,both_wrong
312,312,codebase_community,moderate,How many views did the post titled 'Integration of Weka and/or RapidMiner into Informatica PowerCenter/Developer' get?,"""Integration of Weka and/or RapidMiner into Informatica PowerCenter/Developer"" is the Title of post; views refers to ViewCount",SELECT ViewCount FROM posts WHERE Title = 'Integration of Weka and/or RapidMiner into Informatica PowerCenter/Developer',True,True,True,1005,27,0.8935310910001135,SELECT ViewCount FROM posts WHERE Title = 'Integration of Weka and/or RapidMiner into Informatica PowerCenter/Developer',,,True,True,True,1033,27,0.879607040999872,SELECT ViewCount FROM posts WHERE Title = 'Integration of Weka and/or RapidMiner into Informatica PowerCenter/Developer',,,True,True,True,1005,27,1.9171169620003639,SELECT ViewCount FROM posts WHERE Title = 'Integration of Weka and/or RapidMiner into Informatica PowerCenter/Developer',,,True,True,True,1033,27,1.933511623999948,SELECT ViewCount FROM posts WHERE Title = 'Integration of Weka and/or RapidMiner into Informatica PowerCenter/Developer',,,True,True,True,True,True,True,True,True,both_correct,both_correct,both_correct,both_correct
313,313,codebase_community,simple,Write the contents of comments with a score of 17.,score of 17 refers to Score = 17; contents of comments refers to Text,SELECT Text FROM comments WHERE Score = 17,True,True,True,991,11,0.3965469469999334,SELECT Text FROM comments WHERE Score = 17,,,True,True,True,1009,11,0.3855555079999249,SELECT Text FROM comments WHERE Score = 17,,,True,True,True,991,11,0.824085852999815,SELECT Text FROM comments WHERE Score = 17,,,True,True,True,1009,11,0.8138819060004607,SELECT Text FROM comments WHERE Score = 17,,,True,True,True,True,True,True,True,True,both_correct,both_correct,both_correct,both_correct
314,314,codebase_community,simple,Name the user that commented 'thank you user93!',"""thank you user93"" is the Text of comment; user refers to DisplayName",SELECT T1.DisplayName FROM users AS T1 INNER JOIN comments AS T2 ON T1.Id = T2.UserId WHERE T2.Text = 'thank you user93!',True,True,False,991,36,1.1595654830000512,SELECT T1.DisplayName FROM users AS T1 INNER JOIN comments AS T2 ON T1.Id = T2.UserId WHERE T2.Text LIKE '%thank you user93!',,,True,False,False,1007,16,0.5384914900000695,SELECT UserDisplayName FROM comments WHERE Text = 'thank you user93!',,,True,True,False,991,37,2.5782422570000563,SELECT DISTINCT T1.DisplayName FROM users AS T1 INNER JOIN comments AS T2 ON T1.Id = T2.UserId WHERE T2.Text LIKE '%thank you user93%',,,True,True,False,1007,37,2.5797826620000706,SELECT DISTINCT T1.DisplayName FROM users AS T1 INNER JOIN comments AS T2 ON T1.Id = T2.UserId WHERE T2.Text LIKE '%thank you user93%',,,True,True,False,True,True,True,True,True,regressed,both_correct,both_correct,improved
315,315,codebase_community,moderate,Which user made a post titled 'Understanding what Dassault iSight is doing?' and how much is the reputation of the user?,"""Understanding what Dassault iSight is doing?"" is the Title of post; user refers to DisplayName;","SELECT T1.DisplayName, T1.Reputation FROM users AS T1 INNER JOIN posts AS T2 ON T1.Id = T2.OwnerUserId WHERE T2.Title = 'Understanding what Dassault iSight is doing?'",True,True,True,1006,47,1.5145986009999888,"SELECT T1.DisplayName, T1.Reputation FROM users AS T1 INNER JOIN posts AS T2 ON T1.Id = T2.OwnerUserId WHERE T2.Title = 'Understanding what Dassault iSight is doing?'",,,True,True,True,1027,47,1.4692075909997584,"SELECT T1.DisplayName, T1.Reputation FROM users AS T1 INNER JOIN posts AS T2 ON T1.Id = T2.OwnerUserId WHERE T2.Title = 'Understanding what Dassault iSight is doing?'",,,False,False,False,1006,47,3.264408959999855,"SELECT T2.DisplayName, T1.Reputation FROM users AS T1 INNER JOIN posts AS T2 ON T1.Id = T2.OwnerUserId WHERE T2.Title = 'Understanding what Dassault iSight is doing?'",no such column: T2.DisplayName,,False,False,False,1027,47,3.2735406290003084,"SELECT T1.DisplayName, T2.Reputation FROM users AS T1 INNER JOIN posts AS T2 ON T1.Id = T2.OwnerUserId WHERE T2.Title = 'Understanding what Dassault iSight is doing?'",no such column: T2.Reputation,,True,True,True,True,False,False,False,False,both_correct,both_wrong,regressed,regressed
316,316,codebase_community,moderate,Who is the owner of the post titled 'Open source tools for visualizing multi-dimensional data?','Open source tools for visualizing multi-dimensional data' is the Title of Post; owner refers to DisplayName;,SELECT T2.DisplayName FROM posts AS T1 INNER JOIN users AS T2 ON T1.OwnerUserId = T2.Id WHERE T1.Title = 'Open source tools for visualizing multi-dimensional data?',True,False,False,997,20,0.6669679870001346,SELECT OwnerDisplayName FROM posts WHERE Title = 'Open source tools for visualizing multi-dimensional data?',,,True,False,False,1017,20,0.6558152519996838,SELECT OwnerDisplayName FROM posts WHERE Title = 'Open source tools for visualizing multi-dimensional data',,,True,True,False,997,41,2.879070247000527,SELECT T1.DisplayName FROM users AS T1 INNER JOIN posts AS T2 ON T1.Id = T2.OwnerUserId WHERE T2.Title = 'Open source tools for visualizing multi-dimensional data?',,,True,False,False,1017,41,2.8665651800001797,SELECT T1.DisplayName FROM users AS T1 INNER JOIN posts AS T2 ON T1.Id = T2.OwnerUserId WHERE T2.Title = 'Open source tools for visualizing multi-dimensional data',,,False,True,False,True,True,True,False,True,both_wrong,regressed,improved,both_wrong
317,317,codebase_community,moderate,Write all the comments left by users who edited the post titled 'Why square the difference instead of taking the absolute value in standard deviation?',"""Why square the difference instead of taking the absolute value in standard deviation?"" is the Title of post;",SELECT T2.Comment FROM posts AS T1 INNER JOIN postHistory AS T2 ON T1.Id = T2.PostId WHERE T1.Title = 'Why square the difference instead of taking the absolute value in standard deviation?',True,False,False,1005,45,1.4275735200001236,SELECT T2.Text FROM posts AS T1 INNER JOIN comments AS T2 ON T1.Id = T2.PostId WHERE T1.Title = 'Why square the difference instead of taking the absolute value in standard deviation?',,,True,False,False,1023,45,1.4033887599998707,SELECT T2.Text FROM posts AS T1 INNER JOIN comments AS T2 ON T1.Id = T2.PostId WHERE T1.Title = 'Why square the difference instead of taking the absolute value in standard deviation?',,,True,False,False,1005,64,4.41664252999999,SELECT T2.Text FROM posts AS T1 INNER JOIN comments AS T2 ON T1.Id = T2.PostId WHERE T1.Title = 'Why square the difference instead of taking the absolute value in standard deviation?' AND T2.UserId IN ( SELECT UserId FROM postHistory WHERE PostId = T1.Id ),,,True,False,False,1023,45,3.150589351000235,SELECT T2.Text FROM posts AS T1 INNER JOIN comments AS T2 ON T1.Id = T2.PostId WHERE T1.Title = 'Why square the difference instead of taking the absolute value in standard deviation?',,,False,True,False,True,False,True,False,True,both_wrong,both_wrong,both_wrong,both_wrong
318,318,codebase_community,challenging,Which user added a bounty amount of 50 to the post title mentioning variance?,bounty amount of 50 refers to BountyAmount = 50; user refers to DisplayName; title mentioning variance refers to Title include 'variance',"SELECT T3.DisplayName, T1.Title FROM posts AS T1 INNER JOIN votes AS T2 ON T1.Id = T2.PostId INNER JOIN users AS T3 ON T3.Id = T2.UserId WHERE T2.BountyAmount = 50 AND T1.Title LIKE '%variance%'",True,False,False,995,58,1.880139958999962,SELECT T1.DisplayName FROM users AS T1 INNER JOIN votes AS T2 ON T1.Id = T2.UserId INNER JOIN posts AS T3 ON T2.PostId = T3.Id WHERE T2.BountyAmount = 50 AND T3.Title LIKE '%variance%',,,True,False,False,1025,58,1.8611805370001093,SELECT T1.DisplayName FROM users AS T1 INNER JOIN votes AS T2 ON T1.Id = T2.UserId INNER JOIN posts AS T3 ON T2.PostId = T3.Id WHERE T2.BountyAmount = 50 AND T3.Title LIKE '%variance%',,,True,False,False,995,53,3.660847174999617,SELECT T1.DisplayName FROM users AS T1 INNER JOIN votes AS T2 ON T1.Id = T2.UserId WHERE T2.BountyAmount = 50 AND T2.PostId IN ( SELECT Id FROM posts WHERE Title LIKE '%variance%' ),,,True,False,False,1025,53,3.7073282100000142,SELECT T1.DisplayName FROM users AS T1 INNER JOIN votes AS T2 ON T1.Id = T2.UserId WHERE T2.BountyAmount = 50 AND T2.PostId IN ( SELECT Id FROM posts WHERE Title LIKE '%variance%' ),,,False,True,False,True,False,True,False,True,both_wrong,both_wrong,both_wrong,both_wrong
319,319,codebase_community,moderate,Calculate the average view count of each post tagged as 'humor' and list the title and the comment of each post.,tagged as  'humor' refers to tag = '<humor>'; comment of the post refers to Text; average view count = AVG(ViewCount),"SELECT AVG(T2.ViewCount), T2.Title, T1.Text FROM comments AS T1 INNER JOIN posts AS T2 ON T2.Id = T1.PostId  WHERE T2.Tags = '<humor>' GROUP BY T2.Title, T1.Text",False,False,False,1003,50,1.6244203420001213,"SELECT AVG(posts.ViewCount), posts.Title, posts.Comment FROM posts INNER JOIN postTags ON posts.Id = postTags.PostId INNER JOIN tags ON postTags.TagId = tags.Id WHERE tags.TagName = 'humor' GROUP BY posts.Id",no such table: postTags,,True,False,False,1033,46,1.5026713209999798,"SELECT AVG(T1.ViewCount), T1.Title, T2.Text FROM posts AS T1 INNER JOIN comments AS T2 ON T1.Id = T2.PostId WHERE T1.Tags LIKE '%<humor>%'",,,True,False,False,1003,56,3.9068846540003506,"SELECT AVG(T1.ViewCount), T1.Title, T2.Comment FROM posts AS T1 INNER JOIN postHistory AS T2 ON T1.Id = T2.PostId WHERE T1.Tags LIKE '%<humor>%' GROUP BY T1.Title, T2.Comment",,,True,False,False,1033,67,4.642765607000001,"SELECT CAST(SUM(T1.ViewCount) AS REAL) / COUNT(T2.PostId), T1.Title, T2.Text FROM posts AS T1 INNER JOIN comments AS T2 ON T1.Id = T2.PostId WHERE T1.Tags LIKE '%<humor>%' GROUP BY T1.Title, T2.Text",,,False,False,False,True,False,True,False,True,both_wrong,both_wrong,both_wrong,both_wrong
320,320,codebase_community,simple,How many users are awarded with more than 5 badges?,more than 5 badges refers to Count (Name) > 5; user refers to UserId,"SELECT COUNT(UserId) FROM ( SELECT UserId, COUNT(Name) AS num FROM badges GROUP BY UserId ) T WHERE T.num > 5",True,False,False,990,19,0.6385856009999316,SELECT COUNT(UserId) FROM badges GROUP BY UserId HAVING COUNT(Id) > 5,,,True,False,False,1008,19,0.6372600089998741,SELECT COUNT(UserId) FROM badges GROUP BY UserId HAVING COUNT(Name) > 5,,,True,False,False,990,20,1.446294981000392,SELECT COUNT(UserId) FROM badges GROUP BY UserId HAVING COUNT(UserId) > 5,,,True,False,False,1008,44,3.0930410470000425,SELECT COUNT(DISTINCT T1.UserId) FROM badges AS T1 INNER JOIN users AS T2 ON T1.UserId = T2.Id GROUP BY T1.Name HAVING COUNT(T1.Name) > 5,,,False,True,False,True,False,True,False,True,both_wrong,both_wrong,both_wrong,both_wrong
321,321,codebase_community,moderate,Which user have only one post history per post and having at least 1000 views?,having at least 1000 view refers to Views > = 1000; user refers to UserId,SELECT T2.UserId FROM users AS T1 INNER JOIN postHistory AS T2 ON T1.Id = T2.UserId INNER JOIN posts AS T3 ON T2.PostId = T3.Id WHERE T3.ViewCount >= 1000 GROUP BY T2.UserId HAVING COUNT(DISTINCT T2.PostHistoryTypeId) = 1,True,False,False,998,55,1.7193495460001031,SELECT u.DisplayName FROM users u JOIN posts p ON u.Id = p.OwnerUserId WHERE p.Id IN ( SELECT ph.PostId FROM postHistory ph GROUP BY ph.PostId HAVING COUNT(ph.Id) = 1 ) AND p.ViewCount >= 1000,,,False,False,False,1021,45,1.4430877170002532,"SELECT u.Id, u.DisplayName FROM users u JOIN posts p ON u.Id = p.OwnerUserId WHERE p.Views >= 1000 GROUP BY u.Id HAVING COUNT(DISTINCT p.Id) = 1",no such column: p.Views,,False,False,False,998,60,4.132775983999636,SELECT T2.DisplayName FROM postHistory AS T1 INNER JOIN users AS T2 ON T1.UserId = T2.Id WHERE T1.PostId IN ( SELECT Id FROM posts GROUP BY Id HAVING COUNT(PostHistoryTypeId) = 1 ) AND T2.Views > 1000,misuse of aggregate: COUNT(),,True,False,False,1021,62,4.296836986999551,SELECT T2.DisplayName FROM postHistory AS T1 INNER JOIN users AS T2 ON T1.UserId = T2.Id WHERE T1.PostId IN ( SELECT PostId FROM postHistory GROUP BY PostId HAVING COUNT(PostId) = 1 ) AND T2.Views >= 1000,,,False,True,False,False,False,False,False,True,both_wrong,both_wrong,both_wrong,both_wrong
322,322,codebase_community,challenging,What is the percentage difference of student badges given during 2010 and 2011?,"student badges refers to badge's name = 'Student'; during 2010 refers to Year(Date) = 2010; during 2011 refers to Year(Date) = 2011; percentage difference = Subtract (Divide(Count(Name where Year(Date) = 2010), Count (Name)) *100, Divide(Count(Name where Year(Date) = 2011), Count(Name)) * 100)","SELECT CAST(SUM(IIF(STRFTIME('%Y', Date) = '2010', 1, 0)) AS REAL) * 100 / COUNT(Id) - CAST(SUM(IIF(STRFTIME('%Y', Date) = '2011', 1, 0)) AS REAL) * 100 / COUNT(Id) FROM badges WHERE Name = 'Student'",True,False,False,1000,109,3.3996941810000862,"SELECT CAST(SUM(CASE WHEN STRFTIME('%Y', Date) = '2011' THEN 1 ELSE 0 END) - SUM(CASE WHEN STRFTIME('%Y', Date) = '2010' THEN 1 ELSE 0 END) AS REAL) * 100 / SUM(CASE WHEN STRFTIME('%Y', Date) IN ('2010', '2011') THEN 1 ELSE 0 END) FROM badges WHERE Name LIKE '%student%'",,,True,False,False,1099,73,2.3107111029999032,"SELECT CAST(SUM(CASE WHEN STRFTIME('%Y', Date) = '2010' THEN 1 ELSE 0 END) AS REAL) / SUM(CASE WHEN STRFTIME('%Y', Date) = '2011' THEN 1 ELSE 0 END) - 1 FROM badges WHERE Name = 'Student'",,,True,False,False,1000,115,7.8615552199999,"SELECT CAST(SUM(CASE WHEN SUBSTR(Date, 1, 4) = '2010' THEN 1 ELSE 0 END) - SUM(CASE WHEN SUBSTR(Date, 1, 4) = '2011' THEN 1 ELSE 0 END) AS REAL) * 100 / SUM(CASE WHEN SUBSTR(Date, 1, 4) IN ('2010', '2011') THEN 1 ELSE 0 END) FROM badges WHERE Name = 'Student'",,,True,False,False,1099,104,7.1554528599999685,"SELECT CAST(SUM(CASE WHEN SUBSTR(T1.Date, -4) = '2010' THEN 1 ELSE 0 END) AS REAL) * 100 / COUNT(T1.Name) - CAST(SUM(CASE WHEN SUBSTR(T1.Date, -4) = '2011' THEN 1 ELSE 0 END) AS REAL) * 100 / COUNT(T1.Name) FROM badges AS T1 WHERE T1.Name = 'Student'",,,False,True,False,True,False,True,False,True,both_wrong,both_wrong,both_wrong,both_wrong
323,323,codebase_community,moderate,What is the average of the up votes and the average user age for users creating more than 10 posts?,"creating more than 10 post refers to Count (UserId) > 10; average of the up votes = Divide (Sum(UpVotes), Count (UserId)); average age = Divide (Sum(Age), Count(UserId))","SELECT AVG(T1.UpVotes), AVG(T1.Age) FROM users AS T1 INNER JOIN ( SELECT OwnerUserId, COUNT(*) AS post_count FROM posts GROUP BY OwnerUserId HAVING post_count > 10) AS T2 ON T1.Id = T2.OwnerUserId",False,False,False,1001,49,1.5556764829998428,"SELECT AVG(T2.UpVotes), AVG(T1.Age) FROM users AS T1 INNER JOIN posts AS T2 ON T1.Id = T2.OwnerUserId GROUP BY T1.Id HAVING COUNT(T2.Id) > 10",no such column: T2.UpVotes,,False,False,False,1047,49,1.5631697270000586,"SELECT AVG(T2.UpVotes), AVG(T1.Age) FROM users AS T1 INNER JOIN posts AS T2 ON T1.Id = T2.OwnerUserId GROUP BY T1.Id HAVING COUNT(T1.Id) > 10",no such column: T2.UpVotes,,True,False,False,1001,62,4.28499180200015,"SELECT CAST(SUM(T2.UpVotes) AS REAL) / COUNT(T2.Id), AVG(T2.Age) FROM posts AS T1 INNER JOIN users AS T2 ON T1.OwnerUserId = T2.Id GROUP BY T1.OwnerUserId HAVING COUNT(T1.OwnerUserId) > 10",,,False,False,False,1047,77,5.321244812999794,"SELECT CAST(SUM(T2.UpVotes) AS REAL) / COUNT(DISTINCT T1.UserId), CAST(SUM(T1.Age) AS REAL) / COUNT(DISTINCT T1.UserId) FROM users AS T1 INNER JOIN posts AS T2 ON T1.Id = T2.OwnerUserId GROUP BY T1.Id HAVING COUNT(T1.Id) > 10",no such column: T1.UserId,,False,False,False,False,False,True,False,False,both_wrong,both_wrong,both_wrong,both_wrong
324,324,codebase_community,simple,Calculate the ratio of votes in 2010 and 2011.,"DIVIDE(COUNT(Id where YEAR(CreationDate) = 2010), COUNT(Id where YEAR(CreationDate) = 2011)) FROM votes;","SELECT CAST(SUM(IIF(STRFTIME('%Y', CreationDate) = '2010', 1, 0)) AS REAL) / SUM(IIF(STRFTIME('%Y', CreationDate) = '2011', 1, 0)) FROM votes",True,False,False,996,63,2.0180047540000032,"SELECT SUM(CASE WHEN STRFTIME('%Y', CreationDate) = '2010' THEN 1 ELSE 0 END) / SUM(CASE WHEN STRFTIME('%Y', CreationDate) = '2011' THEN 1 ELSE 0 END) AS Ratio FROM votes",,,True,True,False,1030,66,2.083356307000031,"SELECT CAST(SUM(CASE WHEN STRFTIME('%Y', CreationDate) = '2010' THEN 1 ELSE 0 END) AS REAL) / SUM(CASE WHEN STRFTIME('%Y', CreationDate) = '2011' THEN 1 ELSE 0 END) FROM votes",,,True,True,False,996,72,4.967862802000127,"SELECT CAST(SUM(CASE WHEN SUBSTR(CreationDate, 1, 4) = '2010' THEN 1 ELSE 0 END) AS REAL) / SUM(CASE WHEN SUBSTR(CreationDate, 1, 4) = '2011' THEN 1 ELSE 0 END) FROM votes",,,True,False,False,1030,67,4.637181352999505,"SELECT CAST(SUM(IIF(STRFTIME('%Y', CreationDate) = '2010', 1, 0)) AS REAL) * 100 / SUM(IIF(STRFTIME('%Y', CreationDate) = '2011', 1, 0)) FROM votes",,,False,True,True,True,True,True,False,True,improved,regressed,improved,regressed
325,325,codebase_community,moderate,Which post by slashnick has the most answers count? State the post ID.,most answers count refers to MAX(AnswerCount); post by slashnick refers to DisplayName = 'slashnick';,SELECT T2.PostId FROM users AS T1 INNER JOIN postHistory AS T2 ON T1.Id = T2.UserId INNER JOIN posts AS T3 ON T2.PostId = T3.Id WHERE T1.DisplayName = 'slashnick' ORDER BY T3.AnswerCount DESC LIMIT 1,True,False,False,994,21,0.7202794869999707,SELECT Id FROM posts WHERE OwnerDisplayName = 'slashnick' ORDER BY AnswerCount DESC LIMIT 1,,,True,False,False,1014,21,0.7095958740001151,SELECT Id FROM posts WHERE OwnerDisplayName = 'slashnick' ORDER BY AnswerCount DESC LIMIT 1,,,True,False,False,994,21,1.512611425000614,SELECT Id FROM posts WHERE OwnerDisplayName = 'SlashNick' ORDER BY AnswerCount DESC LIMIT 1,,,True,False,False,1014,21,1.4988666600002034,SELECT Id FROM posts WHERE OwnerDisplayName = 'slashnick' ORDER BY AnswerCount DESC LIMIT 1,,,False,True,False,True,False,True,False,True,both_wrong,both_wrong,both_wrong,both_wrong
326,326,codebase_community,challenging,"Among posts by Harvey Motulsky and Noah Snyder, which one has higher popularity?",Has higher popularity means the post has higher view count ; calculation = MAX(SUM(ViewCount)) where DisplayName = 'Harvey Motulsky' OR DisplayName = 'Noah Snyder';,SELECT T1.DisplayName FROM users AS T1 INNER JOIN postHistory AS T2 ON T1.Id = T2.UserId INNER JOIN posts AS T3 ON T2.PostId = T3.Id WHERE T1.DisplayName = 'Harvey Motulsky' OR T1.DisplayName = 'Noah Snyder' GROUP BY T1.DisplayName ORDER BY SUM(T3.ViewCount) DESC LIMIT 1,True,False,False,995,47,1.5053861610001604,"SELECT p.Id, p.Title, p.Score FROM posts p JOIN users u ON p.OwnerUserId = u.Id WHERE u.DisplayName IN ('Harvey Motulsky', 'Noah Snyder') ORDER BY p.Score DESC LIMIT 1",,,True,False,False,1030,92,2.9589166890000342,"SELECT SUM(CASE WHEN T1.DisplayName = 'Harvey Motulsky' THEN T2.ViewCount ELSE 0 END) - SUM(CASE WHEN T1.DisplayName = 'Noah Snyder' THEN T2.ViewCount ELSE 0 END) AS PopularityDifference FROM users AS T1 INNER JOIN posts AS T2 ON T1.Id = T2.OwnerUserId WHERE T1.DisplayName IN ('Harvey Motulsky', 'Noah Snyder')",,,True,False,False,995,57,3.875025178999749,SELECT T1.Title FROM posts AS T1 INNER JOIN users AS T2 ON T1.OwnerUserId = T2.Id WHERE T2.DisplayName = 'Harvey Motulsky' OR T2.DisplayName = 'Noah Snyder' ORDER BY T1.ViewCount DESC LIMIT 1,,,True,False,False,1030,67,4.634341571999357,SELECT SUM(T2.ViewCount) FROM users AS T1 INNER JOIN posts AS T2 ON T1.Id = T2.OwnerUserId WHERE T1.DisplayName = 'Harvey Motulsky' OR T1.DisplayName = 'Noah Snyder' GROUP BY T1.DisplayName ORDER BY SUM(T2.ViewCount) DESC LIMIT 1,,,False,True,False,True,False,True,False,True,both_wrong,both_wrong,both_wrong,both_wrong
327,327,codebase_community,moderate,State all the tags used by Mark Meckes in his posts that doesn't have comments.,used by Mark Meckes refers to DisplayName = 'Mark Meckes'; Doen't have comments refers to CommentCount = 0;,SELECT T3.Tags FROM users AS T1 INNER JOIN postHistory AS T2 ON T1.Id = T2.UserId INNER JOIN posts AS T3 ON T3.Id = T2.PostId WHERE T1.DisplayName = 'Mark Meckes' AND T3.CommentCount = 0,True,False,False,997,46,1.4801187119999213,SELECT DISTINCT T1.TagName FROM tags AS T1 INNER JOIN posts AS T2 ON T1.Id = T2.Tags WHERE T2.OwnerDisplayName = 'Mark Meckes' AND T2.CommentCount = 0,,,False,False,False,1024,77,2.4078831839997292,SELECT DISTINCT T3.TagName FROM users AS T1 INNER JOIN posts AS T2 ON T1.Id = T2.OwnerUserId INNER JOIN postTags AS T4 ON T2.Id = T4.PostId INNER JOIN tags AS T3 ON T4.TagId = T3.Id WHERE T1.DisplayName = 'Mark Meckes' AND T2.CommentCount = 0,no such table: postTags,,True,True,False,997,49,3.3851259699995353,SELECT T1.Tags FROM posts AS T1 INNER JOIN users AS T2 ON T1.OwnerUserId = T2.Id WHERE T2.DisplayName = 'Mark Meckes' AND T1.CommentCount = 0 GROUP BY T1.Tags,,,True,False,False,1024,61,4.207784100999561,SELECT DISTINCT T3.TagName FROM users AS T1 INNER JOIN posts AS T2 ON T1.Id = T2.OwnerUserId INNER JOIN tags AS T3 ON T2.Tags = T3.TagName WHERE T1.DisplayName = 'Mark Meckes' AND T2.CommentCount = 0,,,False,True,False,False,True,True,False,True,both_wrong,regressed,improved,both_wrong
328,328,codebase_community,challenging,"Based on posts posted by Community, calculate the percentage of posts that use the R language.","DIVIDE(COUNT(PostId WHERE TagName = 'r')), (COUNT(PostId WHERE DisplayName = 'Community')) as percentage; R language refers to tagname = 'r'","SELECT CAST(SUM(IIF(T3.TagName = 'r', 1, 0)) AS REAL) * 100 / COUNT(T1.Id) FROM users AS T1 INNER JOIN postHistory AS T2 ON T1.Id = T2.UserId INNER JOIN tags AS T3 ON T3.ExcerptPostId = T2.PostId WHERE T1.DisplayName = 'Community'",True,False,False,996,46,1.467327503999968,SELECT CAST(SUM(CASE WHEN p.Tags LIKE '%R%' THEN 1 ELSE 0 END) AS REAL) * 100 / COUNT(p.Id) FROM posts p WHERE p.OwnerDisplayName = 'Community',,,False,False,False,1030,83,2.620187092999913,SELECT CAST(SUM(CASE WHEN T3.TagName = 'r' THEN 1 ELSE 0 END) AS REAL) * 100 / COUNT(T2.PostId) FROM users AS T1 INNER JOIN posts AS T2 ON T1.Id = T2.OwnerUserId INNER JOIN postTags AS T3 ON T2.Id = T3.PostId WHERE T1.DisplayName = 'Community',no such table: postTags,,True,False,False,996,67,4.670443879999766,SELECT CAST(SUM(CASE WHEN T2.Tags LIKE '%<r>%' THEN 1 ELSE 0 END) AS REAL) * 100 / COUNT(T2.Id) FROM users AS T1 INNER JOIN posts AS T2 ON T1.Id = T2.OwnerUserId WHERE T1.DisplayName = 'Community',,,False,False,False,1030,66,4.587077283000326,"SELECT CAST(SUM(IIF(T2.DisplayName = 'Community', 1, 0)) AS REAL) * 100 / COUNT(T1.PostId) FROM tags AS T1 INNER JOIN posts AS T2 ON T1.ExcerptPostId = T2.Id WHERE T1.TagName = 'r'",no such column: T2.DisplayName,,False,True,False,False,False,True,False,False,both_wrong,both_wrong,both_wrong,both_wrong
329,329,codebase_community,moderate,Calculate the difference in view count from post posted by Mornington and view count from posts posted by Amos.,"calculation = SUBTRACT(SUM(ViewCount where DisplayName = 'Mornington'), SUM(ViewCount where DisplayName = 'Amos'));","SELECT SUM(IIF(T1.DisplayName = 'Mornington', T3.ViewCount, 0)) - SUM(IIF(T1.DisplayName = 'Amos', T3.ViewCount, 0)) AS diff FROM users AS T1 INNER JOIN postHistory AS T2 ON T1.Id = T2.UserId INNER JOIN posts AS T3 ON T3.Id = T2.PostId",True,False,False,1000,90,2.8047175720000723,SELECT SUM(CASE WHEN T1.OwnerDisplayName = 'Mornington' THEN T2.ViewCount ELSE 0 END) - SUM(CASE WHEN T1.OwnerDisplayName = 'Amos' THEN T2.ViewCount ELSE 0 END) AS DifferenceInViewCount FROM posts AS T1 INNER JOIN posts AS T2 ON T1.ParentId = T2.Id WHERE T1.PostTypeId = 1 AND T2.PostTypeId = 1,,,True,False,False,1024,70,2.2124455349999153,SELECT SUM(CASE WHEN T1.DisplayName = 'Mornington' THEN T2.ViewCount ELSE 0 END) - SUM(CASE WHEN T1.DisplayName = 'Amos' THEN T2.ViewCount ELSE 0 END) AS DIFFERENCE FROM users AS T1 INNER JOIN posts AS T2 ON T1.Id = T2.OwnerUserId,,,False,False,False,1000,77,5.282630129000609,SELECT SUM(CASE WHEN T1.OwnerDisplayName = 'Mornington' THEN T2.ViewCount ELSE 0 END) - SUM(CASE WHEN T1.OwnerDisplayName = 'Amos' THEN T2.ViewCount ELSE 0 END) FROM posts AS T1 INNER JOIN votes AS T2 ON T1.Id = T2.PostId WHERE T1.PostTypeId = 1,no such column: T2.ViewCount,,True,False,False,1024,67,4.643513571000767,SELECT SUM(CASE WHEN T1.DisplayName = 'Mornington' THEN T2.ViewCount ELSE 0 END) - SUM(CASE WHEN T1.DisplayName = 'Amos' THEN T2.ViewCount ELSE 0 END) FROM users AS T1 INNER JOIN posts AS T2 ON T1.Id = T2.OwnerUserId,,,False,True,False,True,False,False,False,True,both_wrong,both_wrong,both_wrong,both_wrong
330,330,codebase_community,moderate,What is the average monthly number of links created in 2010 for posts that have no more than 2 answers?,"calculation = DIVIDE(COUNT(Id where YEAR(CreationDate) = 2010 and AnswerCount < = 2), 12)","SELECT CAST(COUNT(T1.Id) AS REAL) / 12 FROM postLinks AS T1 INNER JOIN posts AS T2 ON T1.PostId = T2.Id WHERE T2.AnswerCount <= 2 AND STRFTIME('%Y', T1.CreationDate) = '2010'",False,False,False,1004,46,1.464185956999927,SELECT AVG(CAST(COUNT(Id) AS REAL) / 12) FROM postLinks WHERE PostId IN ( SELECT Id FROM posts WHERE AnswerCount <= 2 ) AND CreationDate LIKE '2010%',misuse of aggregate function COUNT(),,False,False,False,1034,48,1.5509600870000213,"SELECT CAST(SUM(CASE WHEN STRFTIME('%Y', CreationDate) = '2010' AND AnswerCount <= 2 THEN 1 ELSE 0 END) AS REAL) / 12 FROM postLinks",no such column: AnswerCount,,True,True,True,1004,66,4.5456804589994135,"SELECT CAST(COUNT(T1.Id) AS REAL) / 12 FROM postLinks AS T1 INNER JOIN posts AS T2 ON T1.PostId = T2.Id WHERE T2.AnswerCount <= 2 AND STRFTIME('%Y', T1.CreationDate) = '2010'",,,True,True,False,1034,72,4.950244079000186,"SELECT CAST(SUM(CASE WHEN STRFTIME('%Y', T1.CreationDate) = '2010' THEN 1 ELSE 0 END) AS REAL) / 12 FROM postLinks AS T1 INNER JOIN posts AS T2 ON T1.PostId = T2.Id WHERE T2.AnswerCount <= 2",,,False,False,False,False,True,True,True,True,both_wrong,both_correct,improved,improved
331,331,codebase_community,simple,When did 'chl' cast its first vote in a post?,DisplayName = 'chl'; cast its first vote refers to MIN(CreationDate);,SELECT T2.CreationDate FROM users AS T1 INNER JOIN votes AS T2 ON T1.Id = T2.UserId WHERE T1.DisplayName = 'chl' ORDER BY T2.CreationDate LIMIT 1,True,True,False,991,24,0.791474160000007,SELECT MIN(CreationDate) FROM votes WHERE UserId = ( SELECT Id FROM users WHERE DisplayName = 'chl' ),,,True,True,False,1005,36,1.1768091860003551,SELECT MIN(T2.CreationDate) FROM users AS T1 INNER JOIN votes AS T2 ON T1.Id = T2.UserId WHERE T1.DisplayName = 'chl',,,True,True,False,991,24,1.7096567270000378,SELECT MIN(CreationDate) FROM votes WHERE UserId = ( SELECT Id FROM users WHERE DisplayName = 'chl' ),,,True,True,False,1005,45,3.1580544270000246,SELECT T2.CreationDate FROM users AS T1 INNER JOIN votes AS T2 ON T1.Id = T2.UserId WHERE T1.DisplayName = 'chl' ORDER BY T2.CreationDate ASC LIMIT 1,,,True,True,True,True,True,True,True,True,both_correct,both_correct,both_correct,both_correct
332,332,codebase_community,simple,What is the display name of the user who acquired the first Autobiographer badge?,Autobiographer is the name of the badge; acquired the first refers to MIN(Date);,SELECT T1.DisplayName FROM users AS T1 INNER JOIN badges AS T2 ON T1.Id = T2.UserId WHERE T2.`Name` = 'Autobiographer' ORDER BY T2.Date LIMIT 1,True,True,False,995,43,1.4071086440001181,SELECT T2.DisplayName FROM badges AS T1 INNER JOIN users AS T2 ON T1.UserId = T2.Id WHERE T1.Name = 'Autobiographer' ORDER BY T1.Date ASC LIMIT 1,,,True,True,False,1011,43,1.3882765930002279,SELECT T2.DisplayName FROM badges AS T1 INNER JOIN users AS T2 ON T1.UserId = T2.Id WHERE T1.Name = 'Autobiographer' ORDER BY T1.Date ASC LIMIT 1,,,True,True,False,995,42,2.8960970190000808,SELECT T2.DisplayName FROM badges AS T1 INNER JOIN users AS T2 ON T1.UserId = T2.Id WHERE T1.Name = 'Autobiographer' ORDER BY T1.Date LIMIT 1,,,True,True,False,1011,43,3.041131033000056,SELECT T2.DisplayName FROM badges AS T1 INNER JOIN users AS T2 ON T1.UserId = T2.Id WHERE T1.Name = 'Autobiographer' ORDER BY T1.Date ASC LIMIT 1,,,True,True,True,True,True,True,True,True,both_correct,both_correct,both_correct,both_correct
333,333,codebase_community,moderate,"Among the users located in United Kingdom, how many users whose post have a total favorite amount of 4 or more?",favorite amount of 4 or more refers to FavoriteCount > = 4; Location = 'United Kingdom';,SELECT COUNT(T1.Id) FROM users AS T1 INNER JOIN posts AS T2 ON T1.Id = T2.OwnerUserId WHERE T1.Location = 'United Kingdom' AND T2.FavoriteCount >= 4,True,False,False,1002,38,1.238967268999886,SELECT COUNT(DISTINCT u.Id) FROM users u JOIN posts p ON u.Id = p.OwnerUserId WHERE u.Location LIKE '%United Kingdom%' AND p.FavoriteCount >= 4,,,True,False,False,1022,38,1.2085751069998878,SELECT COUNT(DISTINCT u.Id) FROM users u JOIN posts p ON u.Id = p.OwnerUserId WHERE u.Location = 'United Kingdom' AND p.FavoriteCount >= 4,,,True,False,False,1002,45,3.1024148619999323,SELECT COUNT(T1.Id) FROM users AS T1 INNER JOIN posts AS T2 ON T1.Id = T2.OwnerUserId WHERE T1.Location LIKE '%United Kingdom%' AND T2.FavoriteCount >= 4,,,True,True,True,1022,45,3.1205446730000403,SELECT COUNT(T1.Id) FROM users AS T1 INNER JOIN posts AS T2 ON T1.Id = T2.OwnerUserId WHERE T1.Location = 'United Kingdom' AND T2.FavoriteCount >= 4,,,False,True,False,True,False,True,True,True,both_wrong,improved,both_wrong,improved
334,334,codebase_community,simple,Which post by Harvey Motulsky has the most views? Please give the id and title of this post.,DisplayName = 'Harvey Motulsky'; the most views refer to MAX(ViewCount);,"SELECT T2.Id, T2.Title FROM users AS T1 INNER JOIN posts AS T2 ON T1.Id = T2.OwnerUserId WHERE T1.DisplayName = 'Harvey Motulsky' ORDER BY T2.ViewCount DESC LIMIT 1",True,False,False,1000,26,0.8450139859999126,"SELECT Id, Title FROM posts WHERE OwnerDisplayName = 'Harvey Motulsky' ORDER BY ViewCount DESC LIMIT 1",,,True,False,False,1016,26,0.8465224329997909,"SELECT Id, Title FROM posts WHERE OwnerDisplayName = 'Harvey Motulsky' ORDER BY ViewCount DESC LIMIT 1",,,True,False,False,1000,26,1.8196151069996631,"SELECT Id, Title FROM posts WHERE OwnerDisplayName = 'Harvey Motulsky' ORDER BY ViewCount DESC LIMIT 1",,,True,False,False,1016,26,1.8390675349992307,"SELECT Id, Title FROM posts WHERE OwnerDisplayName = 'Harvey Motulsky' ORDER BY ViewCount DESC LIMIT 1",,,False,True,False,True,False,True,False,True,both_wrong,both_wrong,both_wrong,both_wrong
335,335,codebase_community,moderate,Which is the most valuable post in 2010? Please give its id and the owner's display name.,the most valuable post in 2010 refers to MAX(FavoriteCount) where year(CreationDate) = 2010;,"SELECT T2.OwnerUserId, T1.DisplayName FROM users AS T1 INNER JOIN posts AS T2 ON T1.Id = T2.OwnerUserId WHERE STRFTIME('%Y', T1.CreationDate) = '2010' ORDER BY T2.FavoriteCount DESC LIMIT 1",True,False,False,1002,49,1.5594879669999955,"SELECT p.Id, u.DisplayName FROM posts p INNER JOIN users u ON p.OwnerUserId = u.Id WHERE STRFTIME('%Y', p.CreaionDate) = '2010' ORDER BY p.Score DESC LIMIT 1",,,False,False,False,1030,33,1.0652686970001923,"SELECT Id, OwnerDisplayName FROM posts WHERE STRFTIME('%Y', CreationDate) = '2010' ORDER BY FavoriteCount DESC LIMIT 1",no such column: CreationDate,,True,False,False,1002,68,4.705234209000082,"SELECT T1.Id, T1.OwnerDisplayName FROM posts AS T1 INNER JOIN votes AS T2 ON T1.Id = T2.PostId WHERE STRFTIME('%Y', T2.CreationDate) = '2010' GROUP BY T1.Id ORDER BY SUM(T2.BountyAmount) DESC LIMIT 1",,,False,False,False,1030,33,2.346835653999733,"SELECT Id, OwnerDisplayName FROM posts WHERE STRFTIME('%Y', CreationDate) = '2010' ORDER BY FavoriteCount DESC LIMIT 1",no such column: CreationDate,,False,True,False,False,False,True,False,False,both_wrong,both_wrong,both_wrong,both_wrong
336,336,codebase_community,moderate,What is the percentage of posts whose owners had a reputation of over 1000 in 2011?,"percentage = DIVIDE(COUNT(Id where YEAR(CreationDate) = 2011 and Reputation > 1000), COUNT(Id) ) * 100;","SELECT CAST(SUM(IIF(STRFTIME('%Y', T2.CreaionDate) = '2011' AND T1.Reputation > 1000, 1, 0)) AS REAL) * 100 / COUNT(T1.Id) FROM users AS T1 INNER JOIN posts AS T2 ON T1.Id = T2.OwnerUserId",True,False,False,1003,81,2.536023256000135,"SELECT CAST(SUM(CASE WHEN T2.Reputation > 1000 THEN 1 ELSE 0 END) AS REAL) * 100 / COUNT(T1.Id) FROM posts AS T1 INNER JOIN users AS T2 ON T1.OwnerUserId = T2.Id WHERE STRFTIME('%Y', T1.CreaionDate) = '2011'",,,True,False,False,1039,81,2.5633344970001417,"SELECT CAST(SUM(CASE WHEN T2.Reputation > 1000 THEN 1 ELSE 0 END) AS REAL) * 100 / COUNT(T1.Id) FROM posts AS T1 INNER JOIN users AS T2 ON T1.OwnerUserId = T2.Id WHERE STRFTIME('%Y', T1.CreaionDate) = '2011'",,,True,False,False,1003,81,5.545251022999764,"SELECT CAST(SUM(CASE WHEN T2.Reputation > 1000 THEN 1 ELSE 0 END) AS REAL) * 100 / COUNT(T1.Id) FROM posts AS T1 INNER JOIN users AS T2 ON T1.OwnerUserId = T2.Id WHERE STRFTIME('%Y', T1.CreaionDate) = '2011'",,,False,False,False,1039,77,5.233712256999752,"SELECT CAST(SUM(IIF(T2.Reputation > 1000 AND STRFTIME('%Y', T1.CreationDate) = '2011', 1, 0)) AS REAL) * 100 / COUNT(T1.Id) FROM posts AS T1 INNER JOIN users AS T2 ON T1.OwnerUserId = T2.Id",no such column: T1.CreationDate,,False,True,False,True,False,True,False,False,both_wrong,both_wrong,both_wrong,both_wrong
337,337,codebase_community,moderate,Identify the total views on the post 'Computer Game Datasets'. Name the user who posted it last time.,total views refer to ViewCount; Name the user refers to DisplayName; post 'Computer Game Datasets' refers to Text = 'Computer Game Datasets';,"SELECT T2.ViewCount, T3.DisplayName FROM postHistory AS T1 INNER JOIN posts AS T2 ON T1.PostId = T2.Id INNER JOIN users AS T3 ON T2.LastEditorUserId = T3.Id WHERE T1.Text = 'Computer Game Datasets'",True,False,False,1001,70,2.194635651999988,"SELECT SUM(T1.ViewCount), T2.DisplayName FROM posts AS T1 INNER JOIN users AS T2 ON T1.OwnerUserId = T2.Id WHERE T1.Title = 'Computer Game Datasets' AND T1.LasActivityDate = ( SELECT MAX(LasActivityDate) FROM posts WHERE Title = 'Computer Game Datasets' )",,,False,False,False,1030,42,1.3489842920002957,"SELECT T1.ViewCount, T2.DisplayName FROM posts AS T1 INNER JOIN users AS T2 ON T1.LastEditorUserId = T2.Id WHERE T1.Text LIKE 'Computer Game Datasets'",no such column: T1.Text,,True,False,False,1001,47,3.2606397629997446,"SELECT SUM(T2.ViewCount), T1.DisplayName FROM users AS T1 INNER JOIN posts AS T2 ON T1.Id = T2.OwnerUserId WHERE T2.Title = 'Computer Game Datasets' GROUP BY T1.DisplayName",,,True,False,False,1030,61,4.1429804389999845,"SELECT T2.ViewCount, T1.DisplayName FROM users AS T1 INNER JOIN posts AS T2 ON T1.Id = T2.OwnerUserId WHERE T2.Title = 'Computer Game Datasets' AND T2.PostTypeId = 1 ORDER BY T2.LasActivityDate DESC LIMIT 1",,,False,True,False,False,False,True,False,True,both_wrong,both_wrong,both_wrong,both_wrong
338,338,codebase_community,simple,How many comments were added to the post with the highest score?,the highest score refers to MAX(Score);,SELECT COUNT(T2.Id) FROM posts AS T1 INNER JOIN comments AS T2 ON T1.Id = T2.PostId GROUP BY T1.Id ORDER BY T1.Score DESC LIMIT 1,True,True,False,991,23,0.7577294320001329,SELECT COUNT(*) FROM comments WHERE PostId = ( SELECT Id FROM posts ORDER BY Score DESC LIMIT 1 ),,,True,True,False,998,23,0.7681385099999716,SELECT COUNT(*) FROM comments WHERE PostId = ( SELECT Id FROM posts ORDER BY Score DESC LIMIT 1 ),,,True,True,False,991,41,2.847351436000281,SELECT COUNT(T2.Id) FROM posts AS T1 INNER JOIN comments AS T2 ON T1.Id = T2.PostId WHERE T1.Score = ( SELECT MAX(Score) FROM posts ),,,True,True,False,998,41,2.817775266999888,SELECT COUNT(T2.Id) FROM posts AS T1 INNER JOIN comments AS T2 ON T1.Id = T2.PostId WHERE T1.Score = ( SELECT MAX(Score) FROM posts ),,,True,True,True,True,True,True,True,True,both_correct,both_correct,both_correct,both_correct
339,339,codebase_community,moderate,Provide the text of the latest 10 comments to the post with the title 'Analysing wind data with R' and the display name of the user who left it.,the latest comment refers to MAX(CreationDate);,"SELECT T3.Text, T1.DisplayName FROM users AS T1 INNER JOIN posts AS T2 ON T1.Id = T2.OwnerUserId INNER JOIN comments AS T3 ON T2.Id = T3.PostId WHERE T2.Title = 'Analysing wind data with R' ORDER BY T1.CreationDate DESC LIMIT 10",True,False,False,1014,69,2.23128676500005,"SELECT T2.Text, T3.DisplayName FROM posts AS T1 INNER JOIN comments AS T2 ON T1.Id = T2.PostId INNER JOIN users AS T3 ON T2.UserId = T3.Id WHERE T1.Title = 'Analysing wind data with R' ORDER BY T2.CreationDate DESC LIMIT 10",,,True,False,False,1022,69,2.209107901000152,"SELECT T2.Text, T3.DisplayName FROM posts AS T1 INNER JOIN comments AS T2 ON T1.Id = T2.PostId INNER JOIN users AS T3 ON T2.UserId = T3.Id WHERE T1.Title = 'Analysing wind data with R' ORDER BY T2.CreationDate DESC LIMIT 10",,,True,False,False,1014,56,3.876499526999396,"SELECT T2.Text, T2.UserDisplayName FROM posts AS T1 INNER JOIN comments AS T2 ON T1.Id = T2.PostId WHERE T1.Title = 'Analysing wind data with R' ORDER BY T2.CreationDate DESC LIMIT 10",,,True,False,False,1022,56,3.8460850660003416,"SELECT T2.Text, T2.UserDisplayName FROM posts AS T1 INNER JOIN comments AS T2 ON T1.Id = T2.PostId WHERE T1.Title = 'Analysing wind data with R' ORDER BY T2.CreationDate DESC LIMIT 10",,,False,True,False,True,False,True,False,True,both_wrong,both_wrong,both_wrong,both_wrong
340,340,codebase_community,challenging,"Among all the posts posted by the most influential user, identify the percentage with a score above 50.","The higher reputation the user has the more influence; percentage = DIVIDE(COUNT(stats_posts.Id where Score > 50 and MAX(Reputation))), COUNT(stats_posts.Id where MAX(Reputation));",SELECT CAST(SUM(CASE WHEN T2.Score > 50 THEN 1 ELSE 0 END) AS REAL) * 100 / COUNT(T1.Id) FROM users T1 INNER JOIN posts T2 ON T1.Id = T2.OwnerUserId INNER JOIN ( SELECT MAX(Reputation) AS max_reputation FROM users ) T3 ON T1.Reputation = T3.max_reputation,True,True,False,1000,73,2.304055558000073,SELECT CAST(SUM(CASE WHEN T2.Score > 50 THEN 1 ELSE 0 END) AS REAL) * 100 / COUNT(T2.Id) FROM users AS T1 INNER JOIN posts AS T2 ON T1.Id = T2.OwnerUserId WHERE T1.Reputation = ( SELECT MAX(Reputation) FROM users ),,,True,False,False,1039,67,2.1252374579999014,SELECT CAST(SUM(CASE WHEN T2.Score > 50 THEN 1 ELSE 0 END) AS REAL) * 100 / COUNT(T2.Id) FROM users AS T1 INNER JOIN posts AS T2 ON T1.Id = T2.OwnerUserId ORDER BY T1.Reputation DESC LIMIT 1,,,True,True,False,1000,73,5.019978364000053,SELECT CAST(SUM(CASE WHEN T2.Score > 50 THEN 1 ELSE 0 END) AS REAL) * 100 / COUNT(T2.Id) FROM users AS T1 INNER JOIN posts AS T2 ON T1.Id = T2.OwnerUserId WHERE T1.Reputation = ( SELECT MAX(Reputation) FROM users ),,,False,False,False,1039,72,4.872425839000243,"SELECT CAST(SUM(IIF(T2.Score > 50, 1, 0)) AS REAL) * 100 / COUNT(T2.PostId) FROM users AS T1 INNER JOIN posts AS T2 ON T1.Id = T2.OwnerUserId WHERE T1.Reputation = ( SELECT MAX(Reputation) FROM users )",no such column: T2.PostId,,True,True,False,True,True,True,False,False,regressed,regressed,both_correct,both_wrong
341,341,codebase_community,simple,What is the excerpt post ID and wiki post ID of the tag named sample?,tag named sample refers to TagName = 'sample';,"SELECT ExcerptPostId, WikiPostId FROM tags WHERE TagName = 'sample'",True,True,True,994,19,0.6314232560000619,"SELECT ExcerptPostId, WikiPostId FROM tags WHERE TagName = 'sample'",,,True,True,True,1003,19,0.6309616389999064,"SELECT ExcerptPostId, WikiPostId FROM tags WHERE TagName = 'sample'",,,True,True,True,994,19,1.3851022589997228,"SELECT ExcerptPostId, WikiPostId FROM tags WHERE TagName = 'sample'",,,True,True,True,1003,19,1.3382736539997495,"SELECT ExcerptPostId, WikiPostId FROM tags WHERE TagName = 'sample'",,,True,True,True,True,True,True,True,True,both_correct,both_correct,both_correct,both_correct
342,342,codebase_community,simple,"Give the user's reputation and up vote number of the user that commented ""fine, you win :)"".","Text = 'fine, you win :)';","SELECT T2.Reputation, T2.UpVotes FROM comments AS T1 INNER JOIN users AS T2 ON T1.UserId = T2.Id WHERE T1.Text = 'fine, you win :)'",True,True,False,1000,42,1.3268374439999207,"SELECT T1.Reputation, T1.UpVotes FROM users AS T1 INNER JOIN comments AS T2 ON T1.Id = T2.UserId WHERE T2.Text LIKE 'fine, you win :)%'",,,True,True,False,1007,42,1.3282897199997024,"SELECT T1.Reputation, T1.UpVotes FROM users AS T1 INNER JOIN comments AS T2 ON T1.Id = T2.UserId WHERE T2.Text = 'fine, you win :)'",,,True,False,False,1000,42,2.9373224450000635,"SELECT T1.Reputation, T1.UpVotes FROM users AS T1 INNER JOIN comments AS T2 ON T1.Id = T2.UserId WHERE T2.Text = 'fine, you win :) '",,,True,True,False,1007,42,2.891207452999879,"SELECT T1.Reputation, T1.UpVotes FROM users AS T1 INNER JOIN comments AS T2 ON T1.Id = T2.UserId WHERE T2.Text = 'fine, you win :)'",,,True,True,True,True,False,True,True,True,both_correct,improved,regressed,both_correct
343,343,codebase_community,moderate,"Among the posts with views ranging from 100 to 150, what is the comment with the highest score?",views ranging from 100 to 150 refers to ViewCount BETWEEN 100 and 150; comment with the highest score refers to Text where MAX(Score);,SELECT Text FROM comments WHERE PostId IN ( SELECT Id FROM posts WHERE ViewCount BETWEEN 100 AND 150 ) ORDER BY Score DESC LIMIT 1,True,True,False,1004,49,1.5438440170000831,SELECT T2.Text FROM posts AS T1 INNER JOIN comments AS T2 ON T1.Id = T2.PostId WHERE T1.ViewCount BETWEEN 100 AND 150 ORDER BY T2.Score DESC LIMIT 1,,,True,True,False,1042,49,1.5552295360002972,SELECT T2.Text FROM posts AS T1 INNER JOIN comments AS T2 ON T1.Id = T2.PostId WHERE T1.ViewCount BETWEEN 100 AND 150 ORDER BY T2.Score DESC LIMIT 1,,,True,True,False,1004,49,3.3901885400000538,SELECT T2.Text FROM posts AS T1 INNER JOIN comments AS T2 ON T1.Id = T2.PostId WHERE T1.ViewCount BETWEEN 100 AND 150 ORDER BY T2.Score DESC LIMIT 1,,,True,True,False,1042,49,3.3684099299998707,SELECT T2.Text FROM posts AS T1 INNER JOIN comments AS T2 ON T1.Id = T2.PostId WHERE T1.ViewCount BETWEEN 100 AND 150 ORDER BY T2.Score DESC LIMIT 1,,,True,True,True,True,True,True,True,True,both_correct,both_correct,both_correct,both_correct
344,344,codebase_community,simple,"In posts with 1 comment, how many of the comments have 0 score?",in posts with 1 comment refers to CommentCount = 1;,SELECT COUNT(T1.id) FROM comments AS T1 INNER JOIN posts AS T2 ON T1.PostId = T2.Id WHERE T2.CommentCount = 1 AND T2.Score = 0,True,False,False,995,47,1.5215804180002124,SELECT COUNT(CASE WHEN T2.Score = 0 THEN 1 ELSE NULL END) FROM posts AS T1 INNER JOIN comments AS T2 ON T1.Id = T2.PostId WHERE T1.CommentCount = 1,,,True,False,False,1007,47,1.4938563310001882,SELECT COUNT(CASE WHEN T2.Score = 0 THEN 1 ELSE NULL END) FROM posts AS T1 INNER JOIN comments AS T2 ON T1.Id = T2.PostId WHERE T1.CommentCount = 1,,,True,False,False,995,42,2.8972380219993283,SELECT COUNT(T2.Id) FROM posts AS T1 INNER JOIN comments AS T2 ON T1.Id = T2.PostId WHERE T1.CommentCount = 1 AND T2.Score = 0,,,True,False,False,1007,42,2.916370337000444,SELECT COUNT(T2.Id) FROM posts AS T1 INNER JOIN comments AS T2 ON T1.Id = T2.PostId WHERE T1.CommentCount = 1 AND T2.Score = 0,,,False,True,False,True,False,True,False,True,both_wrong,both_wrong,both_wrong,both_wrong
345,345,codebase_community,moderate,"Among the comments with scores between 5 to 10, what is the percentage of the users with 0 up votes?","percentage = DIVIDE(COUNT(UserId where UpVotes = 0 and Score BETWEEN 5 and 10))*100, (COUNT(UserId where Score BETWEEN 5 and 10));","SELECT CAST(SUM(IIF(T1.UpVotes = 0, 1, 0)) AS REAL) * 100/ COUNT(T1.Id) AS per FROM users AS T1 INNER JOIN comments AS T2 ON T1.Id = T2.UserId WHERE T2.Score BETWEEN 5 AND 10",True,True,False,1004,56,1.7639673720000246,SELECT CAST(SUM(CASE WHEN u.UpVotes = 0 THEN 1 ELSE 0 END) AS REAL) * 100 / COUNT(*) FROM comments c INNER JOIN users u ON c.UserId = u.Id WHERE c.Score BETWEEN 5 AND 10,,,True,True,False,1044,67,2.1057023899998057,SELECT CAST(SUM(CASE WHEN T2.UpVotes = 0 THEN 1 ELSE 0 END) AS REAL) * 100 / COUNT(T1.UserId) FROM comments AS T1 INNER JOIN users AS T2 ON T1.UserId = T2.Id WHERE T1.Score BETWEEN 5 AND 10,,,True,True,False,1004,67,4.626353870999992,SELECT CAST(SUM(CASE WHEN T2.UpVotes = 0 THEN 1 ELSE 0 END) AS REAL) * 100 / COUNT(T1.Id) FROM comments AS T1 INNER JOIN users AS T2 ON T1.UserId = T2.Id WHERE T1.Score BETWEEN 5 AND 10,,,True,True,False,1044,65,4.5005629500001305,"SELECT CAST(SUM(IIF(T2.UpVotes = 0, 1, 0)) AS REAL) * 100 / COUNT(T1.UserId) FROM comments AS T1 INNER JOIN users AS T2 ON T1.UserId = T2.Id WHERE T1.Score BETWEEN 5 AND 10",,,True,True,True,True,True,True,True,True,both_correct,both_correct,both_correct,both_correct
346,346,card_games,simple,Which are the cards that have incredibly powerful foils.,incredibly poweful foils refers to cardKingdomFoilId is not null AND cardKingdomId is not null,SELECT id FROM cards WHERE cardKingdomFoilId IS NOT NULL AND cardKingdomId IS NOT NULL,True,False,False,1060,20,0.6687372710000545,SELECT name FROM cards WHERE hasFoil = 1 AND convertedManaCost > 5;,,,True,False,False,1085,24,0.8154674350003006,SELECT name FROM cards WHERE cardKingdomFoilId IS NOT NULL AND cardKingdomId IS NOT NULL;,,,True,False,False,1060,37,2.5939070249996803,SELECT T1.name FROM cards AS T1 INNER JOIN foreign_data AS T2 ON T1.uuid = T2.uuid WHERE T2.text LIKE '%incredibly powerful foil%',,,True,False,False,1085,23,1.6773793869997462,SELECT name FROM cards WHERE cardKingdomFoilId IS NOT NULL AND cardKingdomId IS NOT NULL,,,False,True,False,True,False,True,False,True,both_wrong,both_wrong,both_wrong,both_wrong
347,347,card_games,simple,What are the borderless cards available without powerful foils?,borderless' refers to borderColor; poweful foils refers to cardKingdomFoilId paired with cardKingdomId AND cardKingdomId is not null,SELECT id FROM cards WHERE borderColor = 'borderless' AND (cardKingdomId IS NULL OR cardKingdomId IS NULL),False,False,False,1061,29,0.9774718169999232,SELECT name FROM cards WHERE borderColor = 'borderless' AND hasFoil = 0 AND hasPowerfulFoil = 0;,no such column: hasPowerfulFoil,,True,False,False,1093,28,0.9480136889997084,SELECT * FROM cards WHERE borderColor = 'borderless' AND cardKingdomFoilId IS NULL AND cardKingdomId IS NULL,,,True,False,False,1061,33,2.3076020709995646,SELECT name FROM cards WHERE availability = 'Available' AND hasFoil = 0 AND hasNonFoil = 1 AND borderColor = 'borderless',,,True,False,False,1093,29,2.046626290999484,SELECT DISTINCT name FROM cards WHERE borderColor = 'borderless' AND cardKingdomFoilId IS NULL AND cardKingdomId IS NULL,,,False,False,False,True,False,True,False,True,both_wrong,both_wrong,both_wrong,both_wrong
348,348,card_games,moderate,List all the mythic rarity print cards banned in gladiator format.,mythic rarity printing refers to rarity = 'mythic'; card banned refers to status = 'Banned'; in gladiator format refers to format = 'gladiator';,SELECT DISTINCT T1.id FROM cards AS T1 INNER JOIN legalities AS T2 ON T1.uuid = T2.uuid WHERE T2.format = 'gladiator' AND T2.status = 'Banned' AND T1.rarity = 'mythic',True,False,False,1063,53,1.741032222000058,SELECT T1.name FROM cards AS T1 INNER JOIN legalities AS T2 ON T1.uuid = T2.uuid WHERE T1.rarity = 'Mythic' AND T2.format = 'Gladiator' AND T2.status = 'Banned';,,,True,False,False,1095,53,1.7078388949998953,SELECT T1.name FROM cards AS T1 INNER JOIN legalities AS T2 ON T1.uuid = T2.uuid WHERE T1.rarity = 'mythic' AND T2.format = 'gladiator' AND T2.status = 'Banned',,,True,False,False,1063,53,3.6337360569996235,SELECT T1.name FROM cards AS T1 INNER JOIN legalities AS T2 ON T1.uuid = T2.uuid WHERE T1.rarity = 'Mythic' AND T2.format = 'Gladiator' AND T2.status = 'Banned',,,True,False,False,1095,53,3.6565333150001607,SELECT T1.name FROM cards AS T1 INNER JOIN legalities AS T2 ON T1.uuid = T2.uuid WHERE T1.rarity = 'Mythic' AND T2.format = 'Gladiator' AND T2.status = 'Banned',,,False,True,False,True,False,True,False,True,both_wrong,both_wrong,both_wrong,both_wrong
349,349,card_games,moderate,"For artifact type of cards that do not have multiple faces on the same card, state its legalities status for vintage play format.",Artifact type of cards refers to types = 'Artifact'; card does not have multiple faces on the same card refers to side is NULL'; vintage play format refers to format = 'vintage';,SELECT DISTINCT T2.status FROM cards AS T1 INNER JOIN legalities AS T2 ON T1.uuid = T2.uuid WHERE T1.type = 'Artifact' AND T2.format = 'vintage' AND T1.side IS NULL,True,False,False,1075,49,1.5667131380000683,SELECT T1.status FROM legalities AS T1 INNER JOIN cards AS T2 ON T1.uuid = T2.uuid WHERE T2.type LIKE '%Artifact%' AND T2.otherFaceIds IS NULL AND T1.format = 'Vintage',,,True,True,False,1111,48,1.5159387310000056,SELECT T1.status FROM legalities AS T1 INNER JOIN cards AS T2 ON T1.uuid = T2.uuid WHERE T2.types = 'Artifact' AND T2.side IS NULL AND T1.format = 'vintage',,,True,False,False,1075,49,3.358264751000206,SELECT T2.status FROM cards AS T1 INNER JOIN legalities AS T2 ON T1.uuid = T2.uuid WHERE T1.type LIKE '%Artifact%' AND T1.otherFaceIds IS NULL AND T2.format = 'Vintage',,,True,False,False,1111,47,3.285690501999852,SELECT T1.status FROM legalities AS T1 INNER JOIN cards AS T2 ON T1.uuid = T2.uuid WHERE T2.types = 'Artifact' AND T2.side IS NULL AND T1.format = 'Vintage',,,False,True,True,True,False,True,False,True,improved,both_wrong,both_wrong,regressed
350,350,card_games,moderate,List all the card id and artist with unknown power which are legal for commander play format.,unknown power refers to power = '*' or POWER IS NULL; commander play format refers to format = 'commander'; legal for commander play format refers to format = 'commander' where status = 'Legal',"SELECT T1.id, T1.artist FROM cards AS T1 INNER JOIN legalities AS T2 ON T1.uuid = T2.uuid WHERE T2.status = 'Legal' AND T2.format = 'commander' AND (T1.power IS NULL OR T1.power = '*')",True,False,False,1067,52,1.65560930200013,"SELECT T1.id, T1.artist FROM cards AS T1 INNER JOIN legalities AS T2 ON T1.uuid = T2.uuid WHERE T1.power IS NULL AND T2.format = 'Commander' AND T2.status = 'Legal'",,,True,True,False,1107,60,1.8918873939996956,"SELECT T1.id, T1.artist FROM cards AS T1 INNER JOIN legalities AS T2 ON T1.uuid = T2.uuid WHERE (T1.power = '*' OR T1.power IS NULL) AND T2.format = 'commander' AND T2.status = 'Legal'",,,True,False,False,1067,52,3.552552717999788,"SELECT T1.id, T1.artist FROM cards AS T1 INNER JOIN legalities AS T2 ON T1.uuid = T2.uuid WHERE T1.power IS NULL AND T2.format = 'Commander' AND T2.status = 'Legal'",,,True,False,False,1107,60,4.216340175000369,"SELECT T1.id, T1.artist FROM cards AS T1 INNER JOIN legalities AS T2 ON T1.uuid = T2.uuid WHERE (T1.power = '*' OR T1.power IS NULL) AND T2.format = 'Commander' AND T2.status = 'Legal'",,,False,True,True,True,False,True,False,True,improved,both_wrong,both_wrong,regressed
351,351,card_games,moderate,Find all cards illustrated by Stephen Daniel and describe the text of the ruling of these cards. State if these cards have missing or degraded properties and values.,cards have missing or degraded properties and value refers to hasContentWarning = 1; 'Stephen Daniele' is artist; Find all cards refers to return card id,"SELECT T1.id, T2.text, T1.hasContentWarning FROM cards AS T1 INNER JOIN rulings AS T2 ON T1.uuid = T2.uuid WHERE T1.artist = 'Stephen Daniele'",False,False,False,1079,70,2.1983684490000996,"SELECT T1.text, T2.date, T2.text AS ruling_text FROM cards AS T1 INNER JOIN rulings AS T2 ON T1.uuid = T2.uuid WHERE T1.artist = 'Stephen Daniel' AND T1.hasMissingOrDegradedProperties IS NOT NULL AND T1.hasMissingOrDegradedValues IS NOT NULL",no such column: T1.hasMissingOrDegradedValues,,True,False,False,1111,52,1.653035103000093,"SELECT T1.id, T2.text, T1.hasContentWarning FROM cards AS T1 INNER JOIN rulings AS T2 ON T1.uuid = T2.uuid WHERE T1.artist = 'Stephen Daniel' AND T1.hasContentWarning = 1",,,True,False,False,1079,54,3.6594251970000187,"SELECT T1.text, T2.text FROM cards AS T1 INNER JOIN rulings AS T2 ON T1.uuid = T2.uuid WHERE T1.artist = 'Stephen Daniel' AND T2.text LIKE '%missing%' OR T2.text LIKE '%degraded%'",,,True,False,False,1111,61,4.223179825999978,"SELECT T2.id, T3.text FROM foreign_data AS T1 INNER JOIN cards AS T2 ON T1.uuid = T2.uuid INNER JOIN rulings AS T3 ON T2.uuid = T3.uuid WHERE T2.artist = 'Stephen Daniel' AND T2.hasContentWarning = 1",,,False,False,False,True,False,True,False,True,both_wrong,both_wrong,both_wrong,both_wrong
352,352,card_games,moderate,Name the card and artist with the most ruling information. Also state if the card is a promotional printing.,with the most ruling information refers to Max(count(rulings.uuid)); the card is the promotional printing refers to isPromo = 1;,"SELECT T1.name, T1.artist, T1.isPromo FROM cards AS T1 INNER JOIN rulings AS T2 ON T1.uuid = T2.uuid WHERE T1.isPromo = 1 AND T1.artist = (SELECT artist FROM cards WHERE isPromo = 1 GROUP BY artist HAVING COUNT(DISTINCT uuid) = (SELECT MAX(count_uuid) FROM ( SELECT COUNT(DISTINCT uuid) AS count_uuid FROM cards WHERE isPromo = 1 GROUP BY artist ))) LIMIT 1",False,False,False,1070,60,1.901105882000138,"SELECT T1.name, T1.artist, T2.isPromo FROM cards AS T1 INNER JOIN legalities AS T2 ON T1.uuid = T2.uuid WHERE T2.format = 'Commander' GROUP BY T1.id ORDER BY COUNT(T2.id) DESC LIMIT 1",no such column: T2.isPromo,,True,False,False,1096,50,1.5984029750002264,"SELECT T2.name, T2.artist, T2.isPromo FROM rulings AS T1 INNER JOIN cards AS T2 ON T1.uuid = T2.uuid GROUP BY T1.uuid ORDER BY COUNT(T1.uuid) DESC LIMIT 1",,,False,False,False,1070,60,4.098063407000154,"SELECT T1.name, T1.artist, T2.isPromo FROM cards AS T1 INNER JOIN legalities AS T2 ON T1.uuid = T2.uuid WHERE T2.format = 'Commander' GROUP BY T1.name ORDER BY COUNT(T2.id) DESC LIMIT 1",no such column: T2.isPromo,,True,False,False,1096,50,3.4777905539995118,"SELECT T2.name, T2.artist, T2.isPromo FROM rulings AS T1 INNER JOIN cards AS T2 ON T1.uuid = T2.uuid GROUP BY T1.uuid ORDER BY COUNT(T1.text) DESC LIMIT 1",,,False,False,False,True,False,False,False,True,both_wrong,both_wrong,both_wrong,both_wrong
353,353,card_games,moderate,Calculate the percentage of the cards availabe in Chinese Simplified.,"Chinese Simplified' is the language; percentage = Divide(Sum(id where language = 'Chinese Simplified'), Count(id)) *100",SELECT CAST(SUM(CASE WHEN T2.language = 'Chinese Simplified' THEN 1 ELSE 0 END) AS REAL) * 100 / COUNT(T1.id) FROM cards AS T1 INNER JOIN foreign_data AS T2 ON T1.uuid = T2.uuid,False,False,False,1062,56,1.7637737180000386,SELECT CAST(SUM(CASE WHEN T2.language = 'Chinese Simplified' THEN 1 ELSE 0 END) AS REAL) * 100 / COUNT(*) FROM foreign_data AS T1 INNER JOIN cards AS T2 ON T1.uuid = T2.uuid,no such column: T2.language,,True,True,True,1090,59,1.8843866339998385,SELECT CAST(SUM(CASE WHEN T2.language = 'Chinese Simplified' THEN 1 ELSE 0 END) AS REAL) * 100 / COUNT(T1.id) FROM cards AS T1 INNER JOIN foreign_data AS T2 ON T1.uuid = T2.uuid,,,True,True,False,1062,59,4.005507187000148,SELECT CAST(SUM(CASE WHEN T1.language = 'Chinese Simplified' THEN 1 ELSE 0 END) AS REAL) * 100 / COUNT(T2.uuid) FROM foreign_data AS T1 INNER JOIN cards AS T2 ON T2.uuid = T1.uuid,,,False,False,False,1090,59,4.134619992999433,SELECT CAST(COUNT(CASE WHEN T2.language = 'Chinese Simplified' THEN 1 ELSE NULL END) AS REAL) * 100 / COUNT(T1.id) FROM foreign_data AS T1 INNER JOIN sets AS T2 ON T1.setCode = T2.code,no such column: T2.language,,False,False,True,True,True,True,False,False,improved,regressed,improved,regressed
354,354,card_games,simple,How many cards have infinite power?,infinite power refers to power = '*';,SELECT COUNT(*) FROM cards WHERE power = '*',True,False,False,1056,12,0.4359354160001203,SELECT COUNT(*) FROM cards WHERE power = '∞',,,True,True,True,1063,11,0.4052730869998413,SELECT COUNT(*) FROM cards WHERE power = '*';,,,True,False,False,1056,13,0.9602501379995374,SELECT COUNT(id) FROM cards WHERE power = '∞',,,True,True,False,1063,11,0.8803638809995391,SELECT COUNT(uuid) FROM cards WHERE power = '*',,,False,True,True,True,False,True,True,True,improved,improved,both_wrong,both_correct
355,355,card_games,simple,"What is the border color of card ""Ancestor's Chosen""?",name of card  = 'Ancestor''s Chosen' ;,SELECT DISTINCT borderColor FROM cards WHERE name = 'Ancestor''s Chosen',True,True,False,1063,16,0.562187890000132,SELECT borderColor FROM cards WHERE name = 'Ancestor''s Chosen',,,True,True,False,1075,16,0.5672099580001486,SELECT borderColor FROM cards WHERE name = 'Ancestor''s Chosen',,,True,True,False,1063,16,1.1346953299998859,SELECT borderColor FROM cards WHERE name = 'Ancestor''s Chosen',,,True,False,False,1075,15,1.088411339999766,SELECT borderColor FROM cards WHERE name = 'Ancestor%s Chosen',,,True,True,True,True,True,True,False,True,both_correct,regressed,both_correct,regressed
356,356,card_games,simple,"What is the rule of playing card ""Benalish Knight""?",Benalish Knight' is the name of card; rule of playing card refers to format;,SELECT T2.format FROM cards AS T1 INNER JOIN legalities AS T2 ON T1.uuid = T2.uuid WHERE T1.name = 'Benalish Knight',True,False,False,1062,35,1.1545473060000404,SELECT T2.text FROM cards AS T1 INNER JOIN rulings AS T2 ON T1.uuid = T2.uuid WHERE T1.name = 'Benalish Knight',,,True,True,False,1079,44,1.4369082959997286,SELECT T2.format FROM cards AS T1 INNER JOIN legalities AS T2 ON T1.uuid = T2.uuid WHERE T1.name = 'Benalish Knight' AND T2.status = 'Legal',,,True,False,False,1062,35,2.3975271039998916,SELECT T2.text FROM cards AS T1 INNER JOIN rulings AS T2 ON T1.uuid = T2.uuid WHERE T1.name = 'Benalish Knight',,,True,True,False,1079,44,3.0593289810003625,SELECT T2.format FROM cards AS T1 INNER JOIN legalities AS T2 ON T1.uuid = T2.uuid WHERE T1.name = 'Benalish Knight' AND T2.status = 'Legal',,,False,True,True,True,False,True,True,True,improved,improved,both_wrong,both_correct
357,357,card_games,simple,What is the percentage of borderless cards?,"borderless card refers to borderColor = 'borderless'; percentage = Divide(Count (id) where borderColor = 'borderless', Count(id)) *100",SELECT CAST(SUM(CASE WHEN borderColor = 'borderless' THEN 1 ELSE 0 END) AS REAL) * 100 / COUNT(id) FROM cards,True,True,False,1058,35,1.134264205000136,SELECT CAST(SUM(CASE WHEN borderColor = 'borderless' THEN 1 ELSE 0 END) AS REAL) * 100 / COUNT(*) FROM cards,,,True,True,False,1090,35,1.1476900259999638,SELECT CAST(SUM(CASE WHEN borderColor = 'borderless' THEN 1 ELSE 0 END) AS REAL) * 100 / COUNT(*) FROM cards,,,True,True,True,1058,36,2.54221691299972,SELECT CAST(SUM(CASE WHEN borderColor = 'borderless' THEN 1 ELSE 0 END) AS REAL) * 100 / COUNT(id) FROM cards,,,True,True,False,1090,35,2.469196127000032,SELECT CAST(SUM(CASE WHEN borderColor = 'borderless' THEN 1 ELSE 0 END) AS REAL) * 100 / COUNT(*) FROM cards,,,True,True,True,True,True,True,True,True,both_correct,both_correct,both_correct,both_correct
358,358,card_games,challenging,What is the percentage of cards whose language is French among the Story Spotlight cards?,"Story Spotlight card refers to isStorySpotlight = 1; French is the language; Percentage = Divide(Count(id) where language = 'French' and isStorySpotlight = 1, Count(id) where isStorySpotlight = 1)*100",SELECT CAST(SUM(CASE WHEN T2.language = 'French' THEN 1 ELSE 0 END) AS REAL) * 100 / COUNT(T1.id) FROM cards AS T1 INNER JOIN foreign_data AS T2 ON T1.uuid = T2.uuid WHERE T1.isStorySpotlight = 1,True,True,False,1065,64,2.0252646470000855,SELECT CAST(SUM(CASE WHEN T2.language = 'French' THEN 1 ELSE 0 END) AS REAL) * 100 / COUNT(*) FROM cards AS T1 INNER JOIN foreign_data AS T2 ON T1.uuid = T2.uuid WHERE T1.isStorySpotlight = 1,,,True,True,True,1119,67,2.0963062989999344,SELECT CAST(SUM(CASE WHEN T2.language = 'French' THEN 1 ELSE 0 END) AS REAL) * 100 / COUNT(T1.id) FROM cards AS T1 INNER JOIN foreign_data AS T2 ON T1.uuid = T2.uuid WHERE T1.isStorySpotlight = 1,,,True,True,False,1065,67,4.597860045999369,SELECT CAST(SUM(CASE WHEN T1.language = 'French' THEN 1 ELSE 0 END) AS REAL) * 100 / COUNT(T2.uuid) FROM foreign_data AS T1 INNER JOIN cards AS T2 ON T1.uuid = T2.uuid WHERE T2.isStorySpotlight = 1,,,True,True,True,1119,67,4.6728771699999925,SELECT CAST(SUM(CASE WHEN T2.language = 'French' THEN 1 ELSE 0 END) AS REAL) * 100 / COUNT(T1.id) FROM cards AS T1 INNER JOIN foreign_data AS T2 ON T1.uuid = T2.uuid WHERE T1.isStorySpotlight = 1,,,True,True,True,True,True,True,True,True,both_correct,both_correct,both_correct,both_correct
359,359,card_games,simple,"How many cards with original type of ""Summon - Angel"" have subtype other than ""Angel""?",subtype other than Angel refers to subtypes is not 'Angel';,SELECT COUNT(id) FROM cards WHERE originalType = 'Summon - Angel' AND subtypes != 'Angel',True,False,False,1068,23,0.7609780939999382,SELECT COUNT(*) FROM cards WHERE originalType = 'Summon - Angel' AND subtypes NOT LIKE '%Angel%',,,True,True,False,1079,22,0.730610611999964,SELECT COUNT(*) FROM cards WHERE originalType = 'Summon - Angel' AND subtypes != 'Angel';,,,True,True,False,1068,22,1.5859117879999758,SELECT COUNT(*) FROM cards WHERE originalType = 'Summon - Angel' AND subtypes != 'Angel',,,True,True,False,1079,22,1.597952248999718,SELECT COUNT(*) FROM cards WHERE originalType = 'Summon - Angel' AND subtypes != 'Angel',,,False,True,True,True,True,True,True,True,improved,both_correct,improved,both_correct
360,360,card_games,simple,What are the cards belong to duel deck a? List the ID.,duel deck a refers to duelDeck = a;,SELECT id FROM cards WHERE duelDeck = 'a',True,True,True,1063,12,0.4254350170001544,SELECT id FROM cards WHERE duelDeck = 'a',,,True,True,True,1072,12,0.42878688299970236,SELECT id FROM cards WHERE duelDeck = 'a',,,True,False,True,1063,12,0.8820647739994456,SELECT id FROM cards WHERE duelDeck = 'A',,,True,True,True,1072,12,0.8913285669996185,SELECT id FROM cards WHERE duelDeck = 'a',,,True,True,True,True,False,True,True,True,both_correct,improved,regressed,both_correct
361,361,card_games,simple,How many of the banned cards are white border?,banned card refers to status = 'Banned'; white border refers to borderColor = 'white';,SELECT COUNT(T1.id) FROM cards AS T1 INNER JOIN legalities AS T2 ON T1.uuid = T2.uuid WHERE T2.status = 'Banned' AND T1.borderColor = 'white',True,False,False,1059,29,0.9467489460000706,SELECT COUNT(*) FROM cards WHERE borderColor = 'White' AND uuid IN ( SELECT uuid FROM legalities WHERE status = 'Banned' ),,,True,True,True,1077,44,1.4101085520001106,SELECT COUNT(T1.id) FROM cards AS T1 INNER JOIN legalities AS T2 ON T1.uuid = T2.uuid WHERE T2.status = 'Banned' AND T1.borderColor = 'white',,,True,False,True,1059,45,3.115681035000307,SELECT COUNT(T1.id) FROM cards AS T1 INNER JOIN legalities AS T2 ON T1.uuid = T2.uuid WHERE T2.status = 'BANNED' AND T1.borderColor = 'WHITE',,,True,False,False,1077,44,3.043101411999487,SELECT COUNT(T1.uuid) FROM legalities AS T1 INNER JOIN cards AS T2 ON T1.uuid = T2.uuid WHERE T1.status = 'Banned' AND T2.borderColor = 'White',,,False,True,True,True,False,True,False,True,improved,both_wrong,both_wrong,regressed
362,362,card_games,moderate,"Among the Artifact cards, which are black color and comes with foreign languague translation?",Artifact card refers to originalType = 'Artifact'; black color refers to colors = 'B'; foreign language refers to language in foreign_data,SELECT DISTINCT T1.name FROM cards AS T1 INNER JOIN foreign_data AS T2 ON T1.uuid = T2.uuid WHERE T1.originalType = 'Artifact' AND T1.colors = 'B',False,False,False,1066,57,1.803035694999835,SELECT T1.name FROM cards AS T1 INNER JOIN foreign_data AS T2 ON T1.uuid = T2.uuid WHERE T1.type LIKE '%Artifact%' AND 'black' IN ( SELECT value FROM json_each(T1.colors) ) AND T2.language != 'English',malformed JSON,,True,True,False,1092,50,1.587616510999851,SELECT T1.name FROM cards AS T1 INNER JOIN foreign_data AS T2 ON T1.uuid = T2.uuid WHERE T1.originalType = 'Artifact' AND T1.colors = 'B' AND T2.language != 'English',,,True,False,False,1066,49,3.4413458359995275,SELECT T1.name FROM cards AS T1 INNER JOIN foreign_data AS T2 ON T1.uuid = T2.uuid WHERE T1.type LIKE '%Artifact%' AND T1.colors = 'B' AND T2.language != 'English',,,True,True,False,1092,50,3.536039057999915,SELECT T1.name FROM cards AS T1 INNER JOIN foreign_data AS T2 ON T1.uuid = T2.uuid WHERE T1.originalType = 'Artifact' AND T1.colors = 'B' AND T2.language != 'English',,,False,False,True,True,False,True,True,True,improved,improved,both_wrong,both_correct
363,363,card_games,moderate,"What is the mana cost of cards with a normal layout, a 2003 frame version, with a black border color, and available in paper and mtgo?","available in paper and mtgo refers to availability = 'mtgo,paper'; frameVersion = 2003;borderColor = 'black'","SELECT manaCost FROM cards WHERE availability = 'mtgo,paper' AND borderColor = 'black' AND frameVersion = 2003 AND layout = 'normal'",True,True,False,1084,41,1.317758959999992,SELECT manaCost FROM cards WHERE layout = 'normal' AND frameVersion = '2003' AND borderColor = 'black' AND availability LIKE '%paper%' AND availability LIKE '%mtgo%',,,True,True,False,1112,41,1.3507446550001987,SELECT manaCost FROM cards WHERE layout = 'normal' AND frameVersion = '2003' AND borderColor = 'black' AND availability LIKE '%paper%' AND availability LIKE '%mtgo%',,,True,False,False,1084,85,5.832424146000449,SELECT T1.manaCost FROM cards AS T1 INNER JOIN legalities AS T2 ON T1.uuid = T2.uuid WHERE T1.layout = 'normal' AND T1.frameVersion = '2003' AND T1.borderColor = 'black' AND T2.format = 'paper' AND T2.status = 'Legal' AND T1.availability = 'Available in paper and MTGO',,,True,True,False,1112,37,2.61122021600022,"SELECT manaCost FROM cards WHERE layout = 'normal' AND frameVersion = '2003' AND borderColor = 'black' AND availability = 'mtgo,paper'",,,True,True,True,True,False,True,True,True,both_correct,improved,regressed,both_correct
364,364,card_games,moderate,What is the percentage of Story Spotlight cards that do not have a text box? List them by their ID.,"Story Spotlight cards that do not have a text box refers to isStorylight = 1 and isTextless = 0; Percentage = DIVIDE(SUM(count(id) where isStorylight = 1 AND isTextless = 0 ), SUM(count(id))) * 100",SELECT CAST(SUM(CASE WHEN isTextless = 0 AND  isStorySpotlight = 1 THEN 1 ELSE 0 END) AS REAL) * 100 / COUNT(id) FROM cards,True,False,False,1071,53,1.7202309070000865,"SELECT CAST(SUM(CASE WHEN isStorySpotlight = 1 AND text IS NULL THEN 1 ELSE 0 END) AS REAL) * 100 / COUNT(id), id FROM cards WHERE isStorySpotlight = 1 GROUP BY id",,,True,True,False,1129,43,1.408115120000275,SELECT CAST(SUM(CASE WHEN isStorySpotlight = 1 AND isTextless = 0 THEN 1 ELSE 0 END) AS REAL) * 100 / COUNT(*) FROM cards,,,True,False,False,1071,44,3.0964455419998558,SELECT CAST(SUM(CASE WHEN isStorySpotlight = 1 AND isTextless = 1 THEN 1 ELSE 0 END) AS REAL) * 100 / COUNT(id) FROM cards,,,True,False,False,1129,54,3.759829196999817,"SELECT CAST(COUNT(CASE WHEN isStorySpotlight = 1 THEN id ELSE NULL END) AS REAL) * 100 / COUNT(id), id FROM cards WHERE isStorySpotlight = 1 AND isTextless = 0 GROUP BY id",,,False,True,True,True,False,True,False,True,improved,both_wrong,both_wrong,regressed
365,365,card_games,moderate,How many Brazilian Portuguese translated sets are inside the Commander block?,Commander block refer to block = 'Commander'; sets refer to code = setCode; Portuguese refer to language = 'Portuguese (Brasil)',SELECT COUNT(T1.id) FROM sets AS T1 INNER JOIN set_translations AS T2 ON T1.code = T2.setCode WHERE T2.language = 'Portuguese (Brazil)' AND T1.block = 'Commander',False,False,False,1061,50,1.6336792149998018,SELECT COUNT(T1.setCode) FROM sets AS T1 INNER JOIN set_translations AS T2 ON T1.code = T2.setCode WHERE T2.language = 'Portuguese (Brazil)' AND T1.block = 'Commander',no such column: T1.setCode,,False,False,False,1092,51,1.591179848000138,SELECT COUNT(T1.setCode) FROM sets AS T1 INNER JOIN set_translations AS T2 ON T1.code = T2.setCode WHERE T1.block = 'Commander' AND T2.language = 'Portuguese (Brasil)',no such column: T1.setCode,,True,True,False,1061,49,3.4060799959997894,SELECT COUNT(T1.id) FROM set_translations AS T1 INNER JOIN sets AS T2 ON T1.setCode = T2.code WHERE T1.language = 'Portuguese (Brazil)' AND T2.block = 'Commander',,,True,False,False,1092,50,3.4989696459997504,SELECT COUNT(T1.id) FROM set_translations AS T1 INNER JOIN sets AS T2 ON T1.setCode = T2.code WHERE T1.language = 'Portuguese (Brasil)' AND T2.block = 'Commander',,,False,False,False,False,True,True,False,True,both_wrong,regressed,improved,both_wrong
366,366,card_games,moderate,Lists all types of cards in German.,"German refer to language; all types refer to the subtypes, supertypes; subtypes is not null AND supertypes is not null","SELECT T1.subtypes, T1.supertypes FROM cards AS T1 INNER JOIN foreign_data AS T2 ON T1.uuid = T2.uuid WHERE T2.language = 'German' AND T1.subtypes IS NOT NULL AND T1.supertypes IS NOT NULL",True,False,False,1057,38,1.22162054599994,SELECT T1.type FROM cards AS T1 INNER JOIN foreign_data AS T2 ON T1.uuid = T2.uuid WHERE T2.language = 'German' GROUP BY T1.type,,,True,True,True,1085,57,1.7691878440000437,"SELECT T1.subtypes, T1.supertypes FROM cards AS T1 INNER JOIN foreign_data AS T2 ON T1.uuid = T2.uuid WHERE T2.language = 'German' AND T1.subtypes IS NOT NULL AND T1.supertypes IS NOT NULL",,,True,False,False,1057,38,2.665894549000768,SELECT T1.type FROM cards AS T1 INNER JOIN foreign_data AS T2 ON T1.uuid = T2.uuid WHERE T2.language = 'German' GROUP BY T1.type,,,True,False,False,1085,50,3.5190923250002015,SELECT T1.type FROM cards AS T1 INNER JOIN foreign_data AS T2 ON T1.uuid = T2.uuid WHERE T2.language = 'German' AND T1.subtypes IS NOT NULL AND T1.supertypes IS NOT NULL,,,False,True,True,True,False,True,False,True,improved,both_wrong,both_wrong,regressed
367,367,card_games,moderate,How many unknown power cards contain info about the triggered ability,unknown power cards refers to power is null or power = '*';contain info about the triggered ability refers to text contains 'triggered ability',SELECT Count(DISTINCT T1.id) FROM cards AS T1 INNER JOIN rulings AS T2 ON T1.uuid = T2.uuid WHERE (T1.power IS NULL OR T1.power = '*') AND T2.text LIKE '%triggered ability%',True,False,False,1061,20,0.6761454429999958,SELECT COUNT(*) FROM cards WHERE power = 'Unknown' AND text LIKE '%triggered ability%',,,True,False,False,1087,24,0.7796982279996882,SELECT COUNT(*) FROM cards WHERE (power IS NULL OR power = '*') AND text LIKE '%triggered ability%',,,True,False,False,1061,20,1.4651985399996192,SELECT COUNT(*) FROM cards WHERE power = 'Unknown' AND text LIKE '%triggered ability%',,,True,False,False,1087,25,1.7938304649997008,SELECT COUNT(uuid) FROM cards WHERE (power IS NULL OR power = '*') AND text LIKE '%triggered ability%',,,False,True,False,True,False,True,False,True,both_wrong,both_wrong,both_wrong,both_wrong
368,368,card_games,moderate,"Indicates the number of cards with pre-modern format, ruling text ""This is a triggered mana ability."" that do not have multiple faces.",pre-modern format refers to format = 'premodern' ;do not have multiple faces refers to side IS NULL,SELECT COUNT(T1.id) FROM cards AS T1 INNER JOIN legalities AS T2 ON T1.uuid = T2.uuid INNER JOIN rulings AS T3 ON T1.uuid = T3.uuid WHERE T2.format = 'premodern' AND T3.text = 'This is a triggered mana ability.' AND T1.Side IS NULL,False,False,False,1078,63,1.988118120000081,SELECT COUNT(*) FROM cards AS T1 INNER JOIN rulings AS T2 ON T1.uuid = T2.uuid WHERE T2.text = 'This is a triggered mana ability.' AND T1.otherFaceIds IS NULL AND T1.layout != 'double-faced' AND T1.format LIKE '%pre-modern%',no such column: T1.format,,True,True,False,1100,69,2.1492317789998197,SELECT COUNT(T1.uuid) FROM cards AS T1 INNER JOIN rulings AS T2 ON T1.uuid = T2.uuid INNER JOIN legalities AS T3 ON T1.uuid = T3.uuid WHERE T3.format = 'premodern' AND T2.text = 'This is a triggered mana ability.' AND T1.side IS NULL,,,True,False,False,1078,256,17.626091275000363,SELECT COUNT(T1.id) FROM cards AS T1 INNER JOIN rulings AS T2 ON T1.uuid = T2.uuid WHERE T2.text = 'This is a triggered mana ability.' AND T1.otherFaceIds IS NULL AND T1.layout != 'split' AND T1.layout != 'flip' AND T1.layout != 'transform' AND T1.layout != 'meld' AND T1.layout != 'adventure' AND T1.layout != 'consolidated' AND T1.layout != 'host' AND T1.layout != 'leveler' AND T1.layout != 'saga' AND T1.layout != 'token' AND T1.layout != 'plane' AND T1.layout != 'phenomenon' AND T1.layout != 'scheme' AND T1.layout != 'vanguard' AND T1.layout != 'augment' AND T1.layout != 'double_faced_token' AND T1.layout != 'emblem' AND T1.layout != 'incarnation' AND T1.layout != 'legendary_double_faced_card' AND T1.layout != 'modal_dfc' AND T1.layout != 'planar' AND T1.layout != 'scheme' AND T1.layout != 'spell' AND T1.layout,,,True,True,False,1100,56,3.8893814940001903,SELECT COUNT(T1.uuid) FROM legalities AS T1 INNER JOIN rulings AS T2 ON T1.uuid = T2.uuid WHERE T1.format = 'premodern' AND T2.text = 'This is a triggered mana ability.' AND T1.uuid IS NOT NULL,,,False,False,True,True,False,True,True,True,improved,improved,both_wrong,both_correct
369,369,card_games,moderate,"What is the foreign name of the card in French of type Creature, normal layout and black border color, by artist Matthew D. Wilson?",in French refers to language = 'French'; black border color refers to borderColor = 'black',SELECT name FROM foreign_data WHERE uuid IN ( SELECT uuid FROM cards WHERE types = 'Creature' AND layout = 'normal' AND borderColor = 'black' AND artist = 'Matthew D. Wilson' ) AND language = 'French',True,False,False,1077,68,2.142938331000096,SELECT T2.name FROM cards AS T1 INNER JOIN foreign_data AS T2 ON T1.uuid = T2.uuid WHERE T1.artist = 'Matthew D. Wilson' AND T1.type = 'Creature' AND T1.layout = 'normal' AND T1.borderColor = 'black' AND T2.language = 'French',,,True,False,False,1094,68,2.1117079830000876,SELECT T1.name FROM cards AS T1 INNER JOIN foreign_data AS T2 ON T1.uuid = T2.uuid WHERE T2.language = 'French' AND T1.type = 'Creature' AND T1.layout = 'normal' AND T1.borderColor = 'black' AND T1.artist = 'Matthew D. Wilson',,,True,False,False,1077,68,4.706718991999878,SELECT T1.name FROM cards AS T1 INNER JOIN foreign_data AS T2 ON T1.uuid = T2.uuid WHERE T1.artist = 'Matthew D. Wilson' AND T1.layout = 'normal' AND T1.borderColor = 'black' AND T1.type = 'Creature' AND T2.language = 'French',,,True,False,False,1094,68,4.740619897000215,SELECT T1.name FROM cards AS T1 INNER JOIN foreign_data AS T2 ON T1.uuid = T2.uuid WHERE T1.borderColor = 'black' AND T1.artist = 'Matthew D. Wilson' AND T1.layout = 'normal' AND T1.type = 'Creature' AND T2.language = 'French',,,False,True,False,True,False,True,False,True,both_wrong,both_wrong,both_wrong,both_wrong
370,370,card_games,simple,What language is the set of 180 cards that belongs to the Ravnica block translated into?,set of 180 cards refers to baseSetSize = 180,SELECT T2.language FROM sets AS T1 INNER JOIN set_translations AS T2 ON T1.code = T2.setCode WHERE T1.block = 'Ravnica' AND T1.baseSetSize = 180,True,True,True,1071,47,1.481898479000165,SELECT T2.language FROM sets AS T1 INNER JOIN set_translations AS T2 ON T1.code = T2.setCode WHERE T1.block = 'Ravnica' AND T1.baseSetSize = 180,,,True,True,True,1087,47,1.5458231570000862,SELECT T2.language FROM sets AS T1 INNER JOIN set_translations AS T2 ON T1.code = T2.setCode WHERE T1.block = 'Ravnica' AND T1.baseSetSize = 180,,,True,True,True,1071,47,3.281204264000735,SELECT T2.language FROM sets AS T1 INNER JOIN set_translations AS T2 ON T1.code = T2.setCode WHERE T1.block = 'Ravnica' AND T1.baseSetSize = 180,,,True,True,True,1087,47,3.2708349650001765,SELECT T2.language FROM sets AS T1 INNER JOIN set_translations AS T2 ON T1.code = T2.setCode WHERE T1.block = 'Ravnica' AND T1.baseSetSize = 180,,,True,True,True,True,True,True,True,True,both_correct,both_correct,both_correct,both_correct
371,371,card_games,challenging,What percentage of cards with format commander and legal status do not have a content warning?,"do not have a content warning refers to hasContentWarning = 0; percentage refers to DIVIDE(COUNT(hasContentWarning = 0),COUNT(ID))*100 where format = 'commander' AND Status = 'legal';",SELECT CAST(SUM(CASE WHEN T1.hasContentWarning = 0 THEN 1 ELSE 0 END) AS REAL) * 100 / COUNT(T1.id) FROM cards AS T1 INNER JOIN legalities AS T2 ON T1.uuid = T2.uuid WHERE T2.format = 'commander' AND T2.status = 'Legal',True,False,False,1066,72,2.2947512680000273,SELECT CAST(SUM(CASE WHEN T2.status = 'Legal' THEN 1 ELSE 0 END) AS REAL) * 100 / COUNT(*) FROM cards AS T1 INNER JOIN legalities AS T2 ON T1.uuid = T2.uuid WHERE T2.format = 'Commander' AND T1.hasContentWarning = 0,,,True,False,False,1112,69,2.1951632290001726,"SELECT CAST(SUM(IIF(T2.format = 'commander' AND T2.status = 'legal', 1, 0)) AS REAL) * 100 / COUNT(*) FROM cards AS T1 INNER JOIN legalities AS T2 ON T1.uuid = T2.uuid WHERE T1.hasContentWarning = 0",,,True,False,False,1066,75,5.202052605999597,SELECT CAST(SUM(CASE WHEN T2.status = 'Legal' THEN 1 ELSE 0 END) AS REAL) * 100 / COUNT(T1.id) FROM cards AS T1 INNER JOIN legalities AS T2 ON T1.uuid = T2.uuid WHERE T2.format = 'Commander' AND T1.hasContentWarning = 0,,,True,True,False,1112,70,4.8495614000003116,"SELECT CAST(SUM(IIF(T2.hasContentWarning = 0, 1, 0)) AS REAL) * 100 / COUNT(*) FROM legalities AS T1 INNER JOIN cards AS T2 ON T1.uuid = T2.uuid WHERE T1.format = 'commander' AND T1.status = 'Legal'",,,False,True,False,True,False,True,True,True,both_wrong,improved,both_wrong,improved
372,372,card_games,challenging,What percentage of cards without power are in French?,"in French refers to language = 'French'; cards without power refers to power IS NULL OR power = '*'; percentage = DIVIDE(COUNT(language = 'French' and power is NULL or power = '*'), COUNT( power is NULL or power = '*'))*100",SELECT CAST(SUM(CASE WHEN T2.language = 'French' THEN 1 ELSE 0 END) AS REAL) * 100 / COUNT(T1.id) FROM cards AS T1 INNER JOIN foreign_data AS T2 ON T1.uuid = T2.uuid WHERE T1.power IS NULL OR T1.power = '*',True,False,False,1059,60,1.9291241889998219,SELECT CAST(SUM(CASE WHEN T1.power IS NULL THEN 1 ELSE 0 END) AS REAL) * 100 / COUNT(*) FROM cards AS T1 INNER JOIN foreign_data AS T2 ON T1.uuid = T2.uuid WHERE T2.language = 'French',,,True,True,False,1114,66,2.0725437840001177,SELECT CAST(SUM(CASE WHEN T2.language = 'French' THEN 1 ELSE 0 END) AS REAL) * 100 / COUNT(*) FROM cards AS T1 INNER JOIN foreign_data AS T2 ON T1.uuid = T2.uuid WHERE T1.power IS NULL OR T1.power = '*',,,True,False,False,1059,63,4.371184545999313,SELECT CAST(SUM(CASE WHEN T1.power IS NULL THEN 1 ELSE 0 END) AS REAL) * 100 / COUNT(T2.id) FROM cards AS T1 INNER JOIN foreign_data AS T2 ON T1.uuid = T2.uuid WHERE T2.language = 'French',,,True,True,False,1114,63,4.419445611999436,"SELECT CAST(SUM(IIF(T2.language = 'French', 1, 0)) AS REAL) * 100 / COUNT(*) FROM cards AS T1 INNER JOIN foreign_data AS T2 ON T1.uuid = T2.uuid WHERE T1.power IS NULL OR T1.power = '*'",,,False,True,True,True,False,True,True,True,improved,improved,both_wrong,both_correct
373,373,card_games,simple,What is the language of the card with the multiverse number 149934?,multiverse number 149934 refers to multiverseid = 149934;,SELECT language FROM foreign_data WHERE multiverseid = 149934,False,False,False,1069,42,1.353396329999896,SELECT T2.language FROM foreign_data AS T1 INNER JOIN set_translations AS T2 ON T1.setCode = T2.setCode WHERE T1.multiverseid = 149934,no such column: T1.setCode,,False,False,False,1091,42,1.3381020560000252,SELECT T2.language FROM foreign_data AS T1 INNER JOIN set_translations AS T2 ON T1.setCode = T2.setCode WHERE T1.multiverseid = 149934,no such column: T1.setCode,,False,False,False,1069,42,2.974394541000038,SELECT T2.language FROM foreign_data AS T1 INNER JOIN set_translations AS T2 ON T1.setCode = T2.setCode WHERE T1.multiverseid = 149934,no such column: T1.setCode,,False,False,False,1091,42,2.9513816299995597,SELECT T2.language FROM foreign_data AS T1 INNER JOIN set_translations AS T2 ON T1.setcode = T2.setCode WHERE T1.multiverseid = 149934,no such column: T1.setcode,,False,False,False,False,False,False,False,False,both_wrong,both_wrong,both_wrong,both_wrong
374,374,card_games,simple,What proportion of cards do not have a text box with a normal layout?,"do not have a text box refers to isTextless = 1; proportion refers to DIVIDE(COUNT(Textless = 1 and layout = 'normal'),COUNT(Textless))*100",SELECT CAST(SUM(CASE WHEN isTextless = 1 AND layout = 'normal' THEN 1 ELSE 0 END) AS REAL) * 100 / COUNT(*) FROM cards,True,False,False,1064,43,1.384010384000021,SELECT CAST(SUM(CASE WHEN layout != 'normal' THEN 1 ELSE 0 END) AS REAL) * 100 / COUNT(*) FROM cards WHERE text IS NOT NULL AND text != '',,,True,True,True,1103,41,1.3077385120000145,SELECT CAST(SUM(CASE WHEN isTextless = 1 AND layout = 'normal' THEN 1 ELSE 0 END) AS REAL) * 100 / COUNT(*) FROM cards,,,True,False,False,1064,39,2.785879467000086,SELECT CAST(SUM(CASE WHEN layout = 'normal' THEN 1 ELSE 0 END) AS REAL) * 100 / COUNT(uuid) FROM cards WHERE text IS NULL,,,True,True,False,1103,39,2.749489578000066,"SELECT CAST(SUM(IIF(isTextless = 1 AND layout = 'normal', 1, 0)) AS REAL) * 100 / COUNT(uuid) FROM cards",,,False,True,True,True,False,True,True,True,improved,improved,both_wrong,both_correct
375,375,card_games,moderate,What languages are available in the set known as Archenemy on the magic card market and having the code ARC?,known as Archenemy refers to mcmName = 'Archenemy'; having the code ARC refers to setCode = 'ARC',SELECT T2.language FROM sets AS T1 INNER JOIN set_translations AS T2 ON T1.code = T2.setCode WHERE T1.mcmName = 'Archenemy' AND T2.setCode = 'ARC',True,True,False,1072,44,1.4070526400000745,SELECT T1.language FROM set_translations AS T1 INNER JOIN sets AS T2 ON T1.setCode = T2.code WHERE T2.name = 'Archenemy' AND T2.code = 'ARC',,,True,True,False,1098,46,1.4760864179997952,SELECT T1.language FROM set_translations AS T1 INNER JOIN sets AS T2 ON T1.setCode = T2.code WHERE T2.mcmName = 'Archenemy' AND T2.code = 'ARC',,,True,False,False,1072,49,3.4214666320003744,SELECT T1.language FROM set_translations AS T1 INNER JOIN sets AS T2 ON T1.setCode = T2.code WHERE T2.name = 'Archenemy' AND T2.mcmId = 35986,,,True,True,False,1098,46,3.237202737000189,SELECT T1.language FROM set_translations AS T1 INNER JOIN sets AS T2 ON T1.setCode = T2.code WHERE T2.mcmName = 'Archenemy' AND T2.code = 'ARC',,,True,True,True,True,False,True,True,True,both_correct,improved,regressed,both_correct
376,376,card_games,simple,"Which foreign language used by ""A Pedra Fellwar""?","""A Pedra Fellwar"" refers to name = 'A Pedra Fellwar'",SELECT DISTINCT language FROM foreign_data WHERE name = 'A Pedra Fellwar',True,False,False,1061,37,1.180416384999944,SELECT T2.language FROM cards AS T1 INNER JOIN foreign_data AS T2 ON T1.uuid = T2.uuid WHERE T1.name = 'A Pedra Fellwar',,,True,False,False,1076,37,1.194280273000004,SELECT T2.language FROM cards AS T1 INNER JOIN foreign_data AS T2 ON T1.uuid = T2.uuid WHERE T1.name = 'A Pedra Fellwar',,,True,False,False,1061,37,2.5838929199999257,SELECT T2.language FROM cards AS T1 INNER JOIN foreign_data AS T2 ON T1.uuid = T2.uuid WHERE T1.name = 'A Pedra Fellwar',,,True,False,False,1076,37,2.6456717720002416,SELECT T2.language FROM cards AS T1 INNER JOIN foreign_data AS T2 ON T1.uuid = T2.uuid WHERE T1.name = 'A Pedra Fellwar',,,False,True,False,True,False,True,False,True,both_wrong,both_wrong,both_wrong,both_wrong
377,377,card_games,moderate,"Which card costs more converted mana, ""Serra Angel"" or ""Shrine Keeper""?","""Serra Angel"" refers to name = 'Serra Angel'; ""Shrine Keeper"" refers to name = 'Shrine Keeper'; card costs more converted mana when the value of convertedManaCost is greater","SELECT name FROM cards WHERE name IN ('Serra Angel', 'Shrine Keeper') ORDER BY convertedManaCost DESC LIMIT 1",True,True,False,1067,68,2.130024368000022,SELECT CASE WHEN T1.convertedManaCost > T2.convertedManaCost THEN 'Serra Angel' ELSE 'Shrine Keeper' END AS More_Costly_Card FROM cards AS T1 INNER JOIN cards AS T2 ON T1.name = 'Serra Angel' AND T2.name = 'Shrine Keeper',,,True,True,False,1107,68,2.157409386999916,SELECT CASE WHEN T1.convertedManaCost > T2.convertedManaCost THEN T1.name ELSE T2.name END AS card_name FROM cards AS T1 INNER JOIN cards AS T2 ON T1.id != T2.id WHERE T1.name = 'Serra Angel' AND T2.name = 'Shrine Keeper',,,True,False,False,1067,65,4.479124866999882,"SELECT IIF(T1.convertedManaCost > T2.convertedManaCost, T1.name, T2.name) FROM cards AS T1 INNER JOIN cards AS T2 ON T1.id = T2.id WHERE T1.name = 'Serra Angel' AND T2.name = 'Shrine Keeper'",,,True,False,False,1107,65,4.563991970999268,"SELECT IIF(T1.convertedManaCost > T2.convertedManaCost, T1.name, T2.name) FROM cards AS T1 INNER JOIN cards AS T2 ON T1.id = T2.id WHERE T1.name = 'Serra Angel' AND T2.name = 'Shrine Keeper'",,,True,True,True,True,False,True,False,True,both_correct,both_wrong,regressed,regressed
378,378,card_games,moderate,"What's the Italian name of the set of cards with ""Ancestor's Chosen"" is in?","Italian is a language which refers to language = 'Italian'; with ""Ancestor's Chosen"" in the card set refers to name = 'Ancestor''s Chosen'",SELECT translation FROM set_translations WHERE setCode IN ( SELECT setCode FROM cards WHERE name = 'Ancestor''s Chosen' ) AND language = 'Italian',True,False,False,1070,46,1.4902159200000824,SELECT T1.translation FROM set_translations AS T1 INNER JOIN sets AS T2 ON T1.setCode = T2.code WHERE T2.name LIKE '%Ancestor%s Chosen%' AND T1.language = 'Italian',,,True,True,False,1104,48,1.5365913619998537,SELECT T1.translation FROM set_translations AS T1 INNER JOIN cards AS T2 ON T1.setCode = T2.setCode WHERE T2.name = 'Ancestor''s Chosen' AND T1.language = 'Italian',,,True,False,False,1070,49,3.4268563549994724,SELECT T2.translation FROM foreign_data AS T1 INNER JOIN set_translations AS T2 ON T1.uuid = T2.setCode WHERE T1.name = 'Ancestor''s Chosen' AND T2.language = 'Italian',,,True,False,False,1104,46,3.2467822150001666,SELECT T1.translation FROM set_translations AS T1 INNER JOIN sets AS T2 ON T1.setCode = T2.code WHERE T1.language = 'Italian' AND T2.name LIKE '%Ancestor%s Chosen%',,,False,True,True,True,False,True,False,True,improved,both_wrong,both_wrong,regressed
379,379,card_games,moderate,"For the set of cards with ""Ancestor's Chosen"" in it, is there a Korean version of it?","set of cards with ""Ancestor''s Chosen"" in it refers to name = 'Ancestor''s Chosen'; Korean version refers to language = 'Korean'","SELECT IIF(SUM(CASE WHEN T2.language = 'Korean' AND T2.translation IS NOT NULL THEN 1 ELSE 0 END) > 0, 'YES', 'NO') FROM cards AS T1 INNER JOIN set_translations AS T2 ON T2.setCode = T1.setCode WHERE T1.name = 'Ancestor''s Chosen'",True,False,False,1073,48,1.5625837039999624,SELECT T1.name FROM sets AS T1 INNER JOIN foreign_data AS T2 ON T1.code = T2.multiverseid WHERE T2.text LIKE '%Ancestor%s Chosen%' AND T2.language = 'Korean',,,True,False,False,1107,27,0.880333588999747,SELECT EXISTS(SELECT 1 FROM foreign_data WHERE name = 'Ancestor''s Chosen' AND language = 'Korean'),,,True,False,False,1073,47,3.2879093430001376,SELECT T1.name FROM sets AS T1 INNER JOIN set_translations AS T2 ON T1.code = T2.setCode WHERE T1.name LIKE '%Ancestor%s Chosen%' AND T2.language = 'Korean',,,True,False,False,1107,47,3.330976665999515,SELECT T2.language FROM cards AS T1 INNER JOIN foreign_data AS T2 ON T1.uuid = T2.uuid WHERE T1.name = 'Ancestor''s Chosen' AND T2.language = 'Korean',,,False,True,False,True,False,True,False,True,both_wrong,both_wrong,both_wrong,both_wrong
380,380,card_games,moderate,"Among the cards in the set ""Hauptset Zehnte Edition"", how many of them are designed by Adam Rex?","card set ""Hauptset Zehnte Edition"" refers to translation = 'Hauptset Zehnte Edition'; designed by Adam refers to artist = 'Adam Rex'",SELECT COUNT(T1.id) FROM cards AS T1 INNER JOIN set_translations AS T2 ON T2.setCode = T1.setCode WHERE T2.translation = 'Hauptset Zehnte Edition' AND T1.artist = 'Adam Rex',True,False,False,1074,46,1.4728234599999723,SELECT COUNT(*) FROM cards AS T1 INNER JOIN sets AS T2 ON T1.setCode = T2.code WHERE T2.name = 'Hauptset Zehnte Edition' AND T1.artist = 'Adam Rex',,,True,True,False,1107,51,1.613581897000131,SELECT COUNT(T1.id) FROM cards AS T1 INNER JOIN set_translations AS T2 ON T1.setCode = T2.setCode WHERE T2.translation = 'Hauptset Zehnte Edition' AND T1.artist = 'Adam Rex',,,True,True,False,1074,51,3.5206153240005733,SELECT COUNT(T1.id) FROM cards AS T1 INNER JOIN set_translations AS T2 ON T1.setCode = T2.setCode WHERE T2.translation = 'Hauptset Zehnte Edition' AND T1.artist = 'Adam Rex',,,True,True,False,1107,52,3.632919091000076,SELECT COUNT(T1.id) FROM cards AS T1 INNER JOIN set_translations AS T2 ON T1.setCode = T2.setCode WHERE T2.translation = 'Hauptset Zehnte Edition' AND T1.artist = 'Adam Rex',,,False,True,True,True,True,True,True,True,improved,both_correct,improved,both_correct
381,381,card_games,moderate,"What is the Simplified Chinese translation of the name of the set ""Eighth Edition""?",Eighth Edition is the name of card set which refers to name = 'Eighth Edition'; Simplified Chinese refers to language = 'Chinese Simplified'; translation of the name refers to translation,SELECT T2.translation FROM sets AS T1 INNER JOIN set_translations AS T2 ON T2.setCode = T1.code WHERE T1.name = 'Eighth Edition' AND T2.language = 'Chinese Simplified',True,False,False,1067,46,1.4542890640000223,SELECT T2.translation FROM sets AS T1 INNER JOIN set_translations AS T2 ON T1.code = T2.setCode WHERE T1.name = 'Eighth Edition' AND T2.language = 'Simplified Chinese',,,True,True,False,1104,46,1.452636282000185,SELECT T2.translation FROM sets AS T1 INNER JOIN set_translations AS T2 ON T1.code = T2.setCode WHERE T1.name = 'Eighth Edition' AND T2.language = 'Chinese Simplified',,,True,False,False,1067,46,3.218737723000231,SELECT T2.translation FROM sets AS T1 INNER JOIN set_translations AS T2 ON T1.code = T2.setCode WHERE T1.name = 'Eighth Edition' AND T2.language = 'Simplified Chinese',,,True,True,False,1104,46,3.229819062000388,SELECT T2.translation FROM sets AS T1 INNER JOIN set_translations AS T2 ON T1.code = T2.setCode WHERE T1.name = 'Eighth Edition' AND T2.language = 'Chinese Simplified',,,False,True,True,True,False,True,True,True,improved,improved,both_wrong,both_correct
382,382,card_games,moderate,"Did the set of cards with ""Angel of Mercy"" appear on Magic: The Gathering Online?","card set ""Angel of Mercy"" refers to name = 'Angel of Mercy'; appear on Magic: The Gathering Online refers to mtgoCode is NOT NULL and vice versa","SELECT IIF(T2.mtgoCode IS NOT NULL, 'YES', 'NO') FROM cards AS T1 INNER JOIN sets AS T2 ON T2.code = T1.setCode WHERE T1.name = 'Angel of Mercy'",True,False,False,1068,36,1.1457246800000576,SELECT T1.isOnlineOnly FROM sets AS T1 INNER JOIN cards AS T2 ON T1.code = T2.setCode WHERE T2.name = 'Angel of Mercy',,,True,False,False,1101,57,1.7890279920002286,SELECT CASE WHEN T1.mtgoCode IS NOT NULL THEN 'Yes' ELSE 'No' END AS appears_on_mtg_online FROM sets AS T1 INNER JOIN cards AS T2 ON T1.code = T2.setCode WHERE T2.name = 'Angel of Mercy',,,True,False,False,1068,36,2.5422348929996588,SELECT T1.isOnlineOnly FROM sets AS T1 INNER JOIN cards AS T2 ON T1.code = T2.setCode WHERE T2.name = 'Angel of Mercy',,,True,False,False,1101,48,3.364957839999988,"SELECT IIF(T1.mtgoCode IS NULL, 'No', 'Yes') FROM sets AS T1 INNER JOIN cards AS T2 ON T1.code = T2.setCode WHERE T2.name = 'Angel of Mercy'",,,False,True,False,True,False,True,False,True,both_wrong,both_wrong,both_wrong,both_wrong
383,383,card_games,moderate,"Among the sets in the block ""Ice Age"", how many of them have an Italian translation?","sets in the block ""Ice Age"" refers to block = 'Ice Age'; Italian translation refers to language = 'Italian' and translation is not null",SELECT COUNT(DISTINCT T1.id) FROM sets AS T1 INNER JOIN set_translations AS T2 ON T2.setCode = T1.code WHERE T1.block = 'Ice Age' AND T2.language = 'Italian' AND T2.translation IS NOT NULL,False,False,False,1068,46,1.4450858000000153,SELECT COUNT(T1.setCode) FROM sets AS T1 INNER JOIN set_translations AS T2 ON T1.code = T2.setCode WHERE T1.block = 'Ice Age' AND T2.language = 'Italian',no such column: T1.setCode,,False,False,False,1097,53,1.6751922319999721,SELECT COUNT(T1.setCode) FROM sets AS T1 INNER JOIN set_translations AS T2 ON T1.code = T2.setCode WHERE T1.block = 'Ice Age' AND T2.language = 'Italian' AND T2.translation IS NOT NULL,no such column: T1.setCode,,True,False,False,1068,45,3.1276058170005854,SELECT COUNT(T1.id) FROM set_translations AS T1 INNER JOIN sets AS T2 ON T1.setCode = T2.code WHERE T2.block = 'Ice Age' AND T1.language = 'Italian',,,True,True,False,1097,52,3.7093185230005474,SELECT COUNT(T1.id) FROM set_translations AS T1 INNER JOIN sets AS T2 ON T1.setCode = T2.code WHERE T2.block = 'Ice Age' AND T1.language = 'Italian' AND T1.translation IS NOT NULL,,,False,False,False,False,False,True,True,True,both_wrong,improved,both_wrong,improved
384,384,card_games,moderate,Is the set of cards with Adarkar Valkyrie only available outside the United States?,card set Adarkar Valkyrie refers to name = 'Adarkar Valkyrie'; isForeignOnly = 1 means only available outside the United States;,"SELECT IIF(isForeignOnly = 1, 'YES', 'NO') FROM cards AS T1 INNER JOIN sets AS T2 ON T2.code = T1.setCode WHERE T1.name = 'Adarkar Valkyrie'",True,False,False,1068,46,1.4398012100000415,SELECT T1.name FROM sets AS T1 INNER JOIN cards AS T2 ON T1.code = T2.setCode WHERE T2.name = 'Adarkar Valkyrie' AND T1.isForeignOnly = 1,,,True,False,False,1100,39,1.2537164740001572,SELECT T2.isForeignOnly FROM cards AS T1 INNER JOIN sets AS T2 ON T1.setCode = T2.code WHERE T1.name = 'Adarkar Valkyrie',,,True,False,False,1068,46,3.1184919099996478,SELECT T1.name FROM sets AS T1 INNER JOIN cards AS T2 ON T1.code = T2.setCode WHERE T2.name = 'Adarkar Valkyrie' AND T1.isForeignOnly = 1,,,True,False,False,1100,39,2.706489617999978,SELECT T2.isForeignOnly FROM cards AS T1 INNER JOIN sets AS T2 ON T1.setCode = T2.code WHERE T1.name = 'Adarkar Valkyrie',,,False,True,False,True,False,True,False,True,both_wrong,both_wrong,both_wrong,both_wrong
385,385,card_games,moderate,"Among the sets of cards that have an Italian translation, how many of them have a base set number of under 100?",Italian translation refers to language = 'Italian'; have a translation means translation is not null; base set number of under 100 refers to baseSetSize < 10,SELECT COUNT(T1.id) FROM sets AS T1 INNER JOIN set_translations AS T2 ON T2.setCode = T1.code WHERE T2.translation IS NOT NULL AND T1.baseSetSize < 100 AND T2.language = 'Italian',False,False,False,1076,48,1.5269542589999219,SELECT COUNT(T2.setCode) FROM set_translations AS T1 INNER JOIN sets AS T2 ON T1.setCode = T2.code WHERE T1.language = 'Italian' AND T2.baseSetSize < 100,no such column: T2.setCode,,False,False,False,1111,48,1.5094507809999413,SELECT COUNT(T2.setCode) FROM set_translations AS T1 INNER JOIN sets AS T2 ON T1.setCode = T2.code WHERE T1.language = 'Italian' AND T2.baseSetSize < 100,no such column: T2.setCode,,False,False,False,1076,48,3.2949214870004653,SELECT COUNT(T2.setCode) FROM set_translations AS T1 INNER JOIN sets AS T2 ON T1.setCode = T2.code WHERE T1.language = 'Italian' AND T2.baseSetSize < 100,no such column: T2.setCode,,False,False,False,1111,48,3.356724803999896,SELECT COUNT(T2.setCode) FROM set_translations AS T1 INNER JOIN sets AS T2 ON T1.setCode = T2.code WHERE T1.language = 'Italian' AND T2.baseSetSize < 100,no such column: T2.setCode,,False,False,False,False,False,False,False,False,both_wrong,both_wrong,both_wrong,both_wrong
386,386,card_games,challenging,"Which of these artists have designed a card in the set Coldsnap, Jeremy Jarvis, Aaron Miller or Chippy?","card set Coldsnap refers to name = 'Coldsnap'; Jeremy Jarvis, Aaron Miller or Chippy are the name of artists which refers to artist IN ('Jeremy Jarvis', 'Aaron Miller','Chippy');",SELECT T1.artist FROM cards AS T1 INNER JOIN sets AS T2 ON T2.code = T1.setCode WHERE (T2.name = 'Coldsnap' AND T1.artist = 'Chippy') OR (T2.name = 'Coldsnap' AND T1.artist = 'Aaron Miller') OR (T2.name = 'Coldsnap' AND T1.artist = 'Jeremy Jarvis') GROUP BY T1.artist,True,False,False,1073,30,0.9763522409998586,"SELECT DISTINCT artist FROM cards WHERE setCode = 'Coldsnap' AND artist IN ('Jeremy Jarvis', 'Aaron Miller', 'Chippy')",,,True,True,False,1114,39,1.2583843600000364,"SELECT DISTINCT artist FROM cards WHERE artist IN ('Jeremy Jarvis', 'Aaron Miller', 'Chippy') AND setCode IN ( SELECT code FROM sets WHERE name = 'Coldsnap' )",,,True,True,False,1073,52,3.536602199999834,"SELECT DISTINCT T1.artist FROM cards AS T1 INNER JOIN sets AS T2 ON T1.setCode = T2.code WHERE T1.artist IN ('Jeremy Jarvis', 'Aaron Miller', 'Chippy') AND T2.name = 'Coldsnap'",,,True,True,False,1114,51,3.55553624499953,"SELECT T1.artist FROM cards AS T1 INNER JOIN sets AS T2 ON T1.setCode = T2.code WHERE T2.name = 'Coldsnap' AND T1.artist IN ('Jeremy Jarvis', 'Aaron Miller', 'Chippy')",,,False,True,True,True,True,True,True,True,improved,both_correct,improved,both_correct
387,387,card_games,moderate,"Among the cards with converted mana cost higher than 5 in the set Coldsnap, how many of them have unknown power?",card set Coldsnap refers to name = 'Coldsnap'; converted mana cost higher than 5 refers to convertedManaCost > 5; unknown power refers to power = '*' or T1.power is null,SELECT SUM(CASE WHEN T1.power = '*' OR T1.power IS NULL THEN 1 ELSE 0 END) FROM cards AS T1 INNER JOIN sets AS T2 ON T2.code = T1.setCode WHERE T2.name = 'Coldsnap' AND T1.convertedManaCost > 5,True,False,False,1075,26,0.881886429999895,SELECT COUNT(*) FROM cards WHERE setCode = 'Coldsnap' AND convertedManaCost > 5 AND power IS NULL,,,True,True,False,1117,60,1.8856545580001693,SELECT COUNT(T2.id) FROM sets AS T1 INNER JOIN cards AS T2 ON T1.code = T2.setCode WHERE T1.name = 'Coldsnap' AND T2.convertedManaCost > 5 AND (T2.power = '*' OR T2.power IS NULL),,,True,False,False,1075,52,3.5369609009994747,SELECT COUNT(T1.id) FROM cards AS T1 INNER JOIN sets AS T2 ON T1.setCode = T2.code WHERE T1.convertedManaCost > 5 AND T2.name = 'Coldsnap' AND T1.power IS NULL,,,True,True,False,1117,60,4.212115217000246,SELECT COUNT(T2.id) FROM sets AS T1 INNER JOIN cards AS T2 ON T1.code = T2.setCode WHERE T1.name = 'Coldsnap' AND T2.convertedManaCost > 5 AND (T2.power IS NULL OR T2.power = '*'),,,False,True,True,True,False,True,True,True,improved,improved,both_wrong,both_correct
388,388,card_games,moderate,"What is the Italian flavor text of the card ""Ancestor's Chosen""?","Italian refers to language = 'Italian'; flavor text refers to flavorText; ""Ancestor''s Chosen"" refers to name = 'Ancestor''s Chosen'",SELECT T2.flavorText FROM cards AS T1 INNER JOIN foreign_data AS T2 ON T2.uuid = T1.uuid WHERE T1.name = 'Ancestor''s Chosen' AND T2.language = 'Italian',True,True,False,1065,48,1.5704656049999812,SELECT T2.flavorText FROM cards AS T1 INNER JOIN foreign_data AS T2 ON T1.uuid = T2.uuid WHERE T1.name = 'Ancestor''s Chosen' AND T2.language = 'Italian',,,True,True,False,1098,48,1.5226351850001265,SELECT T2.flavorText FROM cards AS T1 INNER JOIN foreign_data AS T2 ON T1.uuid = T2.uuid WHERE T1.name = 'Ancestor''s Chosen' AND T2.language = 'Italian',,,True,True,False,1065,48,3.30534049400012,SELECT T2.flavorText FROM cards AS T1 INNER JOIN foreign_data AS T2 ON T1.uuid = T2.uuid WHERE T1.name = 'Ancestor''s Chosen' AND T2.language = 'Italian',,,True,True,False,1098,48,3.3465744280001672,SELECT T2.flavorText FROM cards AS T1 INNER JOIN foreign_data AS T2 ON T1.uuid = T2.uuid WHERE T1.name = 'Ancestor''s Chosen' AND T2.language = 'Italian',,,True,True,True,True,True,True,True,True,both_correct,both_correct,both_correct,both_correct
389,389,card_games,moderate,Please list the Italian text ruling of all the cards in the set Coldsnap.,card set Coldsnap refers to name = 'Coldsnap'; Italian refers to language = 'Italian',SELECT DISTINCT T1.text FROM foreign_data AS T1 INNER JOIN cards AS T2 ON T2.uuid = T1.uuid INNER JOIN sets AS T3 ON T3.code = T2.setCode WHERE T3.name = 'Coldsnap' AND T1.language = 'Italian',False,False,False,1066,56,1.7746725909998986,SELECT T1.text FROM rulings AS T1 INNER JOIN cards AS T2 ON T1.uuid = T2.uuid INNER JOIN sets AS T3 ON T2.setCode = T3.code WHERE T3.name = 'Coldsnap' AND T1.language = 'Italian',no such column: T1.language,,True,False,False,1086,57,1.8056692370000746,SELECT T2.text FROM sets AS T1 INNER JOIN rulings AS T2 ON T1.code = T2.uuid INNER JOIN foreign_data AS T3 ON T2.uuid = T3.uuid WHERE T1.name = 'Coldsnap' AND T3.language = 'Italian',,,False,False,False,1066,56,3.9415648899994267,SELECT T1.text FROM rulings AS T1 INNER JOIN cards AS T2 ON T1.uuid = T2.uuid INNER JOIN sets AS T3 ON T2.setCode = T3.code WHERE T3.name = 'Coldsnap' AND T1.language = 'Italian',no such column: T1.language,,False,False,False,1086,58,4.027302231000249,SELECT T1.text FROM rulings AS T1 INNER JOIN cards AS T2 ON T1.uuid = T2.uuid INNER JOIN set_translations AS T3 ON T2.setCode = T3.setCode WHERE T3.translation = 'Coldsnap' AND T1.language = 'Italian',no such column: T1.language,,False,False,False,True,False,False,False,False,both_wrong,both_wrong,both_wrong,both_wrong
390,390,card_games,moderate,Please list the Italian names of the cards in the set Coldsnap with the highest converted mana cost.,card set Coldsnap refers to name = 'Coldsnap'; Italian refers to language = 'Italian'; highest converted mana cost refers to MAX(convertedManaCost),SELECT T2.name FROM foreign_data AS T1 INNER JOIN cards AS T2 ON T2.uuid = T1.uuid INNER JOIN sets AS T3 ON T3.code = T2.setCode WHERE T3.name = 'Coldsnap' AND T1.language = 'Italian' ORDER BY T2.convertedManaCost DESC,True,False,False,1070,72,2.271444868999879,SELECT T1.name FROM cards AS T1 INNER JOIN foreign_data AS T2 ON T1.uuid = T2.uuid INNER JOIN set_translations AS T3 ON T3.setCode = T1.setCode WHERE T3.language = 'Italian' AND T1.setCode = 'Coldsnap' ORDER BY T1.convertedManaCost DESC LIMIT 1,,,True,False,False,1102,56,1.7689298990003408,SELECT T1.name FROM cards AS T1 INNER JOIN foreign_data AS T2 ON T1.uuid = T2.uuid WHERE T1.setCode = 'Coldsnap' AND T2.language = 'Italian' ORDER BY T1.convertedManaCost DESC LIMIT 1,,,True,False,False,1070,72,4.932570457000111,SELECT T1.name FROM cards AS T1 INNER JOIN foreign_data AS T2 ON T1.uuid = T2.uuid INNER JOIN set_translations AS T3 ON T3.setCode = T1.setCode WHERE T3.language = 'Italian' AND T1.setcode = 'Coldsnap' ORDER BY T1.convertedManaCost DESC LIMIT 1,,,True,False,False,1102,72,4.995020242999999,SELECT T1.name FROM foreign_data AS T1 INNER JOIN cards AS T2 ON T1.uuid = T2.uuid INNER JOIN set_translations AS T3 ON T3.setCode = T2.setCode WHERE T3.language = 'Italian' AND T2.setcode = 'Coldsnap' ORDER BY T2.convertedManaCost DESC LIMIT 1,,,False,True,False,True,False,True,False,True,both_wrong,both_wrong,both_wrong,both_wrong
391,391,card_games,moderate,What is the percentage of the cards with a converted mana cost of 7 in the set Coldsnap?,"converted mana cost of 7 refers to convertedManaCost = 7; card set Coldsnap refers to name = 'Coldsnap'; percentage = DIVIDE(SUM(convertedManaCost = 7), SUM(convertedManaCost))*100",SELECT CAST(SUM(CASE WHEN T1.convertedManaCost = 7 THEN 1 ELSE 0 END) AS REAL) * 100 / COUNT(T1.id) FROM cards AS T1 INNER JOIN sets AS T2 ON T2.code = T1.setCode WHERE T2.name = 'Coldsnap',True,True,False,1071,65,2.0336083960000906,SELECT CAST(SUM(CASE WHEN T1.convertedManaCost = 7 THEN 1 ELSE 0 END) AS REAL) * 100 / COUNT(*) FROM cards AS T1 INNER JOIN sets AS T2 ON T1.setCode = T2.code WHERE T2.name = 'Coldsnap',,,True,True,False,1122,68,2.157599334000224,SELECT CAST(SUM(CASE WHEN T2.convertedManaCost = 7 THEN 1 ELSE 0 END) AS REAL) * 100 / COUNT(T2.id) FROM sets AS T1 INNER JOIN cards AS T2 ON T1.code = T2.setCode WHERE T1.name = 'Coldsnap',,,True,True,False,1071,68,4.68248468100046,SELECT CAST(SUM(CASE WHEN T1.convertedManaCost = 7 THEN 1 ELSE 0 END) AS REAL) * 100 / COUNT(T2.id) FROM cards AS T1 INNER JOIN sets AS T2 ON T1.setCode = T2.code WHERE T2.name = 'Coldsnap',,,True,True,False,1122,67,4.627768814999399,SELECT CAST(COUNT(CASE WHEN T2.convertedManaCost = 7 THEN 1 ELSE NULL END) AS REAL) * 100 / COUNT(T2.id) FROM sets AS T1 INNER JOIN cards AS T2 ON T1.code = T2.setCode WHERE T1.name = 'Coldsnap',,,True,True,True,True,True,True,True,True,both_correct,both_correct,both_correct,both_correct
392,392,card_games,challenging,What is the percentage of incredibly powerful cards in the set Coldsnap?,"card set Coldsnap refers to name = 'Coldsnap'; foil is incredibly powerful refers to cardKingdomFoilId is not null AND cardKingdomId is not null; the percentage of incredibly powerful cards in the set refers to DIVIDE(SUM(incredibly powerful), SUM(name = 'Coldsnap'))*100",SELECT CAST(SUM(CASE WHEN T1.cardKingdomFoilId IS NOT NULL AND T1.cardKingdomId IS NOT NULL THEN 1 ELSE 0 END) AS REAL) * 100 / COUNT(T1.id) FROM cards AS T1 INNER JOIN sets AS T2 ON T2.code = T1.setCode WHERE T2.name = 'Coldsnap',True,False,False,1064,73,2.285542802000009,SELECT CAST(SUM(CASE WHEN T1.power = '5' AND T1.toughness = '5' THEN 1 ELSE 0 END) AS REAL) * 100 / COUNT(*) FROM cards AS T1 INNER JOIN sets AS T2 ON T1.setCode = T2.code WHERE T2.name = 'Coldsnap',,,True,True,False,1133,64,2.031835358999615,SELECT CAST(SUM(CASE WHEN cardKingdomFoilId IS NOT NULL AND cardKingdomId IS NOT NULL THEN 1 ELSE 0 END) AS REAL) * 100 / COUNT(*) FROM cards WHERE setCode IN ( SELECT code FROM sets WHERE name = 'Coldsnap' ),,,True,False,False,1064,73,5.043624332000036,SELECT CAST(SUM(CASE WHEN T1.power = '3' THEN 1 ELSE 0 END) AS REAL) * 100 / COUNT(T1.id) FROM cards AS T1 INNER JOIN sets AS T2 ON T1.setCode = T2.code WHERE T2.name = 'Coldsnap' AND T1.power IS NOT NULL,,,True,True,False,1133,70,4.859410627000216,SELECT CAST(SUM(CASE WHEN T2.cardKingdomFoilId IS NOT NULL THEN 1 ELSE 0 END) AS REAL) * 100 / COUNT(T1.id) FROM sets AS T1 INNER JOIN cards AS T2 ON T1.code = T2.setCode WHERE T1.name = 'Coldsnap',,,False,True,True,True,False,True,True,True,improved,improved,both_wrong,both_correct
393,393,card_games,moderate,Which of the play format has the highest number of banned status? Indicate the play format and the names of all the card meet the condition.,play format refers to format; banned status refers to status = 'Banned'; the highest number of banned status refers to MAX(COUNT(status = 'Banned')),"WITH MaxBanned AS (SELECT format, COUNT(*) AS count_banned FROM legalities WHERE status = 'Banned' GROUP BY format ORDER BY COUNT(*) DESC LIMIT 1) SELECT T2.format, T1.name FROM cards AS T1 INNER JOIN legalities AS T2 ON T2.uuid = T1.uuid INNER JOIN MaxBanned MB ON MB.format = T2.format WHERE T2.status = 'Banned'",True,False,False,1078,56,1.7820160320000014,"SELECT T1.format, GROUP_CONCAT(T2.name) FROM legalities AS T1 INNER JOIN cards AS T2 ON T1.uuid = T2.uuid WHERE T1.status = 'Banned' GROUP BY T1.format ORDER BY COUNT(*) DESC LIMIT 1;",,,True,False,False,1109,58,1.8218772139998691,"SELECT T1.format, GROUP_CONCAT(T2.name) FROM legalities AS T1 INNER JOIN cards AS T2 ON T1.uuid = T2.uuid WHERE T1.status = 'Banned' GROUP BY T1.format ORDER BY COUNT(T1.status) DESC LIMIT 1",,,True,False,False,1078,54,3.7099444460000086,"SELECT T1.format, T2.name FROM legalities AS T1 INNER JOIN cards AS T2 ON T1.uuid = T2.uuid WHERE T1.status = 'Banned' GROUP BY T1.format ORDER BY COUNT(T1.format) DESC LIMIT 1",,,True,False,False,1109,54,3.77199043300061,"SELECT T1.format, T2.name FROM legalities AS T1 INNER JOIN cards AS T2 ON T1.uuid = T2.uuid WHERE T1.status = 'Banned' GROUP BY T1.format ORDER BY COUNT(T1.status) DESC LIMIT 1",,,False,True,False,True,False,True,False,True,both_wrong,both_wrong,both_wrong,both_wrong
394,394,card_games,moderate,Which cards are ranked 1st on EDHRec? List all of the cards name and its banned play format.,ranked 1st on EDHRec refers to edhrecRank = 1; banned refers to status = 'Banned'; play format refers to format; cards name refers to name,"SELECT T1.name, T2.format FROM cards AS T1 INNER JOIN legalities AS T2 ON T2.uuid = T1.uuid WHERE T1.edhrecRank = 1 AND T2.status = 'Banned' GROUP BY T1.name, T2.format",False,False,False,1073,62,1.993728112000099,"SELECT T2.name, T3.format FROM legalities AS T1 INNER JOIN cards AS T2 ON T1.uuid = T2.uuid INNER JOIN formats AS T3 ON T1.format = T3.name WHERE T1.status = 'Banned' AND T2.edhrecRank = 1",no such table: formats,,True,True,False,1111,69,2.173370757000157,"SELECT T2.name, T3.format FROM legalities AS T1 INNER JOIN cards AS T2 ON T1.uuid = T2.uuid INNER JOIN ( SELECT DISTINCT format, uuid FROM legalities WHERE status = 'Banned' ) AS T3 ON T2.uuid = T3.uuid WHERE T2.edhrecRank = 1",,,False,False,False,1073,62,4.2992185909997715,"SELECT T2.name, T3.format FROM legalities AS T1 INNER JOIN cards AS T2 ON T1.uuid = T2.uuid INNER JOIN rulings AS T3 ON T2.uuid = T3.uuid WHERE T1.status = 'Banned' AND T2.edhrecRank = 1",no such column: T3.format,,True,False,False,1111,67,4.612300419999883,"SELECT T2.name, T3.format FROM legalities AS T1 INNER JOIN cards AS T2 ON T1.uuid = T2.uuid INNER JOIN ( SELECT DISTINCT format FROM legalities WHERE status = 'Banned' ) AS T3 ON T1.format = T3.format WHERE T2.edhrecRank = 1",,,False,False,True,True,False,False,False,True,improved,both_wrong,both_wrong,regressed
395,395,card_games,challenging,List the names of all the cards in the set Hour of Devastation and find the formats in which these cards are legal.,the set Hour of Devastation refers to set.name = 'Hour of Devastation'; names of all the cards in the set refers to cards.name; legal cards refers to status = 'Legal'; the formats refers to format,"SELECT DISTINCT T2.name , CASE WHEN T1.status = 'Legal' THEN T1.format ELSE NULL END FROM legalities AS T1 INNER JOIN cards AS T2 ON T2.uuid = T1.uuid WHERE T2.setCode IN ( SELECT code FROM sets WHERE name = 'Hour of Devastation' )",True,False,False,1075,58,1.8337957589999405,"SELECT T1.name, T3.format FROM cards AS T1 INNER JOIN set_translations AS T2 ON T1.setCode = T2.setCode INNER JOIN legalities AS T3 ON T1.uuid = T3.uuid WHERE T2.translation = 'Hour of Devastation'",,,True,False,False,1120,67,2.0850565460000325,"SELECT DISTINCT T1.name, T3.format FROM cards AS T1 INNER JOIN set_translations AS T2 ON T1.setCode = T2.setCode INNER JOIN legalities AS T3 ON T1.uuid = T3.uuid WHERE T2.translation = 'Hour of Devastation' AND T3.status = 'Legal'",,,True,True,False,1075,63,4.348967843000537,"SELECT T1.name, T2.format FROM cards AS T1 INNER JOIN legalities AS T2 ON T1.uuid = T2.uuid INNER JOIN sets AS T3 ON T1.setCode = T3.code WHERE T3.name = 'Hour of Devastation' AND T2.status = 'Legal'",,,True,True,False,1120,63,4.398001939000096,"SELECT T1.name, T2.format FROM cards AS T1 INNER JOIN legalities AS T2 ON T1.uuid = T2.uuid INNER JOIN sets AS T3 ON T1.setCode = T3.code WHERE T3.name = 'Hour of Devastation' AND T2.status = 'Legal'",,,False,True,False,True,True,True,True,True,both_wrong,both_correct,improved,improved
396,396,card_games,moderate,Find and list the names of sets which doesn't have Japanese translation but have Korean translation.,names of sets refers to name; doesn't have Japanese translation refers to language not like '%Japanese%'; have Korean translation refers to language = 'Korean',SELECT name FROM sets WHERE code IN ( SELECT setCode FROM set_translations WHERE language = 'Korean' AND language NOT LIKE '%Japanese%' ),True,False,False,1067,60,1.9152157969999735,SELECT T1.name FROM sets AS T1 INNER JOIN set_translations AS T2 ON T1.code = T2.setCode WHERE T2.language = 'Korean' AND NOT EXISTS ( SELECT 1 FROM set_translations WHERE setCode = T1.code AND language = 'Japanese' ),,,True,True,False,1097,60,1.886068558000261,SELECT T1.name FROM sets AS T1 INNER JOIN set_translations AS T2 ON T1.code = T2.setCode WHERE T2.language NOT LIKE '%Japanese%' AND EXISTS ( SELECT 1 FROM set_translations WHERE setCode = T1.code AND language = 'Korean' ),,,True,False,False,1067,63,4.395126106000134,SELECT T1.name FROM sets AS T1 INNER JOIN set_translations AS T2 ON T1.code = T2.setCode WHERE T2.language = 'Korean' AND T1.code NOT IN ( SELECT T3.setcode FROM set_translations AS T3 WHERE T3.language = 'Japanese' ),,,True,True,False,1097,41,2.861048363000009,SELECT T1.name FROM sets AS T1 INNER JOIN set_translations AS T2 ON T1.code = T2.setCode WHERE T2.language != 'Japanese' AND T2.translation IS NOT NULL,,,False,True,True,True,False,True,True,True,improved,improved,both_wrong,both_correct
397,397,card_games,moderate,List all the frame styles and cards Allen Williams worked on and find any banned cards if there are any.,frame styles refers to frameVersion; cards Allen Williams worked on refers to artist = 'Allen Williams'; banned cards refers to status = 'Banned',"SELECT DISTINCT T1.frameVersion, T1.name , IIF(T2.status = 'Banned', T1.name, 'NO') FROM cards AS T1 INNER JOIN legalities AS T2 ON T1.uuid = T2.uuid WHERE T1.artist = 'Allen Williams'",False,False,False,1070,49,1.5732373099999677,"SELECT DISTINCT T1.frameEffects, T2.name FROM cards AS T1 INNER JOIN legalities AS T2 ON T1.uuid = T2.uuid WHERE T1.artist = 'Allen Williams' AND T2.status = 'Banned'",no such column: T2.name,,False,False,False,1098,49,1.5986000409998269,"SELECT DISTINCT T1.frameVersion, T2.name FROM legalities AS T1 INNER JOIN cards AS T2 ON T1.uuid = T2.uuid WHERE T2.artist = 'Allen Williams' OR T1.status = 'Banned'",no such column: T1.frameVersion,,False,False,False,1070,48,3.3401967039999363,"SELECT T1.frameEffects, T2.name FROM cards AS T1 INNER JOIN legalities AS T2 ON T1.uuid = T2.uuid WHERE T1.artist = 'Allen Williams' AND T2.status = 'Banned'",no such column: T2.name,,False,False,False,1098,48,3.296919872000217,"SELECT T1.frameVersion, T2.name FROM cards AS T1 INNER JOIN legalities AS T2 ON T1.uuid = T2.uuid WHERE T1.artist = 'Allen Williams' AND T2.status = 'Banned'",no such column: T2.name,,False,False,False,False,False,False,False,False,both_wrong,both_wrong,both_wrong,both_wrong
398,398,toxicology,simple,What is the most common bond type?,most common bond type refers MAX(COUNT(bond_type)),"SELECT T.bond_type FROM ( SELECT bond_type, COUNT(bond_id) FROM bond GROUP BY bond_type ORDER BY COUNT(bond_id) DESC LIMIT 1 ) AS T",True,True,False,358,21,0.6608198540000103,SELECT bond_type FROM bond GROUP BY bond_type ORDER BY COUNT(bond_type) DESC LIMIT 1,,,True,True,False,368,21,0.6723369110000021,SELECT bond_type FROM bond GROUP BY bond_type ORDER BY COUNT(bond_type) DESC LIMIT 1,,,True,True,False,358,21,1.435962862999986,SELECT bond_type FROM bond GROUP BY bond_type ORDER BY COUNT(bond_type) DESC LIMIT 1,,,True,True,False,368,21,1.4290714209992075,SELECT bond_type FROM bond GROUP BY bond_type ORDER BY COUNT(bond_type) DESC LIMIT 1,,,True,True,True,True,True,True,True,True,both_correct,both_correct,both_correct,both_correct
399,399,toxicology,moderate,Calculate the average number of oxygen atoms in single-bonded molecules.,single-bonded molecules refers to bond_type = '-' ; average number of oxygen atom = AVG(element = 'o'),"SELECT AVG(oxygen_count) FROM (SELECT T1.molecule_id, COUNT(T1.element) AS oxygen_count FROM atom AS T1 INNER JOIN bond AS T2 ON T1.molecule_id = T2.molecule_id  WHERE T2.bond_type = '-' AND T1.element = 'o'  GROUP BY T1.molecule_id) AS oxygen_counts",False,False,False,364,97,3.001444187000061,"SELECT AVG(COUNT(*)) FROM ( SELECT T1.molecule_id, COUNT(T3.element) AS oxygen_count FROM molecule AS T1 INNER JOIN bond AS T2 ON T1.molecule_id = T2.molecule_id INNER JOIN atom AS T3 ON T1.molecule_id = T3.molecule_id WHERE T2.bond_type = 'single' AND T3.element = 'O' GROUP BY T1.molecule_id ) WHERE oxygen_count > 0",misuse of aggregate function COUNT(),,True,False,False,386,68,2.154097297000135,SELECT AVG(CASE WHEN T1.element = 'o' THEN 1 ELSE 0 END) FROM atom AS T1 INNER JOIN connected AS T2 ON T1.atom_id = T2.atom_id INNER JOIN bond AS T3 ON T2.bond_id = T3.bond_id WHERE T3.bond_type = '-',,,True,False,False,364,83,5.612948780999432,SELECT CAST(SUM(CASE WHEN T1.element = 'O' THEN 1 ELSE 0 END) AS REAL) / COUNT(T3.bond_id) FROM atom AS T1 INNER JOIN connected AS T2 ON T1.atom_id = T2.atom_id INNER JOIN bond AS T3 ON T2.bond_id = T3.bond_id WHERE T3.bond_type = 'S',,,True,False,False,386,81,5.520978800000194,SELECT CAST(SUM(CASE WHEN T1.element = 'O' THEN 1 ELSE 0 END) AS REAL) / COUNT(T3.bond_id) FROM atom AS T1 INNER JOIN connected AS T2 ON T1.atom_id = T2.atom_id INNER JOIN bond AS T3 ON T2.bond_id = T3.bond_id WHERE T3.bond_type = '-',,,False,False,False,True,False,True,False,True,both_wrong,both_wrong,both_wrong,both_wrong
400,400,toxicology,challenging,On average how many carcinogenic molecules are single bonded?,"carcinogenic molecules refers to label = '+'; single-bonded refers to bond_type = '-'; average = DIVIDE(SUM(bond_type = '-'), COUNT(atom_id))","SELECT AVG(single_bond_count) FROM (SELECT T3.molecule_id, COUNT(T1.bond_type) AS single_bond_count FROM bond AS T1  INNER JOIN atom AS T2 ON T1.molecule_id = T2.molecule_id INNER JOIN molecule AS T3 ON T3.molecule_id = T2.molecule_id WHERE T1.bond_type = '-' AND T3.label = '+' GROUP BY T3.molecule_id) AS subquery",True,False,False,361,62,1.901484058000051,SELECT AVG(CASE WHEN T1.bond_type = 'single' THEN 1 ELSE 0 END) AS avg_single_bonded FROM bond AS T1 INNER JOIN molecule AS T2 ON T1.molecule_id = T2.molecule_id WHERE T2.label LIKE '%carcinogenic%',,,True,False,False,396,56,1.7507237120003083,SELECT AVG(CASE WHEN T1.bond_type = '-' THEN 1 ELSE 0 END) AS avg_single_bonded FROM bond AS T1 INNER JOIN molecule AS T2 ON T1.molecule_id = T2.molecule_id WHERE T2.label = '+',,,True,False,False,361,68,4.632080473000315,SELECT CAST(COUNT(T1.molecule_id) AS REAL) / COUNT(DISTINCT T1.molecule_id) FROM bond AS T1 INNER JOIN molecule AS T2 ON T1.molecule_id = T2.molecule_id WHERE T1.bond_type = 'single' AND T2.label = 'carcinogenic',,,True,False,False,396,82,5.583983108000211,SELECT CAST(COUNT(CASE WHEN T1.bond_type = '-' THEN T3.molecule_id ELSE NULL END) AS REAL) / COUNT(T3.molecule_id) FROM bond AS T1 INNER JOIN connected AS T2 ON T1.bond_id = T2.bond_id INNER JOIN molecule AS T3 ON T2.atom_id = T3.molecule_id WHERE T3.label = '+',,,False,True,False,True,False,True,False,True,both_wrong,both_wrong,both_wrong,both_wrong
401,401,toxicology,simple,Find the triple-bonded molecules which are carcinogenic.,triple-bonded molecules refers to bond_type = '#'; carcinogenic refers to label = '+',SELECT DISTINCT T2.molecule_id FROM bond AS T1 INNER JOIN molecule AS T2 ON T1.molecule_id = T2.molecule_id WHERE T1.bond_type = '#' AND T2.label = '+',True,False,False,362,49,1.5060488489998534,SELECT T1.label FROM molecule AS T1 INNER JOIN bond AS T2 ON T1.molecule_id = T2.molecule_id WHERE T2.bond_type = 'triple' AND T1.label LIKE '%carcinogenic%',,,True,False,False,381,42,1.2895675739996477,SELECT T1.label FROM molecule AS T1 INNER JOIN bond AS T2 ON T1.molecule_id = T2.molecule_id WHERE T2.bond_type = '#' AND T1.label = '+',,,True,False,False,362,49,3.333513034999669,SELECT T1.label FROM molecule AS T1 INNER JOIN bond AS T2 ON T1.molecule_id = T2.molecule_id WHERE T2.bond_type = 'triple' AND T1.label LIKE '%carcinogenic%',,,True,False,False,381,42,2.8462240799999563,SELECT T1.label FROM molecule AS T1 INNER JOIN bond AS T2 ON T1.molecule_id = T2.molecule_id WHERE T2.bond_type = '#' AND T1.label = '+',,,False,True,False,True,False,True,False,True,both_wrong,both_wrong,both_wrong,both_wrong
402,402,toxicology,moderate,What is the percentage of carbon in double-bond molecules?,"carbon refers to element = 'c'; double-bond molecules refers to bond_type = '='; percentage = DIVIDE(SUM(element = 'c'), COUNT(atom_id))",SELECT CAST(COUNT(DISTINCT CASE WHEN T1.element = 'c' THEN T1.atom_id ELSE NULL END) AS REAL) * 100 / COUNT(DISTINCT T1.atom_id) FROM atom AS T1 INNER JOIN bond AS T2 ON T1.molecule_id = T2.molecule_id WHERE T2.bond_type = '=',True,False,False,362,85,2.5918846909999047,SELECT CAST(SUM(CASE WHEN T1.element = 'C' THEN 1 ELSE 0 END) AS REAL) * 100 / COUNT(*) FROM atom AS T1 INNER JOIN molecule AS T2 ON T1.molecule_id = T2.molecule_id INNER JOIN bond AS T3 ON T2.molecule_id = T3.molecule_id WHERE T3.bond_type = 'double',,,True,False,False,394,87,2.6735298939997847,SELECT CAST(SUM(CASE WHEN T1.element = 'c' THEN 1 ELSE 0 END) AS REAL) * 100 / COUNT(T1.atom_id) FROM atom AS T1 INNER JOIN molecule AS T2 ON T1.molecule_id = T2.molecule_id INNER JOIN bond AS T3 ON T2.molecule_id = T3.molecule_id WHERE T3.bond_type = '=',,,True,False,False,362,72,4.891244278000158,SELECT CAST(SUM(CASE WHEN T1.bond_type = 'DOUBLE' THEN 1 ELSE 0 END) AS REAL) * 100 / COUNT(T1.bond_id) FROM bond AS T1 INNER JOIN molecule AS T2 ON T1.molecule_id = T2.molecule_id WHERE T2.label LIKE '%C%',,,True,False,False,394,84,5.714839451999978,SELECT CAST(COUNT(CASE WHEN T1.element = 'C' THEN 1 ELSE NULL END) AS REAL) * 100 / COUNT(T1.atom_id) FROM atom AS T1 INNER JOIN connected AS T2 ON T1.atom_id = T2.atom_id INNER JOIN bond AS T3 ON T2.bond_id = T3.bond_id WHERE T3.bond_type = '=',,,False,True,False,True,False,True,False,True,both_wrong,both_wrong,both_wrong,both_wrong
403,403,toxicology,challenging,What elements are in the TR004_8_9 bond atoms?,TR004_8_9 bond atoms refers to bond_id = 'TR004_8_9';,SELECT DISTINCT T1.element FROM atom AS T1 INNER JOIN connected AS T2 ON T1.atom_id = T2.atom_id WHERE T2.bond_id = 'TR004_8_9',True,False,False,366,54,1.6469956690000345,SELECT T1.element FROM atom AS T1 INNER JOIN connected AS T2 ON T1.atom_id = T2.atom_id WHERE T2.bond_id IN ( SELECT bond_id FROM bond WHERE molecule_id = 'TR004_8_9' ),,,True,True,False,389,43,1.3243689380001342,SELECT T1.element FROM atom AS T1 INNER JOIN connected AS T2 ON T1.atom_id = T2.atom_id WHERE T2.bond_id = 'TR004_8_9',,,True,True,False,366,43,2.918652880999616,SELECT T1.element FROM atom AS T1 INNER JOIN connected AS T2 ON T1.atom_id = T2.atom_id WHERE T2.bond_id = 'TR004_8_9',,,True,True,False,389,43,2.9422599330000594,SELECT T1.element FROM atom AS T1 INNER JOIN connected AS T2 ON T1.atom_id = T2.atom_id WHERE T2.bond_id = 'TR004_8_9',,,False,True,True,True,True,True,True,True,improved,both_correct,improved,both_correct
404,404,toxicology,challenging,What elements are in a double type bond?,double type bond refers to bond_type = '=';,SELECT DISTINCT T1.element FROM atom AS T1 INNER JOIN bond AS T2 ON T1.molecule_id = T2.molecule_id INNER JOIN connected AS T3 ON T1.atom_id = T3.atom_id WHERE T2.bond_type = '=',True,False,False,359,54,1.6439195329999166,SELECT T1.element FROM atom AS T1 INNER JOIN connected AS T2 ON T1.atom_id = T2.atom_id INNER JOIN bond AS T3 ON T2.bond_id = T3.bond_id WHERE T3.bond_type = 'double',,,True,False,False,367,53,1.6769661869998345,SELECT DISTINCT T1.element FROM atom AS T1 INNER JOIN connected AS T2 ON T1.atom_id = T2.atom_id INNER JOIN bond AS T3 ON T2.bond_id = T3.bond_id WHERE T3.bond_type = '=',,,True,False,False,359,59,4.048333527000068,SELECT T1.element FROM atom AS T1 INNER JOIN connected AS T2 ON T1.atom_id = T2.atom_id INNER JOIN bond AS T3 ON T2.bond_id = T3.bond_id WHERE T3.bond_type = 'DOUBLE' GROUP BY T1.element,,,True,False,False,367,57,3.876508549999926,SELECT T1.element FROM atom AS T1 INNER JOIN connected AS T2 ON T1.atom_id = T2.atom_id INNER JOIN bond AS T3 ON T2.bond_id = T3.bond_id WHERE T3.bond_type = '=' GROUP BY T1.element,,,False,True,False,True,False,True,False,True,both_wrong,both_wrong,both_wrong,both_wrong
405,405,toxicology,moderate,Which type of label is the most numerous in atoms with hydrogen?,with hydrogen refers to element = 'h'; label most numerous in atoms refers to MAX(COUNT(label)); ,"SELECT T.label FROM ( SELECT T2.label, COUNT(T2.molecule_id) FROM atom AS T1 INNER JOIN molecule AS T2 ON T1.molecule_id = T2.molecule_id WHERE T1.element = 'h' GROUP BY T2.label ORDER BY COUNT(T2.molecule_id) DESC LIMIT 1 ) t",True,False,False,363,52,1.5860938729999816,SELECT T1.label FROM molecule AS T1 INNER JOIN atom AS T2 ON T1.molecule_id = T2.molecule_id WHERE T2.element = 'H' GROUP BY T1.label ORDER BY COUNT(T1.label) DESC LIMIT 1,,,True,True,False,382,52,1.6231546219996744,SELECT T1.label FROM molecule AS T1 INNER JOIN atom AS T2 ON T1.molecule_id = T2.molecule_id WHERE T2.element = 'h' GROUP BY T1.label ORDER BY COUNT(T1.label) DESC LIMIT 1,,,True,False,False,363,52,3.5213788320006643,SELECT T1.label FROM molecule AS T1 INNER JOIN atom AS T2 ON T1.molecule_id = T2.molecule_id WHERE T2.element = 'H' GROUP BY T1.label ORDER BY COUNT(T1.label) DESC LIMIT 1,,,True,True,False,382,52,3.5951481470001454,SELECT T1.label FROM molecule AS T1 INNER JOIN atom AS T2 ON T1.molecule_id = T2.molecule_id WHERE T2.element = 'h' GROUP BY T1.label ORDER BY COUNT(T1.label) DESC LIMIT 1,,,False,True,True,True,False,True,True,True,improved,improved,both_wrong,both_correct
406,406,toxicology,challenging,Which element is the least numerous in non-carcinogenic molecules?,label = '-' means molecules are non-carcinogenic; least numerous refers to MIN(COUNT(element));,"SELECT T.element FROM (SELECT T1.element, COUNT(DISTINCT T1.molecule_id) FROM atom AS T1 INNER JOIN molecule AS T2 ON T1.molecule_id = T2.molecule_id WHERE T2.label = '-' GROUP BY T1.element ORDER BY COUNT(DISTINCT T1.molecule_id) ASC LIMIT 1) t",True,True,False,364,56,1.7184777390000363,SELECT T1.element FROM atom AS T1 INNER JOIN molecule AS T2 ON T1.molecule_id = T2.molecule_id WHERE T2.label NOT LIKE '%carcinogenic%' GROUP BY T1.element ORDER BY COUNT(T1.atom_id) ASC LIMIT 1,,,True,True,False,383,50,1.5338987919999454,SELECT T1.element FROM atom AS T1 INNER JOIN molecule AS T2 ON T1.molecule_id = T2.molecule_id WHERE T2.label = '-' GROUP BY T1.element ORDER BY COUNT(T1.element) ASC LIMIT 1,,,True,True,False,364,54,3.661288108000008,SELECT T1.element FROM atom AS T1 INNER JOIN molecule AS T2 ON T1.molecule_id = T2.molecule_id WHERE T2.label != 'carcinogenic' GROUP BY T1.element ORDER BY COUNT(T1.element) ASC LIMIT 1,,,True,True,False,383,50,3.374102904999745,SELECT T1.element FROM atom AS T1 INNER JOIN molecule AS T2 ON T1.molecule_id = T2.molecule_id WHERE T2.label = '-' GROUP BY T1.element ORDER BY COUNT(T1.element) ASC LIMIT 1,,,True,True,True,True,True,True,True,True,both_correct,both_correct,both_correct,both_correct
407,407,toxicology,moderate,What type of bond is there between the atoms TR004_8 and TR004_20?,type of bond refers to bond_type; between the atoms TR004_8 and TR004_20 refers to atom_id = 'TR004_8' AND atom_id2 = 'TR004_20' OR another way around,SELECT T1.bond_type FROM bond AS T1 INNER JOIN connected AS T2 ON T1.bond_id = T2.bond_id WHERE T2.atom_id = 'TR004_8' AND T2.atom_id2 = 'TR004_20' OR T2.atom_id2 = 'TR004_8' AND T2.atom_id = 'TR004_20',True,True,False,374,92,2.805831790999946,SELECT T1.bond_type FROM bond AS T1 INNER JOIN connected AS T2 ON T1.bond_id = T2.bond_id WHERE (T2.atom_id = 'TR004_8' AND T2.atom_id2 = 'TR004_20') OR (T2.atom_id = 'TR004_20' AND T2.atom_id2 = 'TR004_8'),,,True,True,False,429,92,2.826535650000096,SELECT T1.bond_type FROM bond AS T1 INNER JOIN connected AS T2 ON T1.bond_id = T2.bond_id WHERE (T2.atom_id = 'TR004_8' AND T2.atom_id2 = 'TR004_20') OR (T2.atom_id = 'TR004_20' AND T2.atom_id2 = 'TR004_8'),,,True,True,False,374,60,4.10747026900026,SELECT T1.bond_type FROM bond AS T1 INNER JOIN connected AS T2 ON T1.bond_id = T2.bond_id WHERE T2.atom_id = 'TR004_8' AND T2.atom_id2 = 'TR004_20',,,True,True,False,429,92,6.2684186509995925,SELECT T1.bond_type FROM bond AS T1 INNER JOIN connected AS T2 ON T1.bond_id = T2.bond_id WHERE (T2.atom_id = 'TR004_8' AND T2.atom_id2 = 'TR004_20') OR (T2.atom_id = 'TR004_20' AND T2.atom_id2 = 'TR004_8'),,,True,True,True,True,True,True,True,True,both_correct,both_correct,both_correct,both_correct
408,408,toxicology,challenging,How many atoms with iodine and with sulfur type elements are there in single bond molecules?,with iodine element refer to element = 'i'; with sulfur element refers to element = 's'; single type bond refers to bond_type = '-'; Should consider the distinct atoms when counting;,"SELECT COUNT(DISTINCT CASE WHEN T1.element = 'i' THEN T1.atom_id ELSE NULL END) AS iodine_nums , COUNT(DISTINCT CASE WHEN T1.element = 's' THEN T1.atom_id ELSE NULL END) AS sulfur_nums FROM atom AS T1 INNER JOIN connected AS T2 ON T1.atom_id = T2.atom_id INNER JOIN bond AS T3 ON T2.bond_id = T3.bond_id WHERE T3.bond_type = '-'",True,False,False,368,79,2.428307595999968,SELECT COUNT(DISTINCT T1.atom_id) FROM atom AS T1 INNER JOIN molecule AS T2 ON T1.molecule_id = T2.molecule_id INNER JOIN bond AS T3 ON T2.molecule_id = T3.molecule_id WHERE (T1.element = 'I' OR T1.element = 'S') AND T3.bond_type = 'single',,,True,False,False,405,77,2.358006209999985,SELECT COUNT(DISTINCT T1.atom_id) FROM atom AS T1 INNER JOIN molecule AS T2 ON T1.molecule_id = T2.molecule_id INNER JOIN bond AS T3 ON T2.molecule_id = T3.molecule_id WHERE (T1.element = 'i' OR T1.element = 's') AND T3.bond_type = '-',,,True,False,False,368,92,6.25909323399992,SELECT COUNT(T1.atom_id) FROM atom AS T1 INNER JOIN molecule AS T2 ON T1.molecule_id = T2.molecule_id INNER JOIN connected AS T3 ON T1.atom_id = T3.atom_id INNER JOIN bond AS T4 ON T3.bond_id = T4.bond_id WHERE (T1.element = 'I' OR T1.element = 'S') AND T4.bond_type = 'single',,,True,False,False,405,75,5.079180259999703,SELECT COUNT(DISTINCT T1.atom_id) FROM atom AS T1 INNER JOIN connected AS T2 ON T1.atom_id = T2.atom_id INNER JOIN bond AS T3 ON T2.bond_id = T3.bond_id WHERE (T1.element = 'i' OR T1.element = 's') AND T3.bond_type = '-',,,False,True,False,True,False,True,False,True,both_wrong,both_wrong,both_wrong,both_wrong
409,409,toxicology,challenging,What percentage of carcinogenic-type molecules does not contain fluorine?,"label = '+' mean molecules are carcinogenic; contain fluorine refers to element = 'f'; percentage = DIVIDE(SUM(element = 'f') * 100, COUNT(molecule_id)) where label = '+'; Should consider the distinct atoms when counting;",SELECT CAST(COUNT(DISTINCT CASE WHEN T1.element <> 'f' THEN T2.molecule_id ELSE NULL END) AS REAL) * 100 / COUNT(DISTINCT T2.molecule_id) FROM atom AS T1 INNER JOIN molecule AS T2 ON T1.molecule_id = T2.molecule_id WHERE T2.label = '+',False,False,False,363,103,3.1870061590000205,SELECT CAST(SUM(CASE WHEN T1.label LIKE '%carcinogenic%' THEN 1 ELSE 0 END) - SUM(CASE WHEN T3.element = 'Fluorine' THEN 1 ELSE 0 END) AS REAL) * 100 / COUNT(T1.molecule_id) FROM molecule AS T1 INNER JOIN connected AS T2 ON T1.molecule_id = T2.molecule_id INNER JOIN atom AS T3 ON T2.atom_id = T3.atom_id,no such column: T2.molecule_id,,True,False,False,415,89,2.7382007730002442,SELECT CAST(SUM(CASE WHEN T3.element != 'f' THEN 1 ELSE 0 END) AS REAL) * 100 / COUNT(DISTINCT T1.molecule_id) FROM molecule AS T1 INNER JOIN atom AS T2 ON T1.molecule_id = T2.molecule_id INNER JOIN atom AS T3 ON T2.molecule_id = T3.molecule_id WHERE T1.label = '+',,,True,False,False,363,72,4.884622462999687,SELECT CAST(SUM(CASE WHEN T1.label LIKE '%carcinogenic%' THEN 1 ELSE 0 END) AS REAL) * 100 / COUNT(T1.molecule_id) FROM molecule AS T1 INNER JOIN atom AS T2 ON T1.molecule_id = T2.molecule_id WHERE T2.element != 'Fl',,,True,True,False,415,93,6.328643809999448,SELECT CAST(COUNT(DISTINCT CASE WHEN T3.element != 'F' THEN T1.molecule_id ELSE NULL END) AS REAL) * 100 / COUNT(DISTINCT T1.molecule_id) FROM molecule AS T1 INNER JOIN atom AS T2 ON T1.molecule_id = T2.molecule_id INNER JOIN atom AS T3 ON T2.molecule_id = T3.molecule_id WHERE T1.label = '+',,,False,False,False,True,False,True,True,True,both_wrong,improved,both_wrong,improved
410,410,toxicology,challenging,What is the percentage of carcinogenic molecules in triple type bonds?,"label = '+' mean molecules are carcinogenic; triple bond refers to bond_type = '#'; percentage = DIVIDE(SUM(bond_type = '#') * 100, COUNT(bond_id)) as percent where label = '+'",SELECT CAST(COUNT(DISTINCT CASE WHEN T2.label = '+' THEN T2.molecule_id ELSE NULL END) AS REAL) * 100 / COUNT(DISTINCT T2.molecule_id) FROM atom AS T1 INNER JOIN molecule AS T2 ON T1.molecule_id = T2.molecule_id INNER JOIN bond AS T3 ON T2.molecule_id = T3.molecule_id WHERE T3.bond_type = '#',True,False,False,363,75,2.2893502700001136,SELECT CAST(SUM(CASE WHEN T1.bond_type = 'triple' THEN 1 ELSE 0 END) AS REAL) * 100 / COUNT(T1.bond_id) FROM bond AS T1 INNER JOIN molecule AS T2 ON T1.molecule_id = T2.molecule_id WHERE T2.label LIKE '%carcinogenic%',,,True,False,False,409,68,2.1471111690002544,SELECT CAST(SUM(CASE WHEN T2.bond_type = '#' THEN 1 ELSE 0 END) AS REAL) * 100 / COUNT(T2.bond_id) FROM molecule AS T1 INNER JOIN bond AS T2 ON T1.molecule_id = T2.molecule_id WHERE T1.label = '+',,,True,False,False,363,75,5.155657520999739,SELECT CAST(SUM(CASE WHEN T1.bond_type = 'triple' THEN 1 ELSE 0 END) AS REAL) * 100 / COUNT(T1.bond_id) FROM bond AS T1 INNER JOIN molecule AS T2 ON T1.molecule_id = T2.molecule_id WHERE T2.label = 'carcinogenic',,,True,False,False,409,67,4.54812706499979,SELECT CAST(COUNT(CASE WHEN T2.bond_type = '#' THEN 1 ELSE NULL END) AS REAL) * 100 / COUNT(T2.bond_id) FROM molecule AS T1 INNER JOIN bond AS T2 ON T1.molecule_id = T2.molecule_id WHERE T1.label = '+',,,False,True,False,True,False,True,False,True,both_wrong,both_wrong,both_wrong,both_wrong
411,411,toxicology,challenging,Please list top three elements of the toxicology of the molecule TR000 in alphabetical order.,TR000 is the molecule id;,SELECT DISTINCT T.element FROM atom AS T WHERE T.molecule_id = 'TR000' ORDER BY T.element LIMIT 3,True,False,False,370,48,1.4860564749999412,SELECT T1.element FROM atom AS T1 INNER JOIN molecule AS T2 ON T1.molecule_id = T2.molecule_id WHERE T2.label = 'TR000' ORDER BY T1.element ASC LIMIT 3,,,True,False,False,377,48,1.514417547999983,SELECT T1.element FROM atom AS T1 INNER JOIN molecule AS T2 ON T1.molecule_id = T2.molecule_id WHERE T2.label = 'TR000' ORDER BY T1.element ASC LIMIT 3,,,True,False,False,370,47,3.1857725290001326,SELECT T1.element FROM atom AS T1 INNER JOIN molecule AS T2 ON T1.molecule_id = T2.molecule_id WHERE T2.label = 'TR000' ORDER BY T1.element LIMIT 3,,,True,False,False,377,48,3.2671742869997615,SELECT DISTINCT T1.element FROM atom AS T1 INNER JOIN molecule AS T2 ON T1.molecule_id = T2.molecule_id WHERE T2.label = 'TR000' ORDER BY T1.element LIMIT 3,,,False,True,False,True,False,True,False,True,both_wrong,both_wrong,both_wrong,both_wrong
412,412,toxicology,moderate,What is the percentage of double bonds in the molecule TR008? Please provide your answer as a percentage with five decimal places.,"double bond refers to bond_type = '='; TR008 is the molecule id; percentage = DIVIDE(SUM(bond_type = '='), COUNT(bond_id)) as percent where molecule_id = 'TR008'","SELECT ROUND(CAST(COUNT(CASE WHEN T.bond_type = '=' THEN T.bond_id ELSE NULL END) AS REAL) * 100 / COUNT(T.bond_id),5) FROM bond AS T WHERE T.molecule_id = 'TR008'",True,False,False,377,58,1.8025124079999841,SELECT CAST(SUM(CASE WHEN bond_type = 'double' THEN 1 ELSE 0 END) AS REAL) * 100 / COUNT(bond_id) FROM bond WHERE molecule_id IN ( SELECT molecule_id FROM molecule WHERE label = 'TR008' ),,,True,False,False,422,46,1.418806442999994,SELECT CAST(SUM(CASE WHEN bond_type = '=' THEN 1 ELSE 0 END) AS REAL) * 100 / COUNT(bond_id) FROM bond WHERE molecule_id = 'TR008',,,True,False,False,377,75,5.107874896000794,SELECT CAST(SUM(CASE WHEN T1.bond_type = 'DOUBLE' THEN 1 ELSE 0 END) AS REAL) * 100 / COUNT(T1.bond_id) FROM bond AS T1 INNER JOIN molecule AS T2 ON T1.molecule_id = T2.molecule_id WHERE T2.label = 'TR008',,,True,False,False,422,72,4.879710003000582,SELECT CAST(COUNT(CASE WHEN T1.bond_type = '=' THEN 1 ELSE NULL END) AS REAL) * 100 / COUNT(T1.bond_id) FROM bond AS T1 INNER JOIN molecule AS T2 ON T1.molecule_id = T2.molecule_id WHERE T2.label = 'TR008',,,False,True,False,True,False,True,False,True,both_wrong,both_wrong,both_wrong,both_wrong
413,413,toxicology,simple,What is the percentage of molecules that are carcinogenic? Please provide your answer as a percentage with three decimal places.,"label = '+' mean molecules are carcinogenic; percentage = DIVIDE(SUM(label = '+'), COUNT(molecule_id)) as percent","SELECT ROUND(CAST(COUNT(CASE WHEN T.label = '+' THEN T.molecule_id ELSE NULL END) AS REAL) * 100 / COUNT(T.molecule_id),3) FROM molecule t",True,False,False,373,39,1.2105468299998847,SELECT CAST(SUM(CASE WHEN label LIKE '%carcinogenic%' THEN 1 ELSE 0 END) AS REAL) * 100 / COUNT(molecule_id) FROM molecule,,,True,False,False,398,37,1.139690580000206,SELECT CAST(SUM(CASE WHEN label = '+' THEN 1 ELSE 0 END) AS REAL) * 100 / COUNT(molecule_id) AS percent FROM molecule,,,True,False,False,373,69,4.651981738999893,"SELECT CAST(SUM(IIF(T1.label = 'carcinogenic', 1, 0)) AS REAL) * 100 / COUNT(T1.molecule_id) FROM molecule AS T1 INNER JOIN atom AS T2 ON T1.molecule_id = T2.molecule_id WHERE T2.element = 'C'",,,True,False,False,398,33,2.2669230150004296,"SELECT CAST(SUM(IIF(label = '+', 1, 0)) AS REAL) * 100 / COUNT(molecule_id) FROM molecule",,,False,True,False,True,False,True,False,True,both_wrong,both_wrong,both_wrong,both_wrong
414,414,toxicology,moderate,How much of the hydrogen in molecule TR206 is accounted for? Please provide your answer as a percentage with four decimal places.,"hydrogen refers to element = 'h'; TR206 is the molecule id; percentage = DIVIDE(SUM(element = 'h'), COUNT(atom_id)) as percent where molecule_id = 'TR206'","SELECT ROUND(CAST(COUNT(CASE WHEN T.element = 'h' THEN T.atom_id ELSE NULL END) AS REAL) * 100 / COUNT(T.atom_id),4) FROM atom AS T WHERE T.molecule_id = 'TR206'",True,False,False,377,68,2.1083081210001637,SELECT CAST(SUM(CASE WHEN T1.element = 'H' THEN 1 ELSE 0 END) AS REAL) * 100 / COUNT(*) FROM atom AS T1 INNER JOIN molecule AS T2 ON T1.molecule_id = T2.molecule_id WHERE T2.label = 'TR206',,,True,False,False,420,44,1.3496566369999528,SELECT CAST(SUM(CASE WHEN element = 'h' THEN 1 ELSE 0 END) AS REAL) * 100 / COUNT(*) FROM atom WHERE molecule_id = 'TR206',,,True,False,False,377,86,5.82248752400028,SELECT CAST(COUNT(DISTINCT T1.atom_id) AS REAL) * 100 / ( SELECT COUNT(DISTINCT atom_id) FROM atom WHERE molecule_id = 'TR206' ) FROM atom AS T1 INNER JOIN connected AS T2 ON T1.atom_id = T2.atom_id WHERE T1.element = 'H' AND T1.molecule_id = 'TR206',,,True,False,False,420,71,4.810873583000102,SELECT CAST(COUNT(CASE WHEN T1.element = 'h' THEN 1 ELSE NULL END) AS REAL) * 100 / COUNT(T1.atom_id) FROM atom AS T1 INNER JOIN molecule AS T2 ON T1.molecule_id = T2.molecule_id WHERE T2.label = 'tr206',,,False,True,False,True,False,True,False,True,both_wrong,both_wrong,both_wrong,both_wrong
415,415,toxicology,challenging,What are the elements of the toxicology and label of molecule TR060?,TR060 is the molecule id; ,"SELECT DISTINCT T1.element, T2.label FROM atom AS T1 INNER JOIN molecule AS T2 ON T1.molecule_id = T2.molecule_id WHERE T2.molecule_id = 'TR060'",True,False,False,367,59,1.833582037000042,"SELECT T1.element, T3.label FROM atom AS T1 INNER JOIN connected AS T2 ON T1.atom_id = T2.atom_id INNER JOIN molecule AS T3 ON T1.molecule_id = T3.molecule_id WHERE T3.label = 'TR060'",,,True,True,False,374,61,1.8691458769999372,"SELECT T1.element, T3.label FROM atom AS T1 INNER JOIN connected AS T2 ON T1.atom_id = T2.atom_id INNER JOIN molecule AS T3 ON T1.molecule_id = T3.molecule_id WHERE T3.molecule_id = 'TR060'",,,False,False,False,367,59,4.041550046999873,"SELECT T1.element, T3.label FROM atom AS T1 INNER JOIN connected AS T2 ON T1.atom_id = T2.atom_id INNER JOIN molecule AS T3 ON T2.molecule_id = T3.molecule_id WHERE T3.label = 'TR060'",no such column: T2.molecule_id,,False,False,False,374,59,4.014058044999729,"SELECT T1.element, T3.label FROM atom AS T1 INNER JOIN connected AS T2 ON T1.atom_id = T2.atom_id INNER JOIN molecule AS T3 ON T2.molecule_id = T3.molecule_id WHERE T3.label = 'TR060'",no such column: T2.molecule_id,,False,True,True,True,False,False,False,False,improved,both_wrong,both_wrong,regressed
416,416,toxicology,challenging,Which bond type accounted for the majority of the bonds found in molecule TR010 and state whether or not this molecule is carcinogenic?,TR010 is the molecule id; majority of the bond found refers to MAX(COUNT(bond_type)); ,"SELECT T.bond_type FROM ( SELECT T1.bond_type, COUNT(T1.molecule_id) FROM bond AS T1  WHERE T1.molecule_id = 'TR010' GROUP BY T1.bond_type ORDER BY COUNT(T1.molecule_id) DESC LIMIT 1 ) AS T",True,False,False,378,65,1.9837569900000744,"SELECT T2.bond_type, COUNT(T2.bond_type) AS count FROM molecule AS T1 INNER JOIN bond AS T2 ON T1.molecule_id = T2.molecule_id WHERE T1.label = 'TR010' GROUP BY T2.bond_type ORDER BY count DESC LIMIT 1",,,True,False,False,399,107,3.2819666830000642,"SELECT T2.bond_type, CASE WHEN COUNT(T2.bond_type) > ( SELECT COUNT(*) FROM bond WHERE molecule_id = 'TR010' ) / 2 THEN 'Yes' ELSE 'No' END AS is_carcinogenic FROM molecule AS T1 INNER JOIN bond AS T2 ON T1.molecule_id = T2.molecule_id WHERE T1.label = 'TR010' GROUP BY T2.bond_type ORDER BY COUNT(T2.bond_type) DESC LIMIT 1",,,True,False,False,378,144,9.78747740200015,"SELECT T2.bond_type , IIF(T3.carcinogenic = 'true', 'Yes', 'No') FROM molecule AS T1 INNER JOIN bond AS T2 ON T1.molecule_id = T2.molecule_id LEFT JOIN ( SELECT molecule_id, IIF(SUM(CASE WHEN label LIKE '%carcinogenic%' THEN 1 ELSE 0 END) > 0, 'true', 'false') AS carcinogenic FROM molecule GROUP BY molecule_id ) AS T3 ON T1.molecule_id = T3.molecule_id WHERE T1.label = 'TR010' GROUP BY T2.bond_type ORDER BY COUNT(T2.bond_type) DESC LIMIT 1",,,False,False,False,399,80,5.467706059999728,"SELECT T2.bond_type , IIF(T3.carcinogenic = 'true', 'Yes', 'No') FROM ( SELECT bond_type FROM bond WHERE molecule_id = 'TR010' GROUP BY bond_type ORDER BY COUNT(bond_type) DESC LIMIT 1 ) AS T2 INNER JOIN molecule AS T3 ON T3.molecule_id = T2.molecule_id",no such column: T3.carcinogenic,,False,True,False,True,False,True,False,False,both_wrong,both_wrong,both_wrong,both_wrong
417,417,toxicology,moderate,Please list top three molecules that have single bonds between two atoms and are not carcinogenic in alphabetical order.,label = '-' means molecules are not carcinogenic; single type bond refers to bond_type = '-'; list top three molecules refers to return molecule_id and order by molecule_id;,SELECT DISTINCT T2.molecule_id FROM bond AS T1 INNER JOIN molecule AS T2 ON T1.molecule_id = T2.molecule_id WHERE T1.bond_type = '-' AND T2.label = '-' ORDER BY T2.molecule_id LIMIT 3,True,False,False,371,57,1.740393332999929,SELECT T1.label FROM molecule AS T1 INNER JOIN bond AS T2 ON T1.molecule_id = T2.molecule_id WHERE T2.bond_type = 'single' AND T1.label NOT LIKE '%carcinogenic%' ORDER BY T1.label LIMIT 3,,,True,False,False,404,54,1.6988784430000123,SELECT T1.molecule_id FROM molecule AS T1 INNER JOIN bond AS T2 ON T1.molecule_id = T2.molecule_id WHERE T2.bond_type = '-' AND T1.label = '-' ORDER BY T1.molecule_id LIMIT 3,,,True,False,False,371,46,3.139897314999871,SELECT T1.label FROM molecule AS T1 INNER JOIN bond AS T2 ON T1.molecule_id = T2.molecule_id WHERE T2.bond_type = 'single' ORDER BY T1.label LIMIT 3,,,True,False,False,404,46,3.125496065000334,SELECT T1.molecule_id FROM molecule AS T1 INNER JOIN bond AS T2 ON T1.molecule_id = T2.molecule_id WHERE T2.bond_type = '-' ORDER BY T1.label LIMIT 3,,,False,True,False,True,False,True,False,True,both_wrong,both_wrong,both_wrong,both_wrong
418,418,toxicology,moderate,How many bonds which involved atom 12 does molecule TR009 have?,TR009 is the molecule id;  involved atom 12 refers to atom_id = 'TR009_12' or atom_id2 = 'TR009_12',SELECT COUNT(T2.bond_id) FROM bond AS T1 INNER JOIN connected AS T2 ON T1.bond_id = T2.bond_id WHERE T1.molecule_id = 'TR009' AND T2.atom_id = T1.molecule_id || '_1' OR T2.atom_id2 = T1.molecule_id || '_2',False,False,False,367,44,1.3751978580000923,SELECT COUNT(*) FROM connected WHERE (atom_id = '12' OR atom_id2 = '12') AND molecule_id IN ( SELECT molecule_id FROM molecule WHERE label = 'TR009' ),no such column: molecule_id,,False,False,False,408,44,1.3934644149999258,SELECT COUNT(*) FROM connected WHERE (atom_id = 'TR009_12' OR atom_id2 = 'TR009_12') AND molecule_id = 'TR009';,no such column: molecule_id,,True,False,False,367,70,4.722248118000607,SELECT COUNT(T3.bond_id) FROM connected AS T1 INNER JOIN atom AS T2 ON T1.atom_id = T2.atom_id INNER JOIN bond AS T3 ON T1.bond_id = T3.bond_id WHERE T2.molecule_id = 'TR009' AND T2.element = '12',,,True,False,False,408,45,3.0755152239999006,SELECT COUNT(T1.bond_id) FROM connected AS T1 WHERE T1.atom_id = 'TR009_12' OR T1.atom_id2 = 'TR009_12',,,False,False,False,False,False,True,False,True,both_wrong,both_wrong,both_wrong,both_wrong
419,419,toxicology,moderate,What are the bond type and the atoms of the bond ID of TR001_6_9?,atoms refer to atom_id or atom_id2,"SELECT T1.bond_type, T2.atom_id, T2.atom_id2 FROM bond AS T1 INNER JOIN connected AS T2 ON T1.bond_id = T2.bond_id WHERE T2.bond_id = 'TR001_6_9'",False,False,False,372,105,3.253991982999878,"SELECT T1.bond_type, T2.element AS atom1_element, T3.element AS atom2_element FROM bond AS T1 INNER JOIN atom AS T2 ON T1.molecule_id = T2.molecule_id AND T1.bond_id = T2.bond_id INNER JOIN atom AS T3 ON T1.molecule_id = T3.molecule_id AND T1.bond_id = T3.bond_id WHERE T1.bond_id = 'TR001_6_9'",no such column: T2.bond_id,,True,False,False,380,96,2.927259633000176,"SELECT T1.bond_type, T3.element AS atom1_element, T4.element AS atom2_element FROM bond AS T1 INNER JOIN connected AS T2 ON T1.bond_id = T2.bond_id INNER JOIN atom AS T3 ON T2.atom_id = T3.atom_id INNER JOIN atom AS T4 ON T2.atom_id2 = T4.atom_id WHERE T2.bond_id = 'TR001_6_9'",,,True,False,False,372,51,3.4821027830003004,"SELECT T1.bond_type, T2.element FROM bond AS T1 INNER JOIN atom AS T2 ON T1.molecule_id = T2.molecule_id WHERE T1.bond_id = 'TR001_6_9'",,,True,True,False,380,90,6.141487793999659,"SELECT T1.bond_type, T3.atom_id, T4.atom_id FROM bond AS T1 INNER JOIN connected AS T2 ON T1.bond_id = T2.bond_id INNER JOIN atom AS T3 ON T2.atom_id = T3.atom_id INNER JOIN atom AS T4 ON T2.atom_id2 = T4.atom_id WHERE T2.bond_id = 'TR001_6_9'",,,False,False,False,True,False,True,True,True,both_wrong,improved,both_wrong,improved
420,420,toxicology,simple,How many connections does the atom 19 have?,connections refers to bond_id; atom 19 refers to atom_id like 'TR%_19';,"SELECT COUNT(T.bond_id) FROM connected AS T WHERE SUBSTR(T.atom_id, -2) = '19'",True,False,False,361,23,0.7328718149999531,SELECT COUNT(*) FROM connected WHERE atom_id = '19' OR atom_id2 = '19';,,,True,False,False,381,32,0.9867244709998886,SELECT COUNT(bond_id) FROM connected WHERE atom_id = 'TR%_19' OR atom_id2 = 'TR%_19',,,True,False,False,361,16,1.1111506380002538,SELECT COUNT(atom_id) FROM connected WHERE atom_id = '19',,,True,False,False,381,32,2.1724287470005947,SELECT COUNT(bond_id) FROM connected WHERE atom_id = 'TRI_19' OR atom_id2 = 'TRI_19',,,False,True,False,True,False,True,False,True,both_wrong,both_wrong,both_wrong,both_wrong
421,421,toxicology,challenging,"List all the elements of the toxicology of the molecule ""TR004"".",TR004 is the molecule id;,SELECT DISTINCT T.element FROM atom AS T WHERE T.molecule_id = 'TR004',True,False,False,367,39,1.2061015839999527,SELECT T1.element FROM atom AS T1 INNER JOIN molecule AS T2 ON T1.molecule_id = T2.molecule_id WHERE T2.label = 'TR004',,,True,False,False,374,39,1.1975196309999774,SELECT T1.element FROM atom AS T1 INNER JOIN molecule AS T2 ON T1.molecule_id = T2.molecule_id WHERE T2.label = 'TR004',,,True,False,False,367,39,2.6691144290007287,SELECT T1.element FROM atom AS T1 INNER JOIN molecule AS T2 ON T1.molecule_id = T2.molecule_id WHERE T2.label = 'TR004',,,True,False,False,374,39,2.6458739259996946,SELECT T1.element FROM atom AS T1 INNER JOIN molecule AS T2 ON T1.molecule_id = T2.molecule_id WHERE T2.label = 'TR004',,,False,True,False,True,False,True,False,True,both_wrong,both_wrong,both_wrong,both_wrong
422,422,toxicology,moderate,"Among all the atoms from 21 to 25, list all the molecules that are carcinogenic.","atoms from 21 to 25 refers to SUBSTR(atom_id, 7, 2) between '21' and '25'; label = '+' mean molecules are carcinogenic","SELECT DISTINCT T2.molecule_id FROM atom AS T1 INNER JOIN molecule AS T2 ON T1.molecule_id = T2.molecule_id WHERE SUBSTR(T1.atom_id, -2) BETWEEN '21' AND '25' AND T2.label = '+'",True,False,False,372,69,2.116030378000005,SELECT DISTINCT T3.label FROM atom AS T1 INNER JOIN connected AS T2 ON T1.atom_id = T2.atom_id INNER JOIN molecule AS T3 ON T1.molecule_id = T3.molecule_id WHERE T1.element BETWEEN '21' AND '25' AND T3.label LIKE '%carcinogenic%',,,True,False,False,411,75,2.3013650230000167,"SELECT DISTINCT T3.label FROM atom AS T1 INNER JOIN connected AS T2 ON T1.atom_id = T2.atom_id INNER JOIN molecule AS T3 ON T1.molecule_id = T3.molecule_id WHERE SUBSTR(T1.atom_id, 7, 2) BETWEEN '21' AND '25' AND T3.label = '+'",,,True,False,False,372,68,4.605825036000169,SELECT T3.label FROM atom AS T1 INNER JOIN connected AS T2 ON T1.atom_id = T2.atom_id INNER JOIN molecule AS T3 ON T1.molecule_id = T3.molecule_id WHERE T1.element BETWEEN '21' AND '25' AND T3.label LIKE '%carcinogenic%',,,True,False,False,411,48,3.2592159010000614,SELECT T3.label FROM atom AS T1 INNER JOIN molecule AS T3 ON T1.molecule_id = T3.molecule_id WHERE T1.element BETWEEN '21' AND '25' AND T3.label = '+',,,False,True,False,True,False,True,False,True,both_wrong,both_wrong,both_wrong,both_wrong
423,423,toxicology,moderate,What are the bonds that have phosphorus and nitrogen as their atom elements?,have phosphorus as atom elements refers to element = 'p'; have nitrogen as atom elements refers to element = 'n',SELECT T2.bond_id FROM atom AS T1 INNER JOIN connected AS T2 ON T1.atom_id = T2.atom_id WHERE T2.bond_id IN ( SELECT T3.bond_id FROM connected AS T3 INNER JOIN atom AS T4 ON T3.atom_id = T4.atom_id WHERE T4.element = 'p' ) AND T1.element = 'n',True,False,False,365,103,3.155254627999966,SELECT T1.bond_id FROM bond AS T1 INNER JOIN connected AS T2 ON T1.bond_id = T2.bond_id INNER JOIN atom AS T3 ON T2.atom_id = T3.atom_id INNER JOIN atom AS T4 ON T2.atom_id2 = T4.atom_id WHERE (T3.element = 'Phosphorus' AND T4.element = 'Nitrogen') OR (T3.element = 'Nitrogen' AND T4.element = 'Phosphorus'),,,True,True,False,388,97,3.020993556999656,SELECT T1.bond_id FROM bond AS T1 INNER JOIN connected AS T2 ON T1.bond_id = T2.bond_id INNER JOIN atom AS T3 ON T2.atom_id = T3.atom_id INNER JOIN atom AS T4 ON T2.atom_id2 = T4.atom_id WHERE (T3.element = 'p' AND T4.element = 'n') OR (T3.element = 'n' AND T4.element = 'p'),,,True,False,False,365,111,7.558695724000245,SELECT T1.bond_id FROM bond AS T1 INNER JOIN connected AS T2 ON T1.bond_id = T2.bond_id INNER JOIN atom AS T3 ON T2.atom_id = T3.atom_id WHERE T3.element = 'P' INTERSECT SELECT T1.bond_id FROM bond AS T1 INNER JOIN connected AS T2 ON T1.bond_id = T2.bond_id INNER JOIN atom AS T3 ON T2.atom_id2 = T3.atom_id WHERE T3.element = 'N',,,True,True,False,388,111,7.570265268000185,SELECT T1.bond_id FROM bond AS T1 INNER JOIN connected AS T2 ON T1.bond_id = T2.bond_id INNER JOIN atom AS T3 ON T2.atom_id = T3.atom_id WHERE T3.element = 'p' INTERSECT SELECT T1.bond_id FROM bond AS T1 INNER JOIN connected AS T2 ON T1.bond_id = T2.bond_id INNER JOIN atom AS T3 ON T2.atom_id2 = T3.atom_id WHERE T3.element = 'n',,,False,True,True,True,False,True,True,True,improved,improved,both_wrong,both_correct
424,424,toxicology,moderate,Is the molecule with the most double bonds carcinogenic?,double bond refers to bond_type = ' = '; label = '+' mean molecules are carcinogenic,"SELECT T1.label FROM molecule AS T1 INNER JOIN ( SELECT T.molecule_id, COUNT(T.bond_type) FROM bond AS T WHERE T.bond_type = '=' GROUP BY T.molecule_id ORDER BY COUNT(T.bond_type) DESC LIMIT 1 ) AS T2 ON T1.molecule_id = T2.molecule_id",True,False,False,361,56,1.7204692870000144,SELECT T1.label FROM molecule AS T1 INNER JOIN bond AS T2 ON T1.molecule_id = T2.molecule_id WHERE T2.bond_type = 'double' GROUP BY T1.label ORDER BY COUNT(T2.bond_id) DESC LIMIT 1,,,True,False,False,378,60,1.9213886540001113,SELECT T1.label FROM molecule AS T1 INNER JOIN bond AS T2 ON T1.molecule_id = T2.molecule_id WHERE T2.bond_type = ' = ' ORDER BY ( SELECT COUNT(*) FROM connected WHERE bond_id = T2.bond_id ) DESC LIMIT 1,,,True,False,False,361,56,3.779038837999906,SELECT T1.label FROM molecule AS T1 INNER JOIN bond AS T2 ON T1.molecule_id = T2.molecule_id WHERE T2.bond_type = 'DOUBLE' GROUP BY T1.label ORDER BY COUNT(T2.bond_type) DESC LIMIT 1,,,True,False,False,378,49,3.309427870000036,SELECT T1.label FROM molecule AS T1 INNER JOIN bond AS T2 ON T1.molecule_id = T2.molecule_id WHERE T2.bond_type = ' = ' ORDER BY T2.bond_id DESC LIMIT 1,,,False,True,False,True,False,True,False,True,both_wrong,both_wrong,both_wrong,both_wrong
425,425,toxicology,moderate,What is the average number of bonds the atoms with the element iodine have?,"atoms with the element iodine refers to element = 'i'; average = DIVIDE(COUND(bond_id), COUNT(atom_id)) where element = 'i'",SELECT CAST(COUNT(T2.bond_id) AS REAL) / COUNT(T1.atom_id) FROM atom AS T1 INNER JOIN connected AS T2 ON T1.atom_id = T2.atom_id WHERE T1.element = 'i',False,False,False,366,40,1.2428304260001823,SELECT AVG(COUNT(bond_id)) FROM atom AS T1 INNER JOIN bond AS T2 ON T1.molecule_id = T2.molecule_id WHERE T1.element = 'I',misuse of aggregate function COUNT(),,False,False,False,397,49,1.511321747999773,SELECT AVG(COUNT(T1.bond_id)) FROM bond AS T1 INNER JOIN atom AS T2 ON T1.molecule_id = T2.molecule_id WHERE T2.element = 'i' GROUP BY T2.molecule_id,misuse of aggregate function COUNT(),,False,False,False,366,65,4.396438470999783,SELECT AVG(COUNT(T1.bond_id)) FROM bond AS T1 INNER JOIN connected AS T2 ON T1.bond_id = T2.bond_id INNER JOIN atom AS T3 ON T2.atom_id = T3.atom_id WHERE T3.element = 'I' GROUP BY T3.molecule_id,misuse of aggregate function COUNT(),,True,False,False,397,54,3.698187627000152,SELECT CAST(SUM(CASE WHEN T1.element = 'i' THEN 1 ELSE 0 END) AS REAL) / COUNT(T1.atom_id) FROM atom AS T1 INNER JOIN connected AS T2 ON T1.atom_id = T2.atom_id,,,False,False,False,False,False,False,False,True,both_wrong,both_wrong,both_wrong,both_wrong
426,426,toxicology,challenging,List all the elements of atoms that can not bond with any other atoms., atoms cannot bond with other atoms means atom_id NOT in connected table;,SELECT DISTINCT T.element FROM atom AS T WHERE T.element NOT IN ( SELECT DISTINCT T1.element FROM atom AS T1 INNER JOIN connected AS T2 ON T1.atom_id = T2.atom_id ),True,False,False,365,17,0.5289385680000578,SELECT element FROM atom WHERE atom_id NOT IN ( SELECT atom_id FROM connected ),,,True,False,False,377,17,0.5277397559998462,SELECT element FROM atom WHERE atom_id NOT IN ( SELECT atom_id FROM connected ),,,False,False,False,365,30,2.060253773000113,SELECT element FROM atom WHERE molecule_id IN ( SELECT molecule_id FROM connected GROUP BY molecule_id HAVING COUNT(bond_id) = 0 ),no such column: molecule_id,,True,False,False,377,17,1.1594576659999802,SELECT element FROM atom WHERE atom_id NOT IN ( SELECT atom_id FROM connected ),,,False,True,False,True,False,False,False,True,both_wrong,both_wrong,both_wrong,both_wrong
427,427,toxicology,simple,"What are the atoms of the triple bond with the molecule ""TR041""?",TR041 is the molecule id; triple bond refers to bond_type = '#';,"SELECT T2.atom_id, T2.atom_id2 FROM atom AS T1 INNER JOIN connected AS T2 ON T1.atom_id = T2.atom_id INNER JOIN bond AS T3 ON T2.bond_id = T3.bond_id WHERE T3.bond_type = '#' AND T3.molecule_id = 'TR041'",True,False,False,367,68,2.1025970949999646,SELECT T3.element FROM molecule AS T1 INNER JOIN bond AS T2 ON T1.molecule_id = T2.molecule_id INNER JOIN atom AS T3 ON T2.molecule_id = T3.molecule_id WHERE T2.bond_type = 'triple' AND T1.label = 'TR041',,,True,False,False,383,65,1.9871170269998402,SELECT T3.element FROM connected AS T1 INNER JOIN bond AS T2 ON T1.bond_id = T2.bond_id INNER JOIN atom AS T3 ON T1.atom_id = T3.atom_id WHERE T2.molecule_id = 'TR041' AND T2.bond_type = '#',,,True,False,False,367,190,12.933290148999731,SELECT T3.element FROM connected AS T1 INNER JOIN atom AS T2 ON T1.atom_id = T2.atom_id INNER JOIN atom AS T3 ON T1.atom_id2 = T3.atom_id WHERE T1.bond_id IN ( SELECT T1.bond_id FROM bond AS T1 INNER JOIN molecule AS T2 ON T1.molecule_id = T2.molecule_id WHERE T2.label = 'TR041' ) AND T1.bond_id IN ( SELECT T1.bond_id FROM bond AS T1 INNER JOIN molecule AS T2 ON T1.molecule_id = T2.molecule_id WHERE T2.label = 'TR041' ) AND T1.bond_id IN ( SELECT T1.bond_id FROM bond AS T1 INNER JOIN molecule AS T2 ON T1.molecule_id = T2.molecule_id WHERE T2.label = 'TR041' ),,,True,False,False,383,65,4.422726693999721,SELECT T3.element FROM connected AS T1 INNER JOIN bond AS T2 ON T1.bond_id = T2.bond_id INNER JOIN atom AS T3 ON T1.atom_id = T3.atom_id WHERE T2.molecule_id = 'TR041' AND T2.bond_type = '#',,,False,True,False,True,False,True,False,True,both_wrong,both_wrong,both_wrong,both_wrong
428,428,toxicology,challenging,What are the elements of the atoms of TR144_8_19?,TR144_8_19 is the bond id; ,SELECT T2.element FROM connected AS T1 INNER JOIN atom AS T2 ON T1.atom_id = T2.atom_id WHERE T1.bond_id = 'TR144_8_19',True,False,False,368,44,1.3545022980001704,SELECT T1.element FROM atom AS T1 INNER JOIN molecule AS T2 ON T1.molecule_id = T2.molecule_id WHERE T2.label = 'TR144_8_19',,,True,True,False,380,62,1.8983606100000543,SELECT T3.element FROM connected AS T1 INNER JOIN bond AS T2 ON T1.bond_id = T2.bond_id INNER JOIN atom AS T3 ON T1.atom_id = T3.atom_id WHERE T2.bond_id = 'TR144_8_19',,,True,False,False,368,44,2.976612925000154,SELECT T1.element FROM atom AS T1 INNER JOIN molecule AS T2 ON T1.molecule_id = T2.molecule_id WHERE T2.label = 'TR144_8_19',,,True,True,False,380,62,4.203162683000301,SELECT T3.element FROM connected AS T1 INNER JOIN bond AS T2 ON T1.bond_id = T2.bond_id INNER JOIN atom AS T3 ON T1.atom_id = T3.atom_id WHERE T2.bond_id = 'TR144_8_19',,,False,True,True,True,False,True,True,True,improved,improved,both_wrong,both_correct
429,429,toxicology,challenging,List the elements of all the triple bonds.,triple bond refers to bond_type = '#';,SELECT DISTINCT T3.element FROM bond AS T1 INNER JOIN connected AS T2 ON T1.bond_id = T2.bond_id INNER JOIN atom AS T3 ON T2.atom_id = T3.atom_id WHERE T1.bond_type = '#',True,False,False,359,39,1.1966654269999708,SELECT T1.element FROM atom AS T1 INNER JOIN bond AS T2 ON T1.molecule_id = T2.molecule_id WHERE T2.bond_type = 'triple',,,True,True,False,367,52,1.6039620930000638,SELECT T1.element FROM atom AS T1 INNER JOIN connected AS T2 ON T1.atom_id = T2.atom_id INNER JOIN bond AS T3 ON T2.bond_id = T3.bond_id WHERE T3.bond_type = '#',,,True,False,False,359,53,3.5835176119999232,SELECT T1.element FROM atom AS T1 INNER JOIN connected AS T2 ON T1.atom_id = T2.atom_id WHERE T2.bond_id IN ( SELECT bond_id FROM bond WHERE bond_type = 'triple' ) GROUP BY T1.element,,,True,True,False,367,57,3.8900616559994887,SELECT T1.element FROM atom AS T1 INNER JOIN connected AS T2 ON T1.atom_id = T2.atom_id INNER JOIN bond AS T3 ON T2.bond_id = T3.bond_id WHERE T3.bond_type = '#' GROUP BY T1.element,,,False,True,True,True,False,True,True,True,improved,improved,both_wrong,both_correct
430,430,toxicology,moderate,What proportion of single bonds are carcinogenic? Please provide your answer as a percentage with five decimal places.,"single bond refers to bond_type = '-'; label = '+' mean molecules are carcinogenic; proportion = DIVIDE(SUM(label = '+') * 100, COUNT(bond_id)) where bond_type = '-'","SELECT ROUND(CAST(COUNT(CASE WHEN T2.label = '+' THEN T1.bond_id ELSE NULL END) AS REAL) * 100 / COUNT(T1.bond_id),5) FROM bond AS T1 INNER JOIN molecule AS T2 ON T1.molecule_id = T2.molecule_id WHERE T1.bond_type = '-'",True,False,False,371,74,2.2605615909999415,SELECT CAST(SUM(CASE WHEN T1.bond_type = 'single' THEN 1 ELSE 0 END) AS REAL) * 100 / COUNT(T1.bond_id) FROM bond AS T1 INNER JOIN molecule AS T2 ON T1.molecule_id = T2.molecule_id WHERE T2.label LIKE '%carcinogenic%',,,True,False,False,414,68,2.0880476960001033,SELECT CAST(SUM(CASE WHEN T3.label = '+' THEN 1 ELSE 0 END) AS REAL) * 100 / COUNT(T2.bond_id) FROM bond AS T2 INNER JOIN molecule AS T3 ON T2.molecule_id = T3.molecule_id WHERE T2.bond_type = '-',,,True,False,False,371,74,5.043526988999474,SELECT CAST(SUM(CASE WHEN T1.bond_type = 'single' THEN 1 ELSE 0 END) AS REAL) * 100 / COUNT(T1.bond_id) FROM bond AS T1 INNER JOIN molecule AS T2 ON T1.molecule_id = T2.molecule_id WHERE T2.label = 'carcinogenic',,,True,False,False,414,85,5.752482699000211,SELECT CAST(COUNT(CASE WHEN T3.label = '+' THEN 1 ELSE NULL END) AS REAL) * 100 / COUNT(T2.bond_id) FROM connected AS T1 INNER JOIN bond AS T2 ON T1.bond_id = T2.bond_id INNER JOIN molecule AS T3 ON T2.molecule_id = T3.molecule_id WHERE T2.bond_type = '-',,,False,True,False,True,False,True,False,True,both_wrong,both_wrong,both_wrong,both_wrong
431,431,toxicology,moderate,Calculate the total atoms with triple-bond molecules containing the element phosphorus or bromine.,triple bond refers to bond_type = '#'; phosphorus refers to element = 'p'; bromine refers to element = 'br',"SELECT COUNT(T1.atom_id) FROM atom AS T1 INNER JOIN molecule AS T2 ON T1.molecule_id = T2.molecule_id INNER JOIN bond AS T3 ON T2.molecule_id = T3.molecule_id WHERE T3.bond_type = '#' AND T1.element IN ('p', 'br')",True,False,False,368,81,2.727072071999828,SELECT COUNT(T1.atom_id) FROM atom AS T1 INNER JOIN molecule AS T2 ON T1.molecule_id = T2.molecule_id INNER JOIN bond AS T3 ON T1.molecule_id = T3.molecule_id WHERE (T1.element = 'Phosphorus' OR T1.element = 'Bromine') AND T3.bond_type = 'triple',,,True,True,False,394,75,2.401062260999879,SELECT COUNT(DISTINCT T1.atom_id) FROM atom AS T1 INNER JOIN connected AS T2 ON T1.atom_id = T2.atom_id INNER JOIN bond AS T3 ON T2.bond_id = T3.bond_id WHERE (T1.element = 'p' OR T1.element = 'br') AND T3.bond_type = '#',,,True,False,False,368,97,6.584113584000079,SELECT COUNT(T1.atom_id) FROM atom AS T1 INNER JOIN molecule AS T2 ON T1.molecule_id = T2.molecule_id INNER JOIN connected AS T3 ON T1.atom_id = T3.atom_id INNER JOIN bond AS T4 ON T3.bond_id = T4.bond_id WHERE (T1.element = 'phosphorus' OR T1.element = 'bromine') AND T4.bond_type = 'triple',,,False,False,False,394,77,5.279695433000597,"SELECT COUNT(T1.atom_id) FROM atom AS T1 INNER JOIN connected AS T2 ON T1.atom_id = T2.atom_id INNER JOIN molecule AS T3 ON T2.molecule_id = T3.molecule_id WHERE T1.element IN ('p', 'br') AND T2.bond_id IN ( SELECT bond_id FROM bond WHERE bond_type = '#' )",no such column: T2.molecule_id,,False,True,True,True,False,True,False,False,improved,both_wrong,both_wrong,regressed
432,432,toxicology,challenging,What is the composition of element chlorine in percentage among the single bond molecules?,"element chlorine refers to element = 'cl'; single bond refers to bond_type = '-'; percentage = DIVIDE(SUM(element = 'cl'), COUNT(atom_id)) as percent where bond_type = '-'","SELECT CAST(COUNT(CASE WHEN T.element = 'cl' THEN T.atom_id ELSE NULL END) AS REAL) * 100 / COUNT(T.atom_id) FROM ( SELECT T1.atom_id, T1.element FROM atom AS T1 INNER JOIN molecule AS T2 ON T1.molecule_id = T2.molecule_id INNER JOIN bond AS T3 ON T2.molecule_id = T3.molecule_id WHERE T3.bond_type = '-' ) AS T",True,False,False,365,82,2.4965644540000085,SELECT SUM(CASE WHEN T1.element = 'Cl' THEN 1 ELSE 0 END) * 100.0 / COUNT(*) FROM atom AS T1 INNER JOIN molecule AS T2 ON T1.molecule_id = T2.molecule_id INNER JOIN bond AS T3 ON T2.molecule_id = T3.molecule_id WHERE T3.bond_type = 'single',,,True,True,False,404,87,2.675441850000425,SELECT CAST(SUM(CASE WHEN T1.element = 'cl' THEN 1 ELSE 0 END) AS REAL) * 100 / COUNT(T1.atom_id) FROM atom AS T1 INNER JOIN molecule AS T2 ON T1.molecule_id = T2.molecule_id INNER JOIN bond AS T3 ON T2.molecule_id = T3.molecule_id WHERE T3.bond_type = '-',,,True,False,False,365,105,7.091176279999672,SELECT CAST(SUM(CASE WHEN T1.element = 'Cl' THEN 1 ELSE 0 END) AS REAL) * 100 / COUNT(T1.atom_id) FROM atom AS T1 INNER JOIN molecule AS T2 ON T1.molecule_id = T2.molecule_id INNER JOIN connected AS T3 ON T1.atom_id = T3.atom_id INNER JOIN bond AS T4 ON T3.bond_id = T4.bond_id WHERE T4.bond_type = 'single',,,True,False,False,404,84,5.772643665999567,SELECT CAST(COUNT(CASE WHEN T1.element = 'cl' THEN 1 ELSE NULL END) AS REAL) * 100 / COUNT(T1.atom_id) FROM atom AS T1 INNER JOIN connected AS T2 ON T1.atom_id = T2.atom_id INNER JOIN bond AS T3 ON T2.bond_id = T3.bond_id WHERE T3.bond_type = '-',,,False,True,True,True,False,True,False,True,improved,both_wrong,both_wrong,regressed
433,433,toxicology,challenging,What are the elements for bond id TR001_10_11?,TR001_10_11 is the bond id;,SELECT T2.element FROM connected AS T1 INNER JOIN atom AS T2 ON T1.atom_id = T2.atom_id WHERE T1.bond_id = 'TR001_10_11',True,True,False,368,45,1.382684788000006,SELECT T1.element FROM atom AS T1 INNER JOIN connected AS T2 ON T1.atom_id = T2.atom_id WHERE T2.bond_id = 'TR001_10_11',,,True,True,False,381,62,1.9167121800001041,SELECT T3.element FROM connected AS T1 INNER JOIN atom AS T2 ON T1.atom_id = T2.atom_id INNER JOIN atom AS T3 ON T1.atom_id2 = T3.atom_id WHERE T1.bond_id = 'TR001_10_11',,,True,True,False,368,62,4.1898915169995234,SELECT T3.element FROM connected AS T1 INNER JOIN atom AS T2 ON T1.atom_id = T2.atom_id INNER JOIN atom AS T3 ON T1.atom_id2 = T3.atom_id WHERE T1.bond_id = 'TR001_10_11',,,True,True,False,381,62,4.19518156400045,SELECT T3.element FROM connected AS T1 INNER JOIN atom AS T2 ON T1.atom_id = T2.atom_id INNER JOIN atom AS T3 ON T1.atom_id2 = T3.atom_id WHERE T1.bond_id = 'TR001_10_11',,,True,True,True,True,True,True,True,True,both_correct,both_correct,both_correct,both_correct
434,434,toxicology,moderate,What is the percentage of element chlorine in carcinogenic molecules?,chlorine refers to element = 'cl'; label = '+' mean molecules are carcinogenic; percentage = DIVIDE(SUM(element = 'pb'); COUNT(molecule_id)) as percentage where label = '+',SELECT CAST(COUNT( CASE WHEN T1.element = 'cl' THEN T1.element ELSE NULL END) AS REAL) * 100 / COUNT(T1.element) FROM atom AS T1 INNER JOIN molecule AS T2 ON T1.molecule_id = T2.molecule_id WHERE T2.label = '+',True,False,False,362,67,2.05496888499988,SELECT CAST(SUM(CASE WHEN T1.element = 'Cl' THEN 1 ELSE 0 END) AS REAL) * 100 / COUNT(*) FROM atom AS T1 INNER JOIN molecule AS T2 ON T1.molecule_id = T2.molecule_id WHERE T2.label LIKE '%carcinogenic%',,,True,False,False,401,84,2.574129831999926,SELECT CAST(SUM(CASE WHEN T1.element = 'cl' THEN 1 ELSE 0 END) AS REAL) * 100 / COUNT(T3.molecule_id) FROM atom AS T1 INNER JOIN connected AS T2 ON T1.atom_id = T2.atom_id INNER JOIN molecule AS T3 ON T1.molecule_id = T3.molecule_id WHERE T3.label = '+',,,True,False,False,362,71,4.815132788000483,SELECT CAST(SUM(CASE WHEN T1.element = 'Cl' THEN 1 ELSE 0 END) AS REAL) * 100 / COUNT(T1.atom_id) FROM atom AS T1 INNER JOIN molecule AS T2 ON T1.molecule_id = T2.molecule_id WHERE T2.label = 'carcinogen',,,False,False,False,401,83,5.700420522999593,SELECT CAST(COUNT(CASE WHEN T1.element = 'cl' THEN 1 ELSE NULL END) AS REAL) * 100 / COUNT(T3.molecule_id) FROM atom AS T1 INNER JOIN connected AS T2 ON T1.atom_id = T2.atom_id INNER JOIN molecule AS T3 ON T2.molecule_id = T3.molecule_id WHERE T3.label = '+',no such column: T2.molecule_id,,False,True,False,True,False,True,False,False,both_wrong,both_wrong,both_wrong,both_wrong
435,435,toxicology,challenging,Tally the toxicology element of the 4th atom of each molecule that was carcinogenic.,"label = '+' means molecules are carcinogenic; 4th atom of each molecule refers to substr(atom_id, 7, 1) = '4'; ","SELECT DISTINCT T1.element FROM atom AS T1 INNER JOIN molecule AS T2 ON T1.molecule_id = T2.molecule_id WHERE T2.label = '+' AND SUBSTR(T1.atom_id, -1) = '4' AND LENGTH(T1.atom_id) = 7",True,False,False,370,83,2.5719016339999143,"SELECT T1.element FROM atom AS T1 INNER JOIN molecule AS T2 ON T1.molecule_id = T2.molecule_id WHERE T1.atom_id IN ( SELECT T3.atom_id FROM atom AS T3 INNER JOIN molecule AS T4 ON T3.molecule_id = T4.molecule_id WHERE T4.label LIKE '%carcinogenic%' LIMIT 3, 1 ) LIMIT 1",,,True,False,False,400,57,1.7539540289999422,"SELECT T1.element FROM atom AS T1 INNER JOIN molecule AS T2 ON T1.molecule_id = T2.molecule_id WHERE T2.label = '+' AND SUBSTR(T1.atom_id, 7, 1) = '4' GROUP BY T1.element",,,True,False,False,370,44,3.0170804740000676,"SELECT T1.element FROM atom AS T1 INNER JOIN molecule AS T2 ON T1.molecule_id = T2.molecule_id WHERE T2.label = 'carcinogenic' LIMIT 3, 1",,,False,False,False,400,73,4.947021021999717,"SELECT T3.element FROM molecule AS T1 INNER JOIN connected AS T2 ON T1.molecule_id = T2.molecule_id INNER JOIN atom AS T3 ON T2.atom_id = T3.atom_id WHERE T1.label = '+' AND SUBSTR(T3.atom_id, 7, 1) = '4' GROUP BY T3.element",no such column: T2.molecule_id,,False,True,False,True,False,True,False,False,both_wrong,both_wrong,both_wrong,both_wrong
436,436,toxicology,challenging,What is the ratio of Hydrogen elements in molecule ID TR006? List the ratio with its label.,"hydrogen refers to element = 'h'; ratio = DIVIDE(SUM(element = 'h'), count(element)) where molecule_id = 'TR006' ; label = '+' mean molecules are carcinogenic; label = '-' means molecules are non-carcinogenic","WITH SubQuery AS (SELECT DISTINCT T1.atom_id, T1.element, T1.molecule_id, T2.label FROM atom AS T1 INNER JOIN molecule AS T2 ON T1.molecule_id = T2.molecule_id WHERE T2.molecule_id = 'TR006') SELECT CAST(COUNT(CASE WHEN element = 'h' THEN atom_id ELSE NULL END) AS REAL) / (CASE WHEN COUNT(atom_id) = 0 THEN NULL ELSE COUNT(atom_id) END) AS ratio, label FROM SubQuery GROUP BY label",True,False,False,373,72,2.1979495699999916,"SELECT CAST(SUM(CASE WHEN T1.element = 'H' THEN 1 ELSE 0 END) AS REAL) / COUNT(T1.atom_id), T2.label FROM atom AS T1 INNER JOIN molecule AS T2 ON T1.molecule_id = T2.molecule_id WHERE T2.molecule_id = 'TR006'",,,True,False,False,426,102,3.254122511999867,"SELECT CAST(SUM(CASE WHEN T1.element = 'h' THEN 1 ELSE 0 END) AS REAL) / COUNT(T1.element) AS ratio, CASE WHEN T3.label = '+' THEN 'Carcinogenic' WHEN T3.label = '-' THEN 'Non-Carcinogenic' END AS label FROM atom AS T1 INNER JOIN molecule AS T3 ON T1.molecule_id = T3.molecule_id WHERE T1.molecule_id = 'TR006'",,,False,False,False,373,67,4.525173772999551,"SELECT CAST(SUM(IIF(element = 'H', 1, 0)) AS REAL) / COUNT(molecule_id), label FROM atom AS T1 INNER JOIN molecule AS T2 ON T1.molecule_id = T2.molecule_id WHERE T2.label = 'TR006' GROUP BY T2.label",ambiguous column name: molecule_id,,True,False,False,426,75,5.135530536999795,"SELECT CAST(COUNT(CASE WHEN T1.element = 'h' THEN 1 ELSE NULL END) AS REAL) * 100 / COUNT(T1.element), T2.label FROM atom AS T1 INNER JOIN molecule AS T2 ON T1.molecule_id = T2.molecule_id WHERE T1.molecule_id = 'TR006'",,,False,True,False,True,False,False,False,True,both_wrong,both_wrong,both_wrong,both_wrong
437,437,toxicology,moderate,Which non-carcinogenic molecules consisted more than 5 atoms?,label = '-' means molecules are non-carcinogenic; molecules consisted more than 5 atoms refers to COUNT(molecule_id) > 5,"SELECT T.molecule_id FROM ( SELECT T1.molecule_id, COUNT(T2.atom_id) FROM molecule AS T1 INNER JOIN atom AS T2 ON T1.molecule_id = T2.molecule_id WHERE T1.label = '-' GROUP BY T1.molecule_id HAVING COUNT(T2.atom_id) > 5 ) t",True,False,False,364,55,1.6748393679999936,SELECT T1.label FROM molecule AS T1 INNER JOIN atom AS T2 ON T1.molecule_id = T2.molecule_id WHERE T1.label NOT LIKE '%carcinogenic%' GROUP BY T1.label HAVING COUNT(T2.atom_id) > 5,,,True,False,False,392,52,1.6038563329998397,SELECT T1.label FROM molecule AS T1 INNER JOIN atom AS T2 ON T1.molecule_id = T2.molecule_id WHERE T1.label = '-' GROUP BY T1.molecule_id HAVING COUNT(T2.atom_id) > 5,,,True,False,False,364,54,3.6765736420002213,SELECT T1.label FROM molecule AS T1 INNER JOIN atom AS T2 ON T1.molecule_id = T2.molecule_id WHERE T1.label != 'carcinogenic' GROUP BY T1.label HAVING COUNT(T2.atom_id) > 5,,,True,False,False,392,50,3.3833988830001545,SELECT T1.label FROM molecule AS T1 INNER JOIN atom AS T2 ON T1.molecule_id = T2.molecule_id WHERE T1.label = '-' GROUP BY T1.label HAVING COUNT(T2.atom_id) > 5,,,False,True,False,True,False,True,False,True,both_wrong,both_wrong,both_wrong,both_wrong
438,438,california_schools,simple,How many schools with an average score in Math greater than 400 in the SAT test are exclusively virtual?,Exclusively virtual refers to Virtual = 'F',SELECT COUNT(DISTINCT T2.School) FROM satscores AS T1 INNER JOIN schools AS T2 ON T1.cds = T2.CDSCode WHERE T2.Virtual = 'F' AND T1.AvgScrMath > 400,True,False,False,1053,53,1.6978759640001044,SELECT COUNT(T1.CDSCode) FROM schools AS T1 INNER JOIN satscores AS T2 ON T1.CDSCode = T2.cds WHERE T2.AvgScrMath > 400 AND T1.Virtual = 'Yes',,,True,True,False,1062,53,1.6809159050003473,SELECT COUNT(T1.CDSCode) FROM schools AS T1 INNER JOIN satscores AS T2 ON T1.CDSCode = T2.cds WHERE T2.AvgScrMath > 400 AND T1.Virtual = 'F',,,True,False,False,1053,53,3.711262656999679,SELECT COUNT(T1.CDSCode) FROM schools AS T1 INNER JOIN satscores AS T2 ON T1.CDSCode = T2.cds WHERE T2.AvgScrMath > 400 AND T1.Virtual = 'Yes',,,True,True,False,1062,53,3.6526111910006875,SELECT COUNT(T1.CDSCode) FROM schools AS T1 INNER JOIN satscores AS T2 ON T1.CDSCode = T2.cds WHERE T2.AvgScrMath > 400 AND T1.Virtual = 'F',,,False,True,True,True,False,True,True,True,improved,improved,both_wrong,both_correct
439,439,california_schools,simple,Please list the codes of the schools with a total enrollment of over 500.,Total enrollment can be represented by `Enrollment (K-12)` + `Enrollment (Ages 5-17)`,SELECT T2.CDSCode FROM schools AS T1 INNER JOIN frpm AS T2 ON T1.CDSCode = T2.CDSCode WHERE T2.`Enrollment (K-12)` + T2.`Enrollment (Ages 5-17)` > 500,True,False,False,1048,23,0.7745773690000988,SELECT CDSCode FROM frpm WHERE `Enrollment (K-12)` > 500,,,False,False,False,1075,28,0.91651237699989,SELECT CDSCode FROM frpm WHERE Enrollment_K_12 + Enrollment_Ages_5_17 > 500,no such column: Enrollment_K_12,,True,False,False,1048,24,1.7258706470001925,SELECT DISTINCT CDSCode FROM frpm WHERE `Enrollment (K-12)` > 500,,,True,True,False,1075,64,4.420912620999843,SELECT DISTINCT T1.CDSCode FROM frpm AS T1 INNER JOIN schools AS T2 ON T1.CDSCode = T2.CDSCode WHERE T1.`Enrollment (K-12)` + T1.`Enrollment (Ages 5-17)` > 500,,,False,True,False,False,False,True,True,True,both_wrong,improved,both_wrong,improved
440,440,california_schools,moderate,"Among the schools with an SAT excellence rate of over 0.3, what is the highest eligible free rate for students aged 5-17?",Excellence rate = NumGE1500 / NumTstTakr; Eligible free rates for students aged 5-17 = `Free Meal Count (Ages 5-17)` / `Enrollment (Ages 5-17)`,SELECT MAX(CAST(T1.`Free Meal Count (Ages 5-17)` AS REAL) / T1.`Enrollment (Ages 5-17)`) FROM frpm AS T1 INNER JOIN satscores AS T2 ON T1.CDSCode = T2.cds WHERE CAST(T2.NumGE1500 AS REAL) / T2.NumTstTakr > 0.3,True,False,False,1061,85,2.655469943999833,SELECT MAX(T1.`Percent (%) Eligible Free (Ages 5-17)`) FROM frpm AS T1 INNER JOIN satscores AS T2 ON T1.CDSCode = T2.cds WHERE T2.AvgScrRead > 1500 AND T2.AvgScrMath > 1500 AND T2.AvgScrWrite > 1500,,,True,False,False,1118,69,2.1608540259999245,SELECT MAX(T1.`Percent (%) Eligible Free (Ages 5-17)`) FROM frpm AS T1 INNER JOIN satscores AS T2 ON T1.CDSCode = T2.cds WHERE T2.NumGE1500 / T2.NumTstTakr > 0.3,,,True,False,False,1061,80,5.445952201000182,SELECT T2.`Percent (%) Eligible Free (Ages 5-17)` FROM satscores AS T1 INNER JOIN frpm AS T2 ON T1.cds = T2.CDSCode WHERE T1.AvgScrMath > 1500 ORDER BY T2.`Percent (%) Eligible Free (Ages 5-17)` DESC LIMIT 1,,,True,False,False,1118,69,4.773795117000191,SELECT MAX(T2.`Percent (%) Eligible Free (Ages 5-17)`) FROM satscores AS T1 INNER JOIN frpm AS T2 ON T1.cds = T2.CDSCode WHERE T1.NumGE1500 / T1.NumTstTakr > 0.3,,,False,True,False,True,False,True,False,True,both_wrong,both_wrong,both_wrong,both_wrong
441,441,california_schools,simple,"Rank schools by their average score in Writing where the score is greater than 499, showing their charter numbers.",Valid charter number means the number is not null,"SELECT CharterNum, AvgScrWrite, RANK() OVER (ORDER BY AvgScrWrite DESC) AS WritingScoreRank FROM schools AS T1  INNER JOIN satscores AS T2 ON T1.CDSCode = T2.cds WHERE T2.AvgScrWrite > 499 AND CharterNum is not null",True,False,False,1054,58,1.8250046910000037,"SELECT T1.CDSCode, T1.CharterNum FROM schools AS T1 INNER JOIN satscores AS T2 ON T1.CDSCode = T2.cds WHERE T2.AvgScrWrite > 499 ORDER BY T2.AvgScrWrite DESC",,,True,False,False,1062,58,1.8305847799997537,"SELECT T1.CDSCode, T1.CharterNum FROM schools AS T1 INNER JOIN satscores AS T2 ON T1.CDSCode = T2.cds WHERE T2.AvgScrWrite > 499 ORDER BY T2.AvgScrWrite DESC",,,True,False,False,1054,56,3.9234884830002557,SELECT T1.CDSCode FROM schools AS T1 INNER JOIN satscores AS T2 ON T1.CDSCode = T2.cds WHERE T2.AvgScrWrite > 499 ORDER BY T2.AvgScrWrite DESC LIMIT 10,,,True,False,False,1062,61,4.209918012000344,SELECT T2.CDSCode FROM satscores AS T1 INNER JOIN schools AS T2 ON T1.cds = T2.CDSCode WHERE T1.AvgScrWrite > 499 AND T2.CharterNum IS NOT NULL ORDER BY T1.AvgScrWrite DESC,,,False,True,False,True,False,True,False,True,both_wrong,both_wrong,both_wrong,both_wrong
442,442,california_schools,moderate,List the names of schools with more than 30 difference in enrollements between K-12 and ages 5-17? Please also give the full street adress of the schools.,Diffrence in enrollement = `Enrollment (K-12)` - `Enrollment (Ages 5-17)`,"SELECT T1.School, T1.Street FROM schools AS T1 INNER JOIN frpm AS T2 ON T1.CDSCode = T2.CDSCode WHERE T2.`Enrollment (K-12)` - T2.`Enrollment (Ages 5-17)` > 30",True,False,False,1069,74,2.3139612319998832,"SELECT T1.School, T1.Street, T1.StreetAbr FROM schools AS T1 INNER JOIN frpm AS T2 ON T1.CDSCode = T2.CDSCode WHERE ABS(T2.`Enrollment (K-12)` - T2.`Enrollment (Ages 5-17)`) > 30",,,True,False,False,1096,80,2.5457972599997447,"SELECT T1.School, T1.Street, T1.StreetAbr, T1.City, T1.Zip FROM schools AS T1 INNER JOIN frpm AS T2 ON T1.CDSCode = T2.CDSCode WHERE T2.`Enrollment (K-12)` - T2.`Enrollment (Ages 5-17)` > 30",,,True,True,False,1069,68,4.666546197999196,"SELECT T2.School, T2.Street FROM frpm AS T1 INNER JOIN schools AS T2 ON T1.CDSCode = T2.CDSCode WHERE ABS(T1.`Enrollment (K-12)` - T1.`Enrollment (Ages 5-17)`) > 30",,,True,True,False,1096,66,4.5674896689997695,"SELECT T2.School, T2.Street FROM frpm AS T1 INNER JOIN schools AS T2 ON T1.CDSCode = T2.CDSCode WHERE T1.`Enrollment (K-12)` - T1.`Enrollment (Ages 5-17)` > 30",,,False,True,False,True,True,True,True,True,both_wrong,both_correct,improved,improved
443,443,california_schools,moderate,Give the names of the schools with the percent eligible for free meals in K-12 is more than 0.1 and test takers whose test score is greater than or equal to 1500?,Percent eligible for free meals = Free Meal Count (K-12) / Total (Enrollment (K-12),SELECT T2.`School Name` FROM satscores AS T1 INNER JOIN frpm AS T2 ON T1.cds = T2.CDSCode WHERE CAST(T2.`Free Meal Count (K-12)` AS REAL) / T2.`Enrollment (K-12)` > 0.1 AND T1.NumGE1500 > 0,False,False,False,1074,62,1.9519169979998878,SELECT T1.School FROM schools AS T1 INNER JOIN satscores AS T2 ON T1.CDSCode = T2.cds WHERE T1.`Percent (%) Eligible Free (K-12)` > 0.1 AND T2.NumGE1500 >= 1,no such column: T1.Percent (%) Eligible Free (K-12),,False,False,False,1098,62,2.0383846940003423,SELECT T1.School FROM schools AS T1 INNER JOIN satscores AS T2 ON T1.CDSCode = T2.cds WHERE T1.`Percent (%) Eligible Free (K-12)` > 0.1 AND T2.NumGE1500 >= 1,no such column: T1.Percent (%) Eligible Free (K-12),,True,False,False,1074,76,5.161337246000585,SELECT T1.School FROM schools AS T1 INNER JOIN satscores AS T2 ON T1.CDSCode = T2.cds WHERE T1.CDSCode IN ( SELECT CDSCode FROM frpm WHERE `Percent (%) Eligible Free (K-12)` > 0.1 ) AND T2.NumGE1500 > 0,,,True,False,False,1098,76,5.211641508999492,SELECT T1.School FROM schools AS T1 INNER JOIN satscores AS T2 ON T1.CDSCode = T2.cds WHERE T1.CDSCode IN ( SELECT CDSCode FROM frpm WHERE `Percent (%) Eligible Free (K-12)` > 0.1 ) AND T2.NumGE1500 >= 1,,,False,False,False,False,False,True,False,True,both_wrong,both_wrong,both_wrong,both_wrong
444,444,california_schools,moderate,"Name schools in Riverside which the average of average math score for SAT is grater than 400, what is the funding type of these schools?",Average of average math = sum(average math scores) / count(schools).,"SELECT T1.sname, T2.`Charter Funding Type` FROM satscores AS T1 INNER JOIN frpm AS T2 ON T1.cds = T2.CDSCode WHERE T2.`District Name` LIKE 'Riverside%' GROUP BY T1.sname, T2.`Charter Funding Type` HAVING CAST(SUM(T1.AvgScrMath) AS REAL) / COUNT(T1.cds) > 400",True,False,False,1061,59,1.8656213280000884,"SELECT T1.School, T1.FundingType FROM schools AS T1 INNER JOIN satscores AS T2 ON T1.CDSCode = T2.cds WHERE T2.AvgScrMath > 400 AND T1.County = 'Riverside'",,,True,False,False,1076,71,2.2617028479999135,"SELECT T1.School, T1.FundingType FROM schools AS T1 INNER JOIN satscores AS T2 ON T1.CDSCode = T2.cds WHERE T2.AvgScrMath > 400 AND T1.County = 'Riverside' GROUP BY T1.School, T1.FundingType",,,True,False,False,1061,59,4.078639920999194,"SELECT T1.School, T1.FundingType FROM schools AS T1 INNER JOIN satscores AS T2 ON T1.CDSCode = T2.cds WHERE T2.AvgScrMath > 400 AND T1.County = 'Riverside'",,,True,False,False,1076,71,4.910956323999926,"SELECT T1.School, T1.FundingType FROM schools AS T1 INNER JOIN satscores AS T2 ON T1.CDSCode = T2.cds WHERE T1.County = 'Riverside' AND T2.AvgScrMath > 400 GROUP BY T1.School, T1.FundingType",,,False,True,False,True,False,True,False,True,both_wrong,both_wrong,both_wrong,both_wrong
445,445,california_schools,moderate,State the names and full communication address of high schools in Monterey which has more than 800 free or reduced price meals for ages 15-17?,"Full communication address should include Street, City, State and zip code if any.","SELECT T1.`School Name`, T2.Street, T2.City, T2.State, T2.Zip FROM frpm AS T1 INNER JOIN schools AS T2 ON T1.CDSCode = T2.CDSCode WHERE T2.County = 'Monterey' AND T1.`Free Meal Count (Ages 5-17)` > 800 AND T1.`School Type` = 'High Schools (Public)'",False,False,False,1064,91,2.902789857000016,"SELECT T1.School, T1.Street, T1.City, T1.Zip, T1.State FROM schools AS T1 INNER JOIN frpm AS T2 ON T1.CDSCode = T2.CDSCode WHERE T1.County = 'Monterey' AND T2.`Percent (%) Eligible Free (Ages 5-17)` > 800 AND T1.SchoolType = 'High'",no such column: T1.SchoolType,,False,False,False,1078,91,2.845265136999842,"SELECT T1.School, T1.Street, T1.City, T1.State, T1.Zip FROM schools AS T1 INNER JOIN frpm AS T2 ON T1.CDSCode = T2.CDSCode WHERE T1.County = 'Monterey' AND T2.`Percent (%) Eligible Free (Ages 5-17)` > 800 AND T1.SchoolType = 'High'",no such column: T1.SchoolType,,True,False,False,1064,88,6.0974446280006305,"SELECT T1.School, T1.Street, T1.City, T1.Zip FROM schools AS T1 INNER JOIN frpm AS T2 ON T1.CDSCode = T2.CDSCode WHERE T1.County = 'Monterey' AND T2.`Percent (%) Eligible Free (Ages 5-17)` > 800 AND T1.GSoffered = 'H'",,,True,False,False,1078,92,6.3641316649991495,"SELECT T1.School, T1.Street, T1.City, T1.State, T1.Zip FROM schools AS T1 INNER JOIN frpm AS T2 ON T1.CDSCode = T2.CDSCode WHERE T1.County = 'Monterey' AND T2.`Percent (%) Eligible Free (Ages 5-17)` > 800 AND T1.GSoffered = 'H'",,,False,False,False,False,False,True,False,True,both_wrong,both_wrong,both_wrong,both_wrong
446,446,california_schools,moderate,"What is the average score in writing for the schools that were opened after 1991 or closed before 2000? List the school names along with the score. Also, list the communication number of the schools if there is any.",Communication number refers to phone number.,"SELECT T2.School, T1.AvgScrWrite, T2.Phone FROM schools AS T2 LEFT JOIN satscores AS T1 ON T2.CDSCode = T1.cds WHERE strftime('%Y', T2.OpenDate) > '1991' OR strftime('%Y', T2.ClosedDate) < '2000'",True,False,False,1081,79,2.495207900999958,"SELECT T2.sname, T2.AvgScrWrite, T1.CDSCode FROM schools AS T1 INNER JOIN satscores AS T2 ON T1.CDSCode = T2.cds WHERE T1.OpenDate > '1991-12-31' OR T1.ClosedDate < '2000-01-01'",,,True,False,False,1086,77,2.409660706000068,"SELECT T2.AvgScrWrite, T1.School, T1.Phone FROM schools AS T1 INNER JOIN satscores AS T2 ON T1.CDSCode = T2.cds WHERE T1.OpenDate > '1991-12-31' OR T1.ClosedDate < '2000-01-01'",,,True,False,False,1081,79,5.448704479999833,"SELECT T2.AvgScrWrite, T1.School, T1.CDSCode FROM schools AS T1 INNER JOIN satscores AS T2 ON T1.CDSCode = T2.cds WHERE T1.OpenDate > '1991-12-31' OR T1.ClosedDate < '2000-01-01'",,,True,False,False,1086,77,5.3705917469997075,"SELECT T2.AvgScrWrite, T1.School, T1.Phone FROM schools AS T1 INNER JOIN satscores AS T2 ON T1.CDSCode = T2.cds WHERE T1.OpenDate < '1992-01-01' OR T1.ClosedDate > '2000-12-31'",,,False,True,False,True,False,True,False,True,both_wrong,both_wrong,both_wrong,both_wrong
447,447,california_schools,challenging,"Consider the average difference between K-12 enrollment and 15-17 enrollment of schools that are locally funded, list the names and DOC type of schools which has a difference above this average.",Difference between K-12 enrollment and 15-17 enrollment can be computed by `Enrollment (K-12)` - `Enrollment (Ages 5-17)`,"SELECT T2.School, T2.DOC FROM frpm AS T1 INNER JOIN schools AS T2 ON T1.CDSCode = T2.CDSCode WHERE T2.FundingType = 'Locally funded' AND (T1.`Enrollment (K-12)` - T1.`Enrollment (Ages 5-17)`) > (SELECT AVG(T3.`Enrollment (K-12)` - T3.`Enrollment (Ages 5-17)`) FROM frpm AS T3 INNER JOIN schools AS T4 ON T3.CDSCode = T4.CDSCode WHERE T4.FundingType = 'Locally funded')",False,False,False,1071,159,4.907255874000157,"SELECT T1.School, T1.DOCType, ABS(T1.`Enrollment (K-12)` - T1.`Enrollment (Ages 5-17)`) AS Diff
FROM schools AS T1
JOIN frpm AS T2 ON T1.CDSCode = T2.CDSCode
WHERE T1.FundingType = 'Local'
HAVING Diff > (
    SELECT AVG(ABS(T1.`Enrollment (K-12)` - T1.`Enrollment (Ages 5-17)`))
    FROM schools AS T1
    JOIN frpm AS T2 ON T1.CDSCode = T2.CDSCode
    WHERE T1.FundingType = 'Local'
);",no such column: T1.Enrollment (K-12),,True,False,False,1111,141,4.465408232999835,"SELECT T1.School, T1.DOCType 
FROM schools AS T1 
JOIN frpm AS T2 ON T1.CDSCode = T2.CDSCode 
WHERE T2.`Enrollment (K-12)` - T2.`Enrollment (Ages 5-17)` > (
    SELECT AVG(T2.`Enrollment (K-12)` - T2.`Enrollment (Ages 5-17)`) 
    FROM schools AS T1 
    JOIN frpm AS T2 ON T1.CDSCode = T2.CDSCode 
    WHERE T1.FundingType = 'Local'
);",,,True,False,False,1071,121,8.287978164000378,"SELECT T2.School, T2.DOCType FROM frpm AS T1 INNER JOIN schools AS T2 ON T1.CDSCode = T2.CDSCode WHERE T2.FundingType = 'Local' GROUP BY T2.School, T2.DOCType HAVING ABS(T1.`Enrollment (K-12)` - T1.`Enrollment (Ages 5-17)`) > ( SELECT AVG(ABS(`Enrollment (K-12)` - `Enrollment (Ages 5-17)`)) FROM frpm )",,,True,False,False,1111,95,6.556987614000718,"SELECT T2.School, T2.DOCType FROM frpm AS T1 INNER JOIN schools AS T2 ON T1.CDSCode = T2.CDSCode WHERE T1.`Percent (%) Eligible Free (K-12)` > ( SELECT AVG(T1.`Percent (%) Eligible Free (K-12)`) FROM frpm AS T1 INNER JOIN schools AS T2 ON T1.CDSCode = T2.CDSCode )",,,False,False,False,True,False,True,False,True,both_wrong,both_wrong,both_wrong,both_wrong
448,448,california_schools,moderate,What is the eligible free rate of the 10th and 11th schools with the highest enrolment for students in grades 1 through 12?,K-12 refers to students in grades 1 through 12; Eligible free rate for K-12 = `Free Meal Count (K-12)` / `Enrollment (K-12)`,"SELECT CAST(`Free Meal Count (K-12)` AS REAL) / `Enrollment (K-12)` FROM frpm ORDER BY `Enrollment (K-12)` DESC LIMIT 9, 2",True,False,False,1064,55,1.76963426899988,SELECT AVG(`Percent (%) Eligible Free (K-12)`) FROM frpm WHERE `Low Grade` = '10' AND `High Grade` = '11' ORDER BY `Enrollment (K-12)` DESC LIMIT 10,,,True,False,False,1109,36,1.1578500659998099,"SELECT `Percent (%) Eligible Free (K-12)` FROM frpm ORDER BY `Enrollment (K-12)` DESC LIMIT 10, 2",,,False,False,False,1064,54,3.779219937000562,"SELECT T2.`Percent (%) Eligible Free (K-12)` FROM schools AS T1 INNER JOIN frpm AS T2 ON T1.CDSCode = T2.CDSCode ORDER BY T1.Enroll DESC LIMIT 10, 1",no such column: T1.Enroll,,True,False,False,1109,70,4.854907480000293,SELECT CAST(SUM(`Free Meal Count (K-12)`) AS REAL) / SUM(`Enrollment (K-12)`) FROM frpm WHERE `High Grade` = '11' AND `Low Grade` = '10' ORDER BY `Enrollment (K-12)` DESC LIMIT 10,,,False,True,False,True,False,False,False,True,both_wrong,both_wrong,both_wrong,both_wrong
449,449,california_schools,moderate,What is the eligible free or reduced price meal rate for the top 5 schools in grades 1-12 with the highest free or reduced price meal count of the schools with the ownership code 66?,grades 1-12 means K-12; Eligible free or reduced price meal rate for K-12 = `FRPM Count (K-12)` / `Enrollment (K-12)`,SELECT CAST(T1.`FRPM Count (K-12)` AS REAL) / T1.`Enrollment (K-12)` FROM frpm AS T1 INNER JOIN schools AS T2 ON T1.CDSCode = T2.CDSCode WHERE T2.SOC = 66 ORDER BY T1.`FRPM Count (K-12)` DESC LIMIT 5,False,False,False,1073,74,2.3633854559998326,"SELECT T1.School, T1.`Percent (%) Eligible Free (K-12)` FROM schools AS T1 INNER JOIN frpm AS T2 ON T1.CDSCode = T2.CDSCode WHERE T2.`Ownership Code` = 66 ORDER BY T2.`Free Meal Count (K-12)` DESC LIMIT 5",no such column: T1.Percent (%) Eligible Free (K-12),,False,False,False,1118,110,3.426797048000026,"SELECT T1.School, T1.`FRPM Count (K-12)`, T1.`Enrollment (K-12)`, (T1.`FRPM Count (K-12)` / T1.`Enrollment (K-12)`) AS Rate FROM schools AS T1 INNER JOIN frpm AS T2 ON T1.CDSCode = T2.CDSCode WHERE T1.Doc = 66 ORDER BY T1.`FRPM Count (K-12)` DESC LIMIT 5",no such column: T1.FRPM Count (K-12),,True,False,False,1073,68,4.703978352999911,SELECT T2.`Percent (%) Eligible Free (K-12)` FROM schools AS T1 INNER JOIN frpm AS T2 ON T1.CDSCode = T2.CDSCode WHERE T1.SOC = '66' ORDER BY T2.`Free Meal Count (K-12)` DESC LIMIT 5,,,True,False,False,1118,68,4.732187857999634,SELECT T2.`Percent (%) Eligible Free (K-12)` FROM schools AS T1 INNER JOIN frpm AS T2 ON T1.CDSCode = T2.CDSCode WHERE T1.SOC = '66' ORDER BY T2.`FRPM Count (K-12)` DESC LIMIT 5,,,False,False,False,False,False,True,False,True,both_wrong,both_wrong,both_wrong,both_wrong
450,450,california_schools,moderate,"What is the complete address of the school with the lowest excellence rate? Indicate the Street, City, Zip and State.","Execellence Rate = NumGE1500 / NumTstTakr; complete address has Street, City, State, Zip code","SELECT T2.Street, T2.City, T2.State, T2.Zip FROM satscores AS T1 INNER JOIN schools AS T2 ON T1.cds = T2.CDSCode ORDER BY CAST(T1.NumGE1500 AS REAL) / T1.NumTstTakr ASC LIMIT 1",True,False,False,1055,43,1.395525029000055,"SELECT Street, City, Zip, State FROM schools WHERE CDSCode = ( SELECT CDSCode FROM frpm ORDER BY `Percent (%) Eligible Free (K-12)` ASC LIMIT 1 )",,,True,True,False,1084,69,2.1689693530001932,"SELECT T1.Street, T1.City, T1.State, T1.Zip FROM schools AS T1 INNER JOIN satscores AS T2 ON T1.CDSCode = T2.cds ORDER BY CAST(T2.NumGE1500 AS REAL) / T2.NumTstTakr ASC LIMIT 1",,,True,False,False,1055,19,1.3897637520003627,"SELECT Street, City, Zip, State FROM schools ORDER BY EILName LIMIT 1",,,True,False,False,1084,68,4.7378838889999315,"SELECT T2.Street, T2.City, T2.Zip, T2.State FROM satscores AS T1 INNER JOIN schools AS T2 ON T1.cds = T2.CDSCode ORDER BY CAST(T1.NumGE1500 AS REAL) / T1.NumTstTakr LIMIT 1",,,False,True,True,True,False,True,False,True,improved,both_wrong,both_wrong,regressed
451,451,california_schools,challenging,Under whose administration is the school with the highest number of students scoring 1500 or more on the SAT? Indicate their full names.,"full name means first name, last name; There are at most 3 administrators for each school; SAT Scores are greater or equal to 1500 refers to NumGE1500","SELECT T2.AdmFName1, T2.AdmLName1, T2.AdmFName2, T2.AdmLName2, T2.AdmFName3, T2.AdmLName3 FROM satscores AS T1 INNER JOIN schools AS T2 ON T1.cds = T2.CDSCode ORDER BY T1.NumGE1500 DESC LIMIT 1",True,True,False,1060,99,3.1385512039998957,"SELECT T1.AdmFName1, T1.AdmLName1, T1.AdmFName2, T1.AdmLName2, T1.AdmFName3, T1.AdmLName3 FROM schools AS T1 INNER JOIN satscores AS T2 ON T1.CDSCode = T2.cds WHERE T2.NumGE1500 = ( SELECT MAX(NumGE1500) FROM satscores )",,,True,True,False,1099,102,3.182950857999913,"SELECT T1.AdmFName1, T1.AdmLName1, T1.AdmFName2, T1.AdmLName2, T1.AdmFName3, T1.AdmLName3 FROM schools AS T1 INNER JOIN satscores AS T2 ON T1.CDSCode = T2.cds WHERE T2.NumGE1500 = ( SELECT MAX(NumGE1500) FROM satscores ) LIMIT 1",,,True,False,False,1060,67,4.610316516999774,"SELECT T1.AdmFName1, T1.AdmLName1 FROM schools AS T1 INNER JOIN satscores AS T2 ON T1.CDSCode = T2.cds WHERE T2.NumGE1500 = ( SELECT MAX(NumGE1500) FROM satscores )",,,True,False,False,1099,67,4.681031235999399,"SELECT T1.AdmFName1, T1.AdmLName1 FROM schools AS T1 INNER JOIN satscores AS T2 ON T1.CDSCode = T2.cds WHERE T2.NumGE1500 = ( SELECT MAX(NumGE1500) FROM satscores )",,,True,True,True,True,False,True,False,True,both_correct,both_wrong,regressed,regressed
452,452,california_schools,simple,What is the average number of test takers from Fresno schools that opened between 1/1/1980 and 12/31/1980?,between 1/1/1980 and 12/31/1980 means the year = 1980,"SELECT AVG(T1.NumTstTakr) FROM satscores AS T1 INNER JOIN schools AS T2 ON T1.cds = T2.CDSCode WHERE strftime('%Y', T2.OpenDate) = '1980' AND T2.County = 'Fresno'",True,False,False,1067,77,2.456421110000065,SELECT AVG(T2.NumTstTakr) FROM schools AS T1 INNER JOIN satscores AS T2 ON T1.CDSCode = T2.cds WHERE T1.City = 'Fresno' AND T1.OpenDate BETWEEN '1980-01-01' AND '1980-12-31',,,True,False,False,1097,65,2.1219607899997754,"SELECT AVG(T2.NumTstTakr) FROM schools AS T1 INNER JOIN satscores AS T2 ON T1.CDSCode = T2.cds WHERE T1.City = 'Fresno' AND STRFTIME('%Y', T1.OpenDate) = '1980'",,,True,False,False,1067,77,5.310397057000046,SELECT AVG(T2.NumTstTakr) FROM schools AS T1 INNER JOIN satscores AS T2 ON T1.CDSCode = T2.cds WHERE T1.OpenDate BETWEEN '1980-01-01' AND '1980-12-31' AND T1.City = 'Fresno',,,True,False,False,1097,65,4.497990687000311,"SELECT AVG(T2.NumTstTakr) FROM schools AS T1 INNER JOIN satscores AS T2 ON T1.CDSCode = T2.cds WHERE T1.City = 'Fresno' AND STRFTIME('%Y', T1.OpenDate) = '1980'",,,False,True,False,True,False,True,False,True,both_wrong,both_wrong,both_wrong,both_wrong
453,453,california_schools,moderate,What is the telephone number for the school with the lowest average score in reading in Fresno Unified?,Fresno Unified is a name of district;,SELECT T2.Phone FROM satscores AS T1 INNER JOIN schools AS T2 ON T1.cds = T2.CDSCode WHERE T2.District = 'Fresno Unified' AND T1.AvgScrRead IS NOT NULL ORDER BY T1.AvgScrRead ASC LIMIT 1,True,False,False,1049,52,1.675612129000001,SELECT T1.Phone FROM schools AS T1 INNER JOIN satscores AS T2 ON T1.CDSCode = T2.cds WHERE T1.County = 'Fresno' ORDER BY T2.AvgScrRead ASC LIMIT 1,,,True,False,False,1057,53,1.6859986440003922,SELECT T1.Phone FROM schools AS T1 INNER JOIN satscores AS T2 ON T1.CDSCode = T2.cds WHERE T1.District = 'Fresno Unified' ORDER BY T2.AvgScrRead ASC LIMIT 1,,,True,False,False,1049,52,3.6318002899997737,SELECT T1.Phone FROM schools AS T1 INNER JOIN satscores AS T2 ON T1.CDSCode = T2.cds WHERE T1.District = 'Fresno Unified' ORDER BY T2.AvgScrRead LIMIT 1,,,True,False,False,1057,52,3.58350624600007,SELECT T2.Phone FROM satscores AS T1 INNER JOIN schools AS T2 ON T1.cds = T2.CDSCode WHERE T2.District = 'Fresno Unified' ORDER BY T1.AvgScrRead LIMIT 1,,,False,True,False,True,False,True,False,True,both_wrong,both_wrong,both_wrong,both_wrong
454,454,california_schools,simple,List the names of virtual schools that are among the top 5 in their respective counties based on average reading scores.,Exclusively virtual refers to Virtual = 'F'; respective counties means PARTITION BY County,"SELECT School FROM (SELECT T2.School,T1.AvgScrRead, RANK() OVER (PARTITION BY T2.County ORDER BY T1.AvgScrRead DESC) AS rnk FROM satscores AS T1 INNER JOIN schools AS T2 ON T1.cds = T2.CDSCode WHERE T2.Virtual = 'F' ) ranked_schools WHERE rnk <= 5",True,False,False,1053,49,1.5804325910000898,SELECT T1.School FROM schools AS T1 INNER JOIN satscores AS T2 ON T1.CDSCode = T2.cds WHERE T1.Virtual = 1 ORDER BY T2.AvgScrRead DESC LIMIT 5,,,True,False,False,1070,63,1.986805810000078,"SELECT T1.School FROM schools AS T1 INNER JOIN satscores AS T2 ON T1.CDSCode = T2.cds WHERE T1.Virtual = 'F' GROUP BY T1.County, T1.School ORDER BY AVG(T2.AvgScrRead) DESC LIMIT 5",,,True,False,False,1053,59,4.02429875100006,SELECT T1.School FROM schools AS T1 INNER JOIN satscores AS T2 ON T1.CDSCode = T2.cds WHERE T1.Virtual = 'Yes' AND T2.rtype = 'Virtual' ORDER BY T2.AvgScrRead DESC LIMIT 5,,,True,False,False,1070,58,4.025194393000675,SELECT T2.School FROM satscores AS T1 INNER JOIN schools AS T2 ON T1.cds = T2.CDSCode WHERE T2.Virtual = 'F' GROUP BY T2.County ORDER BY SUM(T1.AvgScrRead) DESC LIMIT 5,,,False,True,False,True,False,True,False,True,both_wrong,both_wrong,both_wrong,both_wrong
455,455,california_schools,moderate,What is the average writing score of each of the schools managed by Ricci Ulrich? List the schools and the corresponding average writing scores.,"Usually, administrators manage the school stuff.","SELECT T2.School, T1.AvgScrWrite FROM satscores AS T1 INNER JOIN schools AS T2 ON T1.cds = T2.CDSCode WHERE T2.AdmFName1 = 'Ricci' AND T2.AdmLName1 = 'Ulrich'",True,True,False,1058,72,2.279039603000001,"SELECT T1.School, AVG(T2.AvgScrWrite) FROM schools AS T1 INNER JOIN satscores AS T2 ON T1.CDSCode = T2.cds WHERE T1.AdmFName1 = 'Ricci' AND T1.AdmLName1 = 'Ulrich' GROUP BY T1.School",,,True,True,False,1064,72,2.2619003999998313,"SELECT T1.School, AVG(T2.AvgScrWrite) FROM schools AS T1 INNER JOIN satscores AS T2 ON T1.CDSCode = T2.cds WHERE T1.AdmFName1 = 'Ricci' AND T1.AdmLName1 = 'Ulrich' GROUP BY T1.School",,,True,True,True,1058,64,4.43647842000064,"SELECT T2.School, T1.AvgScrWrite FROM satscores AS T1 INNER JOIN schools AS T2 ON T1.cds = T2.CDSCode WHERE T2.AdmFName1 = 'Ricci' AND T2.AdmLName1 = 'Ulrich'",,,True,True,False,1064,72,4.992777225999816,"SELECT T2.sname, AVG(T2.AvgScrWrite) FROM schools AS T1 INNER JOIN satscores AS T2 ON T1.CDSCode = T2.cds WHERE T1.AdmFName1 = 'Ricci' AND T1.AdmLName1 = 'Ulrich' GROUP BY T2.sname",,,True,True,True,True,True,True,True,True,both_correct,both_correct,both_correct,both_correct
456,456,california_schools,simple,Which state special schools have the highest number of enrollees from grades 1 through 12?,State Special Schools refers to DOC = 31; Grades 1 through 12 means K-12,SELECT T2.School FROM frpm AS T1 INNER JOIN schools AS T2 ON T1.CDSCode = T2.CDSCode WHERE T2.DOC = 31 ORDER BY T1.`Enrollment (K-12)` DESC LIMIT 1,False,False,False,1051,57,1.823156458999847,SELECT T1.School FROM schools AS T1 INNER JOIN frpm AS T2 ON T1.CDSCode = T2.CDSCode WHERE T1.SchoolType = 'Special' ORDER BY T2.`Enrollment (K-12)` DESC LIMIT 1,no such column: T1.SchoolType,,True,False,False,1073,79,2.4753547430000253,SELECT T1.School FROM schools AS T1 INNER JOIN frpm AS T2 ON T1.CDSCode = T2.CDSCode WHERE T1.DOC = 31 AND T2.`Low Grade` = 'K' AND T2.`High Grade` = '12' ORDER BY T2.`Enrollment (K-12)` DESC LIMIT 1,,,True,False,False,1051,57,3.9369017669996538,SELECT T1.School FROM schools AS T1 INNER JOIN frpm AS T2 ON T1.CDSCode = T2.CDSCode WHERE T1.SOCType = 'Special' ORDER BY T2.`Enrollment (K-12)` DESC LIMIT 1,,,True,True,False,1073,68,4.6861954539999715,SELECT T1.School FROM schools AS T1 INNER JOIN frpm AS T2 ON T1.CDSCode = T2.CDSCode WHERE T1.DOC = 31 AND T2.`High Grade` = '12' ORDER BY T2.`Enrollment (K-12)` DESC LIMIT 1,,,False,False,False,True,False,True,True,True,both_wrong,improved,both_wrong,improved
457,457,california_schools,moderate,What is the monthly average number of schools that opened in Alameda County under the jurisdiction of the Elementary School District in 1980?,Elementary School District refers to DOC = 52; Monthly average number of schools that opened in 1980 = count(schools that opened in 1980) / 12,"SELECT CAST(COUNT(School) AS REAL) / 12 FROM schools WHERE DOC = 52 AND County = 'Alameda' AND strftime('%Y', OpenDate) = '1980'",True,False,False,1059,49,1.5760409110000637,"SELECT COUNT(CDSCode) / 12 AS MonthlyAverage FROM schools WHERE County = 'Alameda' AND District = 'Elementary School District' AND STRFTIME('%Y', OpenDate) = '1980'",,,True,False,False,1101,51,1.6173757189999378,"SELECT COUNT(CASE WHEN STRFTIME('%Y', OpenDate) = '1980' THEN 1 ELSE NULL END) / 12 AS MonthlyAverage FROM schools WHERE County = 'Alameda' AND DOC = 52",,,True,False,False,1059,46,3.21101942399946,"SELECT COUNT(CDSCode) / 12 FROM schools WHERE STRFTIME('%Y', OpenDate) = '1980' AND County = 'Alameda' AND District = 'Elementary School District'",,,True,False,False,1101,43,3.0201523270006874,"SELECT COUNT(CDSCode) / 12 FROM schools WHERE STRFTIME('%Y', OpenDate) = '1980' AND County = 'Alameda' AND DOC = 52",,,False,True,False,True,False,True,False,True,both_wrong,both_wrong,both_wrong,both_wrong
458,458,california_schools,moderate,What is the ratio of merged Unified School District schools in Orange County to merged Elementary School District schools?,Elementary School District refers to DOC = 52; Unified School District refers to DOC = 54.,SELECT CAST(SUM(CASE WHEN DOC = 54 THEN 1 ELSE 0 END) AS REAL) / SUM(CASE WHEN DOC = 52 THEN 1 ELSE 0 END) FROM schools WHERE StatusType = 'Merged' AND County = 'Orange',False,False,False,1050,92,2.9157344909999665,SELECT SUM(CASE WHEN T1.DistrictType = 'Unified' THEN 1 ELSE 0 END) / SUM(CASE WHEN T1.DistrictType = 'Elementary' THEN 1 ELSE 0 END) AS Ratio FROM frpm AS T1 INNER JOIN schools AS T2 ON T1.CDSCode = T2.CDSCode WHERE T2.County = 'Orange' AND T1.School Type LIKE '%Merged%',"near ""Type"": syntax error",,True,False,False,1071,55,1.7896013449999373,SELECT SUM(CASE WHEN DOC = 54 THEN 1 ELSE 0 END) / SUM(CASE WHEN DOC = 52 THEN 1 ELSE 0 END) AS Ratio FROM schools WHERE County = 'Orange' AND StatusType = 'Merged',,,False,False,False,1050,97,6.7300958020005055,SELECT SUM(CASE WHEN T1.DistrictType = 'Unified' THEN 1 ELSE 0 END) / SUM(CASE WHEN T1.DistrictType = 'Elementary' THEN 1 ELSE 0 END) FROM frpm AS T1 INNER JOIN schools AS T2 ON T1.CDSCode = T2.CDSCode WHERE T2.County = 'Orange' AND T1.`Percent (%) Eligible Free (K-12)` > 0,no such column: T1.DistrictType,,True,False,False,1071,91,6.237008140000398,SELECT CAST(SUM(CASE WHEN T1.DOC = 54 THEN 1 ELSE 0 END) AS REAL) / SUM(CASE WHEN T1.DOC = 52 THEN 1 ELSE 0 END) FROM schools AS T1 INNER JOIN frpm AS T2 ON T1.CDSCode = T2.CDSCode WHERE T1.County = 'Orange' AND T1.StatusType = 'Merged',,,False,False,False,True,False,False,False,True,both_wrong,both_wrong,both_wrong,both_wrong
459,459,california_schools,simple,What is the postal street address for the school with the 7th highest Math average? Indicate the school's name.,Postal street and mailing street are synonyms.,"SELECT T2.MailStreet, T2.School FROM satscores AS T1 INNER JOIN schools AS T2 ON T1.cds = T2.CDSCode ORDER BY T1.AvgScrMath DESC LIMIT 6, 1",True,True,False,1055,50,1.601452214999881,"SELECT T2.Street, T2.School FROM satscores AS T1 INNER JOIN schools AS T2 ON T1.cds = T2.CDSCode ORDER BY T1.AvgScrMath DESC LIMIT 6, 1",,,True,True,False,1061,50,1.6249087149999468,"SELECT T2.Street, T2.School FROM satscores AS T1 INNER JOIN schools AS T2 ON T1.cds = T2.CDSCode ORDER BY T1.AvgScrMath DESC LIMIT 6, 1",,,True,True,False,1055,50,3.543421663999652,"SELECT T2.Street, T2.School FROM satscores AS T1 INNER JOIN schools AS T2 ON T1.cds = T2.CDSCode ORDER BY T1.AvgScrMath DESC LIMIT 6, 1",,,True,True,False,1061,50,3.4785346239996215,"SELECT T2.Street, T2.School FROM satscores AS T1 INNER JOIN schools AS T2 ON T1.cds = T2.CDSCode ORDER BY T1.AvgScrMath DESC LIMIT 6, 1",,,True,True,True,True,True,True,True,True,both_correct,both_correct,both_correct,both_correct
460,460,california_schools,challenging,What is the total number of non-chartered schools in the county of Los Angeles with a percent (%) of eligible free meals for grades 1 through 12 that is less than 0.18%?,non-chartered schools refer to schools whose Charter = 0; K-12 means grades 1 through 12; percent of eligible free rate for K-12 = `Free Meal Count (K-12)` * 100 / `Enrollment (K-12)`,SELECT COUNT(T2.School) FROM frpm AS T1 INNER JOIN schools AS T2 ON T1.CDSCode = T2.CDSCode WHERE T2.County = 'Los Angeles' AND T2.Charter = 0 AND CAST(T1.`Free Meal Count (K-12)` AS REAL) * 100 / T1.`Enrollment (K-12)` < 0.18,True,False,False,1073,67,2.130308699999887,SELECT COUNT(*) FROM frpm AS T1 INNER JOIN schools AS T2 ON T1.CDSCode = T2.CDSCode WHERE T2.County = 'Los Angeles' AND T1.`Percent (%) Eligible Free (K-12)` < 0.18 AND T2.Charter = 0,,,True,True,False,1134,84,2.6887277360001463,SELECT COUNT(*) FROM frpm AS T1 INNER JOIN schools AS T2 ON T1.CDSCode = T2.CDSCode WHERE T2.County = 'Los Angeles' AND T2.Charter = 0 AND (T1.`Free Meal Count (K-12)` * 100 / T1.`Enrollment (K-12)`) < 0.18,,,True,False,False,1073,72,5.002378432999649,SELECT COUNT(T1.CDSCode) FROM frpm AS T1 INNER JOIN schools AS T2 ON T1.CDSCode = T2.CDSCode WHERE T2.County = 'Los Angeles' AND T1.`Percent (%) Eligible Free (K-12)` < 0.18 AND T2.Charter = 0,,,True,False,False,1134,72,4.985076396000295,SELECT COUNT(T1.CDSCode) FROM frpm AS T1 INNER JOIN schools AS T2 ON T1.CDSCode = T2.CDSCode WHERE T2.County = 'Los Angeles' AND T2.Charter = 0 AND T1.`Percent (%) Eligible Free (K-12)` < 0.18,,,False,True,True,True,False,True,False,True,improved,both_wrong,both_wrong,regressed
461,461,california_schools,moderate,How many students from the ages of 5 to 17 are enrolled at the State Special School school in Fremont for the 2014-2015 academic year?,State Special School means EdOpsCode = 'SSS',SELECT T1.`Enrollment (Ages 5-17)` FROM frpm AS T1 INNER JOIN schools AS T2 ON T1.CDSCode = T2.CDSCode WHERE T2.EdOpsCode = 'SSS' AND T2.City = 'Fremont' AND T1.`Academic Year` BETWEEN 2014 AND 2015,True,False,False,1069,59,1.9050529359999473,SELECT SUM(`Enrollment (Ages 5-17)`) FROM frpm WHERE `School Name` = 'State Special School' AND `County Name` = 'Fremont' AND `Academic Year` = '2014-2015',,,True,False,False,1079,83,2.5915366260001065,SELECT SUM(T1.`Enrollment (Ages 5-17)`) FROM frpm AS T1 INNER JOIN schools AS T2 ON T1.CDSCode = T2.CDSCode WHERE T2.School = 'State Special School' AND T2.City = 'Fremont' AND T1.`Academic Year` = '2014-2015',,,True,False,False,1069,81,5.593114128000707,SELECT T2.`Enrollment (Ages 5-17)` FROM schools AS T1 INNER JOIN frpm AS T2 ON T1.CDSCode = T2.CDSCode WHERE T1.School = 'STATE SPECIAL SCHOOL' AND T1.City = 'FREMONT' AND T2.`Academic Year` = '2014-2015',,,True,False,False,1079,83,5.702578766000443,SELECT SUM(T2.`Enrollment (Ages 5-17)`) FROM schools AS T1 INNER JOIN frpm AS T2 ON T1.CDSCode = T2.CDSCode WHERE T1.School = 'State Special School' AND T1.City = 'Fremont' AND T2.`Academic Year` = '2014-2015',,,False,True,False,True,False,True,False,True,both_wrong,both_wrong,both_wrong,both_wrong
462,462,california_schools,moderate,Which schools served a grade span of Kindergarten to 9th grade in the county of Los Angeles and what is its Percent (%) Eligible FRPM (Ages 5-17)?,Percent (%) Eligible FRPM (Ages 5-17) can be acquired by `FRPM Count (Ages 5-17)` / `Enrollment (Ages 5-17)` * 100,"SELECT T2.School, T1.`FRPM Count (Ages 5-17)` * 100 / T1.`Enrollment (Ages 5-17)` FROM frpm AS T1 INNER JOIN schools AS T2 ON T1.CDSCode = T2.CDSCode WHERE T2.County = 'Los Angeles' AND T2.GSserved = 'K-9'",True,False,False,1069,81,2.58179432299994,"SELECT T1.School, T2.`Percent (%) Eligible FRPM (Ages 5-17)` FROM schools AS T1 INNER JOIN frpm AS T2 ON T1.CDSCode = T2.CDSCode WHERE T1.County = 'Los Angeles' AND T2.`Low Grade` = 'K' AND T2.`High Grade` = '9'",,,False,False,False,1118,120,3.6709570829998484,"SELECT T1.School, (T1.`FRPM Count (Ages 5-17)` / T1.`Enrollment (Ages 5-17)` * 100) AS ""Percent (%) Eligible FRPM (Ages 5-17)"" FROM schools AS T1 INNER JOIN frpm AS T2 ON T1.CDSCode = T2.CDSCode WHERE T1.County = 'Los Angeles' AND T1.GSoffered LIKE '%Kindergarten%' AND T1.GSoffered LIKE '%9th grade%'",no such column: T1.FRPM Count (Ages 5-17),,True,False,False,1069,72,4.989588869000727,"SELECT T1.School, T2.`Percent (%) Eligible FRPM (Ages 5-17)` FROM schools AS T1 INNER JOIN frpm AS T2 ON T1.CDSCode = T2.CDSCode WHERE T1.County = 'Los Angeles' AND T1.GSoffered = 'K-9'",,,True,False,False,1118,93,6.407298398999956,"SELECT T2.School , CAST(T1.`FRPM Count (Ages 5-17)` AS REAL) * 100 / T1.`Enrollment (Ages 5-17)` FROM frpm AS T1 INNER JOIN schools AS T2 ON T1.CDSCode = T2.CDSCode WHERE T2.County = 'Los Angeles' AND T2.GSoffered = 'K-9'",,,False,True,False,False,False,True,False,True,both_wrong,both_wrong,both_wrong,both_wrong
463,463,california_schools,moderate,"Between San Diego and Santa Barbara, which county offers the most number of schools that does not offer physical building? Indicate the amount.",'Does not offer physical building' means Virtual = F in the database.,"SELECT County, COUNT(Virtual) FROM schools WHERE (County = 'San Diego' OR County = 'Santa Barbara') AND Virtual = 'F' GROUP BY County ORDER BY COUNT(Virtual) DESC LIMIT 1",True,False,False,1057,25,0.8334285789999285,"SELECT COUNT(CDSCode) FROM schools WHERE County IN ('San Diego', 'Santa Barbara') AND Virtual = 1",,,True,False,False,1070,41,1.3406098099999326,"SELECT COUNT(CDSCode), County FROM schools WHERE County IN ('San Diego', 'Santa Barbara') AND Virtual = 'F' GROUP BY County ORDER BY COUNT(CDSCode) DESC LIMIT 1",,,True,False,False,1057,25,1.8118477269999858,"SELECT COUNT(CDSCode) FROM schools WHERE County IN ('San Diego', 'Santa Barbara') AND Virtual = 1",,,False,False,False,1070,69,4.752516510000532,"SELECT T2.County FROM schools AS T1 INNER JOIN frpm AS T2 ON T1.CDSCode = T2.CDSCode WHERE T1.City IN ('San Diego', 'Santa Barbara') AND T1.Virtual = 'F' GROUP BY T2.County ORDER BY COUNT(T2.School) DESC LIMIT 1",no such column: T2.County,,False,True,False,True,False,True,False,False,both_wrong,both_wrong,both_wrong,both_wrong
464,464,california_schools,simple,What is the grade span offered in the school with the highest longitude?,the highest longitude refers to the school with the maximum absolute longitude value.,SELECT GSoffered FROM schools ORDER BY ABS(longitude) DESC LIMIT 1,True,False,False,1044,15,0.5163059069998326,SELECT DISTINCT GSoffered FROM schools ORDER BY Longitude DESC LIMIT 1,,,True,False,False,1056,18,0.6200292530002116,SELECT DISTINCT GSoffered FROM schools ORDER BY ABS(Longitude) DESC LIMIT 1,,,True,False,False,1044,14,1.0413662580003802,SELECT GSoffered FROM schools ORDER BY Longitude DESC LIMIT 1,,,True,False,False,1056,44,3.057648875999803,SELECT T1.GSoffered FROM schools AS T1 INNER JOIN frpm AS T2 ON T1.CDSCode = T2.CDSCode ORDER BY ABS(T1.Longitude) DESC LIMIT 1,,,False,True,False,True,False,True,False,True,both_wrong,both_wrong,both_wrong,both_wrong
465,465,california_schools,challenging,"Of the schools that offers a magnet program serving a grade span of Kindergarten to 8th grade, how many offers Multiple Provision Types? List the number of cities that offers a Kindergarten to 8th grade span and indicate how many schools are there serving such grade span for each city.",Kindergarten to 8th grade refers to K-8; 'Offers a magnet program' means Magnet = 1; Multiple Provision Types refers to `NSLP Provision Status` = 'Multiple Provision Types',"SELECT T2.City, COUNT(T2.CDSCode) FROM frpm AS T1 INNER JOIN schools AS T2 ON T1.CDSCode = T2.CDSCode WHERE T2.Magnet = 1 AND T2.GSoffered = 'K-8' AND T1.`NSLP Provision Status` = 'Multiple Provision Types' GROUP BY T2.City",True,False,False,1089,90,2.7895715440001823,"SELECT COUNT(DISTINCT T1.City), T1.City, COUNT(T1.School) 
FROM schools AS T1 
JOIN frpm AS T2 ON T1.CDSCode = T2.CDSCode 
WHERE T1.GSoffered LIKE '%Kindergarten%' AND T1.GSoffered LIKE '%8th grade%' AND T1.Magnet = 1 
GROUP BY T1.City;",,,True,False,False,1129,85,2.6577005419999296,"SELECT COUNT(T1.CDSCode), T1.City 
FROM schools AS T1 
JOIN frpm AS T2 ON T1.CDSCode = T2.CDSCode 
WHERE T1.Magnet = 1 AND T1.GSserved = 'K-8' AND T2.`NSLP Provision Status` = 'Multiple Provision Types' 
GROUP BY T1.City;",,,True,False,False,1089,62,4.274174682000194,"SELECT COUNT(T1.CDSCode), T1.City FROM schools AS T1 INNER JOIN frpm AS T2 ON T1.CDSCode = T2.CDSCode WHERE T1.GSoffered = 'K-8' AND T1.Magnet = 1 GROUP BY T1.City",,,True,False,False,1129,62,4.3211231069999485,"SELECT COUNT(T1.CDSCode), T1.City FROM schools AS T1 INNER JOIN frpm AS T2 ON T1.CDSCode = T2.CDSCode WHERE T1.GSoffered = 'K-8' AND T1.Magnet = 1 GROUP BY T1.City",,,False,True,False,True,False,True,False,True,both_wrong,both_wrong,both_wrong,both_wrong
466,466,california_schools,moderate,What is the Percent (%) Eligible Free (K-12) in the school administered by an administrator whose first name is Alusine. List the district code of the school.,Percent (%) Eligible Free (K-12) = `Free Meal Count (K-12)` / `Enrollment (K-12)` * 100%,"SELECT T1.`Free Meal Count (K-12)` * 100 / T1.`Enrollment (K-12)`, T1.`District Code` FROM frpm AS T1 INNER JOIN schools AS T2 ON T1.CDSCode = T2.CDSCode WHERE T2.AdmFName1 = 'Alusine'",True,False,False,1067,59,1.8636209329999929,"SELECT T1.`Percent (%) Eligible Free (K-12)`, T2.District FROM frpm AS T1 INNER JOIN schools AS T2 ON T1.CDSCode = T2.CDSCode WHERE T2.AdmFName1 = 'Alusine'",,,True,False,False,1103,61,1.9057690620002177,"SELECT T1.`Percent (%) Eligible Free (K-12)`, T1.`District Code` FROM frpm AS T1 INNER JOIN schools AS T2 ON T1.CDSCode = T2.CDSCode WHERE T2.AdmFName1 = 'Alusine'",,,True,False,False,1067,59,4.09279870499995,"SELECT T1.`Percent (%) Eligible Free (K-12)`, T2.District FROM frpm AS T1 INNER JOIN schools AS T2 ON T1.CDSCode = T2.CDSCode WHERE T2.AdmFName1 = 'Alusine'",,,True,False,False,1103,59,4.070329361000404,"SELECT T2.`Percent (%) Eligible Free (K-12)`, T1.District FROM schools AS T1 INNER JOIN frpm AS T2 ON T1.CDSCode = T2.CDSCode WHERE T1.AdmFName1 = 'Alusine'",,,False,True,False,True,False,True,False,True,both_wrong,both_wrong,both_wrong,both_wrong
467,467,california_schools,challenging,"What are the valid e-mail addresses of the administrator of the school located in the San Bernardino county, City of San Bernardino City Unified that opened between 1/1/2009 to 12/31/2010 whose school types are public Intermediate/Middle Schools and Unified Schools?",Intermediate/Middle Schools refers to SOC = 62; Unified School refers to DOC = 54; years between 2009 and 2010 can refer to 'between 1/1/2009 to 12/31/2010',"SELECT T2.AdmEmail1, T2.AdmEmail2 FROM frpm AS T1 INNER JOIN schools AS T2 ON T1.CDSCode = T2.CDSCode WHERE T2.County = 'San Bernardino' AND T2.City = 'San Bernardino' AND T2.DOC = 54 AND strftime('%Y', T2.OpenDate) BETWEEN '2009' AND '2010' AND T2.SOC = 62",False,False,False,1093,125,3.9349496419999923,"SELECT DISTINCT T1.AdmEmail1, T1.AdmEmail2, T1.AdmEmail3 FROM schools AS T1 INNER JOIN frpm AS T2 ON T1.CDSCode = T2.CDSCode WHERE T1.County = 'San Bernardino' AND T1.City = 'San Bernardino City Unified' AND T1.OpenDate BETWEEN '2009-01-01' AND '2010-12-31' AND (T1.SchoolType = 'Public Intermediate/Middle School' OR T1.SchoolType = 'Unified School')",no such column: T1.SchoolType,,True,False,False,1153,119,3.652418538999882,"SELECT DISTINCT T1.AdmEmail1, T1.AdmEmail2, T1.AdmEmail3 FROM schools AS T1 INNER JOIN frpm AS T2 ON T1.CDSCode = T2.CDSCode WHERE T1.County = 'San Bernardino' AND T1.City = 'San Bernardino City Unified' AND T1.OpenDate BETWEEN '2009-01-01' AND '2010-12-31' AND (T1.SOC = 62 OR T1.DOC = 54)",,,False,False,False,1093,121,8.326587786000346,"SELECT DISTINCT T1.AdmEmail1, T1.AdmEmail2, T1.AdmEmail3 FROM schools AS T1 INNER JOIN frpm AS T2 ON T1.CDSCode = T2.CDSCode WHERE T1.County = 'San Bernardino' AND T1.City = 'SAN BERNARDINO CITY UNIFIED' AND T1.OpenDate BETWEEN '2009-01-01' AND '2010-12-31' AND T1.SchoolType IN ('Public Intermediate/Middle Schools', 'Unified Schools')",no such column: T1.SchoolType,,True,False,False,1153,120,8.235096978000001,SELECT DISTINCT CASE WHEN T1.SOC = 62 THEN T1.AdmEmail1 END AS email FROM schools AS T1 INNER JOIN frpm AS T2 ON T1.CDSCode = T2.CDSCode WHERE T1.County = 'San Bernardino' AND T1.City = 'SAN BERNARDINO CITY UNIFIED' AND T1.OpenDate BETWEEN '2008-12-31' AND '2010-12-31' AND T1.Doc = 54 AND T1.Soc = 62,,,False,False,False,True,False,False,False,True,both_wrong,both_wrong,both_wrong,both_wrong
468,468,financial,moderate,How many accounts who choose issuance after transaction are staying in East Bohemia region?,A3 contains the data of region; 'POPLATEK PO OBRATU' represents for 'issuance after transaction'.,SELECT COUNT(T2.account_id) FROM district AS T1 INNER JOIN account AS T2 ON T1.district_id = T2.district_id WHERE T1.A3 = 'east Bohemia' AND T2.frequency = 'POPLATEK PO OBRATU',False,False,False,761,90,2.821545861000004,SELECT COUNT(DISTINCT T1.account_id) FROM account AS T1 INNER JOIN disp AS T2 ON T1.account_id = T2.account_id INNER JOIN trans AS T3 ON T1.account_id = T3.account_id WHERE T2.type = 'issuance' AND T3.date < T2.issued AND T1.district_id IN ( SELECT district_id FROM district WHERE A2 LIKE '%East Bohemia%' ),no such column: T2.issued,,False,False,False,787,65,2.010994751999988,SELECT COUNT(DISTINCT T1.account_id) FROM disp AS T1 INNER JOIN district AS T2 ON T1.district_id = T2.district_id WHERE T2.A3 LIKE '%Východní Böhemia%' AND T1.type = 'POPLATEK PO OBRATU',no such column: T1.district_id,,False,False,False,761,60,4.0949841629999355,SELECT COUNT(T1.account_id) FROM trans AS T1 INNER JOIN account AS T2 ON T1.account_id = T2.account_id WHERE T2.district_id IN ( SELECT district_id FROM district WHERE A1 = 'East Bohemia' ) AND T1.date < T2.date,no such column: A1,,True,False,False,787,61,4.199718671000483,SELECT COUNT(T1.account_id) FROM trans AS T1 INNER JOIN district AS T2 ON T1.account_id = T2.district_id WHERE T2.A3 = 'Východní Böhemia' AND T1.type = 'POPLATEK PO OBRATU',,,False,False,False,False,False,False,False,True,both_wrong,both_wrong,both_wrong,both_wrong
469,469,financial,simple,List out the no. of districts that have female average salary is more than 6000 but less than 10000?,A11 refers to average salary; Female mapps to gender = 'F',SELECT COUNT(DISTINCT T2.district_id)  FROM client AS T1 INNER JOIN district AS T2 ON T1.district_id = T2.district_id WHERE T1.gender = 'F' AND T2.A11 BETWEEN 6000 AND 10000,False,False,False,775,83,2.6075006490000305,"SELECT COUNT(district_id) FROM ( SELECT T1.district_id, AVG(T2.salary) AS avg_salary FROM district AS T1 INNER JOIN client AS T2 ON T1.district_id = T2.district_id WHERE T2.gender = 'F' GROUP BY T1.district_id HAVING avg_salary > 6000 AND avg_salary < 10000 )",no such column: T2.salary,,True,True,False,790,30,0.9619073549997665,SELECT COUNT(district_id) FROM district WHERE A11 > 6000 AND A11 < 10000,,,True,False,False,775,65,4.48908640100035,SELECT COUNT(T1.district_id) FROM district AS T1 INNER JOIN client AS T2 ON T1.district_id = T2.district_id WHERE T2.gender = 'F' AND T1.A10 > 6000 AND T1.A10 < 10000,,,True,True,False,790,30,2.071586226999898,SELECT COUNT(district_id) FROM district WHERE A11 > 6000 AND A11 < 10000,,,False,False,True,True,False,True,True,True,improved,improved,both_wrong,both_correct
470,470,financial,moderate,How many male customers who are living in North Bohemia have average salary greater than 8000?,Male means that gender = 'M'; A3 refers to region; A11 pertains to average salary.,SELECT COUNT(T1.client_id) FROM client AS T1 INNER JOIN district AS T2 ON T1.district_id = T2.district_id WHERE T1.gender = 'M' AND T2.A3 = 'north Bohemia' AND T2.A11 > 8000,False,False,False,767,78,2.41541413799996,SELECT COUNT(client_id) FROM client WHERE gender = 'M' AND district_id IN ( SELECT district_id FROM district WHERE A2 LIKE '%North Bohemia%' ) AND client_id IN ( SELECT client_id FROM disp WHERE account_id IN ( SELECT account_id FROM account WHERE frequency = 'monthly' ) ) GROUP BY client_id HAVING AVG(salary) > 8000,no such column: salary,,True,True,False,788,60,1.8991138159999537,SELECT COUNT(client_id) FROM client AS T1 INNER JOIN district AS T2 ON T1.district_id = T2.district_id WHERE T1.gender = 'M' AND T2.A3 LIKE '%North Bohemia%' AND T2.A11 > 8000,,,False,False,False,767,60,4.079110149999906,SELECT COUNT(T1.client_id) FROM client AS T1 INNER JOIN district AS T2 ON T1.district_id = T2.district_id WHERE T1.gender = 'M' AND T2.A1 = 'N' AND T2.A10 > 8000,no such column: T2.A1,,True,False,False,788,60,4.117872316999637,SELECT COUNT(T1.client_id) FROM client AS T1 INNER JOIN district AS T2 ON T1.district_id = T2.district_id WHERE T1.gender = 'M' AND T2.A3 = 'N' AND T2.A11 > 8000,,,False,False,True,True,False,False,False,True,improved,both_wrong,both_wrong,regressed
471,471,financial,challenging,"List out the account numbers of female clients who are oldest and has lowest average salary, calculate the gap between this lowest average salary with the highest average salary?","Female means gender = 'F'; A11 refers to average salary; Gap = highest average salary - lowest average salary; If the person A's birthdate > B's birthdate, it means that person B is order than person A.","SELECT T1.account_id , ( SELECT MAX(A11) - MIN(A11) FROM district ) FROM account AS T1 INNER JOIN district AS T2 ON T1.district_id = T2.district_id INNER JOIN disp AS T3 ON T1.account_id = T3.account_id INNER JOIN client AS T4 ON T3.client_id = T4.client_id WHERE T2.district_id = ( SELECT district_id FROM client WHERE gender = 'F' ORDER BY birth_date ASC LIMIT 1 ) ORDER BY T2.A11 DESC LIMIT 1",False,False,False,776,130,4.036145618000091,"WITH FemaleClients AS (
    SELECT c.client_id, AVG(d.A10) AS avg_salary
    FROM client c
    JOIN disp d ON c.client_id = d.client_id
    WHERE c.gender = 'F'
    GROUP BY c.client_id
),
RankedSalaries AS (
    SELECT client_id, avg_salary,
           RANK() OVER (ORDER BY avg_salary ASC) AS rank_asc,
           RANK() OVER (ORDER BY avg_salary DESC) AS rank_desc
    FROM FemaleClients
)
SELECT MIN(avg_salary) - MAX(avg_salary) AS salary_gap
FROM RankedSalaries;",no such column: d.A10,,False,False,False,823,256,7.881647318999967,"WITH avg_salary AS (
    SELECT 
        c.client_id, 
        AVG(d.A11) AS avg_sal
    FROM 
        client c
    JOIN 
        disp d ON c.client_id = d.client_id
    WHERE 
        c.gender = 'F'
    GROUP BY 
        c.client_id
),
oldest_client AS (
    SELECT 
        MIN(birth_date) AS min_birth_date
    FROM 
        client
),
youngest_avg_salary AS (
    SELECT 
        MIN(avg_sal) AS youngest_avg_sal
    FROM 
        avg_salary
),
highest_avg_salary AS (
    SELECT 
        MAX(avg_sal) AS highest_avg_sal
    FROM 
        avg_salary
)
SELECT 
    t.account_id,
    h.highest_avg_sal - y.youngest_avg_sal AS salary_gap
FROM 
    trans t
JOIN 
    account a ON t.account_id = a.account_id
JOIN 
    client c ON a.district_id = c.district_id
JOIN 
    disp d ON c.client_id = d.client_id
JOIN 
    avg_salary s ON c.client_id = s.client_id
JOIN 
    oldest_client o ON c.birth_date = o.min_birth_date
JOIN",incomplete input,,False,False,False,776,154,10.472992940999575,"SELECT T1.account_id , CAST(SUM(T1.amount) AS REAL) / COUNT(T1.account_id) - ( SELECT MAX(CAST(SUM(T1.amount) AS REAL) / COUNT(T1.account_id)) FROM trans AS T1 INNER JOIN disp AS T2 ON T1.account_id = T2.account_id INNER JOIN client AS T3 ON T2.client_id = T3.client_id WHERE T3.gender = 'F' ) FROM trans AS T1 INNER JOIN disp AS T2 ON T1.account_id = T2.account_id INNER JOIN client AS T3 ON T2.client_id = T3.client_id WHERE T3.gender = 'F' GROUP BY T1.account_id ORDER BY SUM(T1.amount) DESC LIMIT 1",misuse of aggregate function COUNT(),,False,False,False,823,94,6.472070137000628,"SELECT T1.account_id , CAST((MAX(T2.A11) - MIN(T2.A11)) AS REAL) / COUNT(DISTINCT T2.A11) FROM disp AS T1 INNER JOIN district AS T2 ON T1.district_id = T2.district_id INNER JOIN client AS T3 ON T1.client_id = T3.client_id WHERE T3.gender = 'F' ORDER BY T3.birth_date LIMIT 1",no such column: T1.district_id,,False,False,False,False,False,False,False,False,both_wrong,both_wrong,both_wrong,both_wrong
472,472,financial,moderate,List out the account numbers of clients who are youngest and have highest average salary?,"If the person A's birthdate < B's birthdate, it means that person B is younger than person A; A11 refers to average salary","SELECT T1.account_id  FROM account AS T1 INNER JOIN disp AS T2 ON T1.account_id = T2.account_id INNER JOIN client AS T3 ON T2.client_id = T3.client_id INNER JOIN district AS T4 on T4.district_id = T1.district_id WHERE T2.client_id = ( SELECT client_id FROM client ORDER BY birth_date DESC LIMIT 1) GROUP BY T4.A11, T1.account_id",False,False,False,761,44,1.3854267879999043,SELECT T1.account_id FROM disp AS T1 INNER JOIN client AS T2 ON T1.client_id = T2.client_id GROUP BY T1.account_id ORDER BY AVG(T2.salary) DESC LIMIT 1,no such column: T2.salary,,True,True,False,791,37,1.1645504429998255,SELECT T1.account_id FROM disp AS T1 INNER JOIN client AS T2 ON T1.client_id = T2.client_id ORDER BY T2.birth_date DESC LIMIT 1,,,False,False,False,761,70,4.811435542000254,SELECT T1.account_id FROM account AS T1 INNER JOIN disp AS T2 ON T1.account_id = T2.account_id INNER JOIN client AS T3 ON T2.client_id = T3.client_id WHERE T3.gender = 'F' GROUP BY T1.account_id ORDER BY AVG(T3.A10) DESC LIMIT 1,no such column: T3.A10,,True,False,False,791,66,4.55733464199966,SELECT T1.account_id FROM disp AS T1 INNER JOIN client AS T2 ON T1.client_id = T2.client_id WHERE T2.birth_date = ( SELECT MIN(birth_date) FROM client ) AND T2.district_id = ( SELECT district_id FROM district ORDER BY A11 DESC LIMIT 1 ),,,False,False,True,True,False,False,False,True,improved,both_wrong,both_wrong,regressed
473,473,financial,moderate,"Among the accounts who have approved loan date in 1997, list out the accounts that have the lowest approved amount and choose weekly issuance statement.",'POPLATEK TYDNE' stands for weekly issuance,"SELECT T2.account_id FROM loan AS T1 INNER JOIN account AS T2 ON T1.account_id = T2.account_id WHERE STRFTIME('%Y', T1.date) = '1997' AND T2.frequency = 'POPLATEK TYDNE' ORDER BY T1.amount LIMIT 1",True,False,False,776,54,1.708488824999904,"SELECT T1.account_id FROM account AS T1 INNER JOIN loan AS T2 ON T1.account_id = T2.account_id WHERE STRFTIME('%Y', T2.date) = '1997' ORDER BY T2.amount ASC LIMIT 1",,,True,True,False,788,68,2.1353892209999685,"SELECT T1.account_id FROM account AS T1 INNER JOIN loan AS T2 ON T1.account_id = T2.account_id WHERE STRFTIME('%Y', T2.date) = '1997' AND T1.frequency = 'POPLATEK TYDNE' ORDER BY T2.amount ASC LIMIT 1",,,True,False,False,776,61,4.222584510999695,"SELECT T1.account_id FROM loan AS T1 INNER JOIN account AS T2 ON T1.account_id = T2.account_id WHERE STRFTIME('%Y', T1.date) = '1997' AND T2.frequency = 'weekly' ORDER BY T1.amount LIMIT 1",,,True,True,False,788,67,4.672339865999675,"SELECT T1.account_id FROM loan AS T1 INNER JOIN account AS T2 ON T1.account_id = T2.account_id WHERE STRFTIME('%Y', T1.date) = '1997' AND T2.frequency = 'POPLATEK TYDNE' ORDER BY T1.amount LIMIT 1",,,False,True,True,True,False,True,True,True,improved,improved,both_wrong,both_correct
474,474,financial,moderate,"Among the accounts who have loan validity more than 12 months, list out the accounts that have the highest approved amount and have account opening date in 1993.",Loan validity more than 12 months refers to duration > 12,"SELECT T1.account_id FROM loan AS T1 INNER JOIN account AS T2 ON T1.account_id = T2.account_id WHERE STRFTIME('%Y', T2.date) = '1993' AND T1.duration > 12 ORDER BY T1.amount DESC LIMIT 1",True,True,False,781,62,1.9520937069999036,"SELECT T1.account_id FROM account AS T1 INNER JOIN loan AS T2 ON T1.account_id = T2.account_id WHERE T2.duration > 12 AND STRFTIME('%Y', T1.date) = '1993' ORDER BY T2.amount DESC LIMIT 1",,,True,True,False,795,62,1.9703648150002664,"SELECT T1.account_id FROM account AS T1 INNER JOIN loan AS T2 ON T1.account_id = T2.account_id WHERE T2.duration > 12 AND STRFTIME('%Y', T1.date) = '1993' ORDER BY T2.amount DESC LIMIT 1",,,True,True,False,781,62,4.239497369000674,"SELECT T1.account_id FROM loan AS T1 INNER JOIN account AS T2 ON T1.account_id = T2.account_id WHERE T1.duration > 12 AND STRFTIME('%Y', T2.date) = '1993' ORDER BY T1.amount DESC LIMIT 1",,,True,False,False,795,62,4.247558702999413,"SELECT T1.account_id FROM loan AS T1 INNER JOIN account AS T2 ON T1.account_id = T2.account_id WHERE STRFTIME('%Y', T1.date) = '1993' AND T1.duration > 12 ORDER BY T1.amount DESC LIMIT 1",,,True,True,True,True,True,True,False,True,both_correct,regressed,both_correct,regressed
475,475,financial,moderate,"Among the account opened, how many female customers who were born before 1950 and stayed in Sokolov?",Customers refer to clients; Female refers to gender = 'F'; Names of districts appear in column A2,"SELECT COUNT(T2.client_id) FROM district AS T1 INNER JOIN client AS T2 ON T1.district_id = T2.district_id WHERE T2.gender = 'F' AND STRFTIME('%Y', T2.birth_date) < '1950' AND T1.A2 = 'Sokolov'",True,False,False,770,82,2.554371084999957,SELECT COUNT(DISTINCT T1.client_id) FROM client AS T1 INNER JOIN disp AS T2 ON T1.client_id = T2.client_id WHERE T1.gender = 'F' AND T1.birth_date < '1950-01-01' AND T1.district_id IN ( SELECT district_id FROM district WHERE A2 = 'Sokolow' ),,,True,False,False,790,95,2.9507286970001587,SELECT COUNT(T1.client_id) FROM client AS T1 INNER JOIN disp AS T2 ON T1.client_id = T2.client_id INNER JOIN account AS T3 ON T2.account_id = T3.account_id WHERE T1.gender = 'F' AND T1.birth_date < '1950-01-01' AND T1.district_id IN ( SELECT district_id FROM district WHERE A2 = 'Sokolow' ),,,True,False,False,770,64,4.386552732999917,"SELECT COUNT(T1.client_id) FROM client AS T1 INNER JOIN disp AS T2 ON T1.client_id = T2.client_id WHERE strftime('%Y', T1.birth_date) < '1950' AND T1.gender = 'F' AND T1.district_id = 14",,,True,False,False,790,94,6.419095324999944,"SELECT COUNT(T1.client_id) FROM client AS T1 INNER JOIN disp AS T2 ON T1.client_id = T2.client_id INNER JOIN account AS T3 ON T2.account_id = T3.account_id WHERE T1.gender = 'F' AND strftime('%Y', T1.birth_date) < '1950' AND T3.district_id = ( SELECT district_id FROM district WHERE A2 = 'Sokolow' )",,,False,True,False,True,False,True,False,True,both_wrong,both_wrong,both_wrong,both_wrong
476,476,financial,simple,"For the female client who was born in 1976/1/29, which district did she opened her account?",Female refers to gender = 'F'; A2 refers to district names,SELECT T1.A2 FROM district AS T1 INNER JOIN client AS T2 ON T1.district_id = T2.district_id WHERE T2.birth_date = '1976-01-29' AND T2.gender = 'F',True,False,False,772,54,1.6938924660000794,SELECT T1.district_id FROM client AS T1 INNER JOIN disp AS T2 ON T1.client_id = T2.client_id WHERE T1.gender = 'F' AND T1.birth_date = '1976-01-29',,,True,True,False,785,55,1.7276095629999872,SELECT T2.A2 FROM client AS T1 INNER JOIN district AS T2 ON T1.district_id = T2.district_id WHERE T1.gender = 'F' AND T1.birth_date = '1976-01-29',,,True,False,False,772,54,3.7207349589998557,SELECT T1.district_id FROM client AS T1 INNER JOIN disp AS T2 ON T1.client_id = T2.client_id WHERE T1.gender = 'F' AND T1.birth_date = '1976-01-29',,,True,True,False,785,55,3.8395837339994614,SELECT T2.A2 FROM client AS T1 INNER JOIN district AS T2 ON T1.district_id = T2.district_id WHERE T1.gender = 'F' AND T1.birth_date = '1976-01-29',,,False,True,True,True,False,True,True,True,improved,improved,both_wrong,both_correct
477,477,financial,challenging,"For the branch which located in the south Bohemia with biggest number of inhabitants, what is the percentage of the male clients?","Percentage of the male clients = DIVIDE(COUNT(male clients), COUNT(clients)) * 100; Male refers to gender = 'M', A3 is the region name. A4 contains the information about inhabitants.",SELECT CAST(SUM(T1.gender = 'M') AS REAL) * 100 / COUNT(T1.client_id) FROM client AS T1 INNER JOIN district AS T2 ON T1.district_id = T2.district_id WHERE T2.A3 = 'south Bohemia' GROUP BY T2.A4 ORDER BY T2.A4 DESC LIMIT 1,True,False,False,770,78,2.433109247999937,SELECT CAST(SUM(CASE WHEN T1.gender = 'M' THEN 1 ELSE 0 END) AS REAL) * 100 / COUNT(T1.client_id) FROM client AS T1 INNER JOIN district AS T2 ON T1.district_id = T2.district_id WHERE T2.A13 > ( SELECT AVG(A13) FROM district ),,,True,False,False,815,82,2.5258938739998484,SELECT CAST(SUM(CASE WHEN T1.gender = 'M' THEN 1 ELSE 0 END) AS REAL) * 100 / COUNT(T1.client_id) FROM client AS T1 INNER JOIN district AS T2 ON T1.district_id = T2.district_id WHERE T2.A3 LIKE '%South Bohemia%' ORDER BY T2.A4 DESC LIMIT 1,,,True,False,False,770,78,5.358149474000129,SELECT CAST(SUM(CASE WHEN T1.gender = 'M' THEN 1 ELSE 0 END) AS REAL) * 100 / COUNT(T1.client_id) FROM client AS T1 INNER JOIN district AS T2 ON T1.district_id = T2.district_id WHERE T2.A14 = ( SELECT MAX(A14) FROM district ),,,True,False,False,815,79,5.432535308000297,"SELECT CAST(SUM(IIF(T1.gender = 'M', 1, 0)) AS REAL) * 100 / COUNT(T1.client_id) FROM client AS T1 INNER JOIN district AS T2 ON T1.district_id = T2.district_id WHERE T2.A3 = 'South Bohemia' ORDER BY T2.A4 DESC LIMIT 1",,,False,True,False,True,False,True,False,True,both_wrong,both_wrong,both_wrong,both_wrong
478,478,financial,challenging,"For the client whose loan was approved first in 1993/7/5, what is the increase rate of his/her account balance from 1993/3/22 to 1998/12/27?",Increase rate of his/her account balance = [(balance of date A - balance of date B) / balance of Date B] * 100%,"SELECT CAST((SUM(IIF(T3.date = '1998-12-27', T3.balance, 0)) - SUM(IIF(T3.date = '1993-03-22', T3.balance, 0))) AS REAL) * 100 / SUM(IIF(T3.date = '1993-03-22', T3.balance, 0)) FROM loan AS T1 INNER JOIN account AS T2 ON T1.account_id = T2.account_id INNER JOIN trans AS T3 ON T3.account_id = T2.account_id WHERE T1.date = '1993-07-05'",True,False,False,798,87,2.7600130499999977,SELECT T1.balance - T2.balance AS balance_increase FROM trans AS T1 INNER JOIN trans AS T2 ON T1.account_id = T2.account_id WHERE T1.date = '1998-12-27' AND T2.date = '1993-03-22' AND T1.type = 'PRIJEM' AND T2.type = 'VYBER',,,True,False,False,827,96,3.007410578999952,SELECT ((T2.balance - T1.balance) / T1.balance) * 100 FROM trans AS T1 INNER JOIN trans AS T2 ON T1.account_id = T2.account_id WHERE T1.date = '1993-03-22' AND T2.date = '1998-12-27' AND T1.type = 'PRIJEM' AND T2.type = 'VYBER',,,False,False,False,798,168,11.428496763000112,"SELECT SUM(CASE WHEN T1.date = '1993-03-22' THEN T2.amount ELSE 0 END), SUM(CASE WHEN T1.date = '1998-12-27' THEN T2.amount ELSE 0 END) FROM trans AS T1 INNER JOIN account AS T2 ON T1.account_id = T2.account_id WHERE T1.type = 'PRIJEM' AND T2.client_id IN ( SELECT T3.client_id FROM loan AS T1 INNER JOIN disp AS T2 ON T1.account_id = T2.account_id INNER JOIN client AS T3 ON T2.client_id = T3.client_id WHERE T1.status = 'A' AND T1.`date` = '1993-07-05' )",no such column: T2.amount,,True,False,False,827,99,6.796292681999148,SELECT CAST((T2.balance - T1.balance) AS REAL) * 100 / T2.balance FROM trans AS T1 INNER JOIN trans AS T2 ON T1.account_id = T2.account_id WHERE T1.date = '1993-03-22' AND T2.date = '1998-12-27' AND T1.type = 'PRIJEM' AND T2.type = 'VYBER',,,False,True,False,True,False,False,False,True,both_wrong,both_wrong,both_wrong,both_wrong
479,479,financial,moderate,What is the percentage of loan amount that has been fully paid with no issue.,"Loan paid with no issue means contract finished, no problems; status = 'A' means contract finished, no problems; Percentage of accounts by condition = [(total(amount) & condition) / (total amount)] * 100%",SELECT (CAST(SUM(CASE WHEN status = 'A' THEN amount ELSE 0 END) AS REAL) * 100) / SUM(amount) FROM loan,True,False,False,761,34,1.0931436040000335,SELECT CAST(SUM(CASE WHEN status = 'paid' THEN amount ELSE 0 END) AS REAL) * 100 / SUM(amount) FROM loan,,,True,False,False,807,40,1.2536182520002512,SELECT CAST(SUM(CASE WHEN status = 'A' THEN amount ELSE 0 END) AS REAL) * 100 / SUM(amount) FROM loan WHERE status = 'A',,,True,False,False,761,34,2.35172484099985,SELECT CAST(SUM(CASE WHEN status = 'Z' THEN amount ELSE 0 END) AS REAL) * 100 / SUM(amount) FROM loan,,,True,True,False,807,34,2.3634866790007436,SELECT CAST(SUM(CASE WHEN status = 'A' THEN amount ELSE 0 END) AS REAL) * 100 / SUM(amount) FROM loan,,,False,True,False,True,False,True,True,True,both_wrong,improved,both_wrong,improved
480,480,financial,moderate,"For loan amount less than USD100,000, what is the percentage of accounts that is still running with no issue.","Status = 'C' stands for running contract, ok so far; Percentage of accounts by condition = [(total(amount) & condition) / (total amount)] * 100.",SELECT CAST(SUM(status = 'C') AS REAL) * 100 / COUNT(account_id) FROM loan WHERE amount < 100000,True,False,False,773,51,1.6052209929998753,SELECT CAST(SUM(CASE WHEN T1.status = 'open' THEN 1 ELSE 0 END) AS REAL) * 100 / COUNT(*) FROM loan AS T1 WHERE T1.amount < 100000,,,True,False,False,809,55,1.7134428780000235,SELECT CAST(SUM(CASE WHEN T1.amount < 100000 AND T1.status = 'C' THEN 1 ELSE 0 END) AS REAL) * 100 / COUNT(T1.account_id) FROM loan AS T1,,,True,False,False,773,55,3.7769592240001657,SELECT CAST(SUM(CASE WHEN T1.status = 'A' THEN 1 ELSE 0 END) AS REAL) * 100 / COUNT(T1.account_id) FROM loan AS T1 WHERE T1.amount < 100000,,,True,False,False,809,55,3.792841290999604,SELECT CAST(SUM(CASE WHEN T1.status = 'A' THEN 1 ELSE 0 END) AS REAL) * 100 / COUNT(T1.account_id) FROM loan AS T1 WHERE T1.amount < 100000,,,False,True,False,True,False,True,False,True,both_wrong,both_wrong,both_wrong,both_wrong
481,481,financial,challenging,"For loans contracts which are still running where client are in debt, list the district of the and the state the percentage unemployment rate increment from year 1995 to 1996.",Unemployment increment rate in percentage = [(unemployment rate 2016 - unemployment rate 2015) / unemployment rate 2015] * 100; unemployment rate 2015 appears in the A12; unemployment rate 2016 appears in the A13; Loan contracts which are still running where client are in debt can be presented as status = 'D',SELECT CAST((T3.A13 - T3.A12) AS REAL) * 100 / T3.A12 FROM loan AS T1 INNER JOIN account AS T2 ON T1.account_id = T2.account_id INNER JOIN district AS T3 ON T2.district_id = T3.district_id WHERE T1.status = 'D',False,False,False,785,123,3.831993442999874,"SELECT 
    d.A2 AS district, 
    d.A13 AS unemployment_rate_1995, 
    (d.A13 - d.A12) / d.A12 * 100 AS unemployment_rate_increase
FROM 
    district d
JOIN 
    disp disp ON d.district_id = disp.district_id
JOIN 
    account acc ON disp.account_id = acc.account_id
JOIN 
    loan lo ON acc.account_id = lo.account_id
WHERE 
    lo.status = 'open' AND lo.amount > 0;",no such column: disp.district_id,,True,False,False,871,96,3.0027333140001247,"SELECT 
    d.A2 AS district, 
    d.A3 AS state, 
    ((d.A13 - d.A12) / d.A12) * 100 AS unemployment_rate_increment
FROM 
    district d
JOIN 
    account a ON d.district_id = a.district_id
JOIN 
    loan l ON a.account_id = l.account_id
WHERE 
    l.status = 'D';",,,False,False,False,785,84,5.765596242999891,"SELECT T1.A2, T1.A10 FROM district AS T1 INNER JOIN disp AS T2 ON T1.district_id = T2.district_id INNER JOIN account AS T3 ON T2.account_id = T3.account_id INNER JOIN loan AS T4 ON T3.account_id = T4.account_id WHERE T4.status = 'A' AND T1.A10 > 0",no such column: T2.district_id,,True,False,False,871,72,4.952533966999908,"SELECT T1.A12, T1.A13 , CAST((T1.A13 - T1.A12) AS REAL) * 100 / T1.A12 FROM district AS T1 INNER JOIN loan AS T2 ON T1.district_id = T2.account_id WHERE T2.status = 'A'",,,False,False,False,True,False,False,False,True,both_wrong,both_wrong,both_wrong,both_wrong
482,482,financial,moderate,"List the top nine districts, by descending order, from the highest to the lowest, the number of female account holders.",A2 refers to districts; Female refers to gender = 'F',"SELECT T2.A2, COUNT(T1.client_id) FROM client AS T1 INNER JOIN district AS T2 ON T1.district_id = T2.district_id WHERE T1.gender = 'F' GROUP BY T2.district_id, T2.A2 ORDER BY COUNT(T1.client_id) DESC LIMIT 9",True,False,False,769,65,2.041284555000175,"SELECT T2.district_id, COUNT(T1.client_id) AS num_female_clients FROM client AS T1 INNER JOIN district AS T2 ON T1.district_id = T2.district_id WHERE T1.gender = 'F' GROUP BY T2.district_id ORDER BY num_female_clients DESC LIMIT 9",,,True,True,False,781,63,1.9580720989997644,"SELECT T2.A2, COUNT(T1.client_id) AS num_female_clients FROM client AS T1 INNER JOIN district AS T2 ON T1.district_id = T2.district_id WHERE T1.gender = 'F' GROUP BY T2.A2 ORDER BY num_female_clients DESC LIMIT 9",,,True,False,False,769,58,3.991140811999685,SELECT T2.district_id FROM client AS T1 INNER JOIN district AS T2 ON T1.district_id = T2.district_id WHERE T1.gender = 'F' GROUP BY T2.district_id ORDER BY COUNT(T2.district_id) DESC LIMIT 9,,,True,False,False,781,55,3.748114600000008,SELECT T2.A2 FROM client AS T1 INNER JOIN district AS T2 ON T1.district_id = T2.district_id WHERE T1.gender = 'F' GROUP BY T2.A2 ORDER BY COUNT(T1.client_id) DESC LIMIT 9,,,False,True,True,True,False,True,False,True,improved,both_wrong,both_wrong,regressed
483,483,financial,moderate,"Between 1/1/1995 and 12/31/1997, how many loans in the amount of at least 250,000 per account that chose monthly statement issuance were approved?",Frequency = 'POPLATEK MESICNE' stands for monthly issurance,SELECT COUNT(T1.account_id) FROM account AS T1 INNER JOIN loan AS T2 ON T1.account_id = T2.account_id WHERE T2.date BETWEEN '1995-01-01' AND '1997-12-31' AND T1.frequency = 'POPLATEK MESICNE' AND T2.amount >= 250000,True,False,False,795,88,2.764822883000079,SELECT COUNT(T1.loan_id) FROM loan AS T1 INNER JOIN account AS T2 ON T1.account_id = T2.account_id WHERE T2.frequency = 'monthly' AND T1.date BETWEEN '1995-01-01' AND '1997-12-31' AND T1.amount >= 250000 AND T1.status = 'approved',,,True,False,False,810,100,3.1369474680000167,SELECT COUNT(DISTINCT T1.account_id) FROM loan AS T1 INNER JOIN account AS T2 ON T1.account_id = T2.account_id WHERE T2.frequency = 'POPLATEK MESICNE' AND T1.date BETWEEN '1995-01-01' AND '1997-12-31' AND T1.amount >= 250000 AND T1.status = 'Schváleno',,,True,False,False,795,87,5.98585313500007,SELECT COUNT(T1.account_id) FROM loan AS T1 INNER JOIN account AS T2 ON T1.account_id = T2.account_id WHERE T1.date BETWEEN '1995-01-01' AND '1997-12-31' AND T1.amount >= 250000 AND T2.frequency = 'm' AND T1.status = 'A',,,True,False,False,810,93,6.330969949000064,SELECT COUNT(T1.account_id) FROM loan AS T1 INNER JOIN account AS T2 ON T1.account_id = T2.account_id WHERE T1.amount >= 250000 AND T2.frequency = 'POPLATEK MESICNE' AND T1.status = 'A' AND T1.date BETWEEN '1995-01-01' AND '1997-12-31',,,False,True,False,True,False,True,False,True,both_wrong,both_wrong,both_wrong,both_wrong
484,484,financial,moderate,Which are the top ten withdrawals (non-credit card) by district names for the month of January 1996?,Non-credit card withdraws refers to type = 'VYDAJ'; January 1996 can be found by date LIKE '1996-01%' in the database; A2 means district names,SELECT DISTINCT T1.A2 FROM district AS T1 INNER JOIN account AS T2 ON T1.district_id = T2.district_id INNER JOIN trans AS T3 ON T2.account_id = T3.account_id WHERE T3.type = 'VYDAJ' AND T3.date LIKE '1996-01%' ORDER BY A2 ASC LIMIT 10,True,False,False,771,96,2.961977587000092,"SELECT T1.A2, SUM(T3.amount) FROM district AS T1 INNER JOIN account AS T2 ON T1.district_id = T2.district_id INNER JOIN trans AS T3 ON T2.account_id = T3.account_id WHERE T3.type = 'Výběr' AND T3.date LIKE '1996-01-%' GROUP BY T1.A2 ORDER BY SUM(T3.amount) DESC LIMIT 10",,,True,False,False,816,78,2.4789564909997353,"SELECT T2.A2, COUNT(T1.trans_id) AS withdrawal_count FROM trans AS T1 INNER JOIN district AS T2 ON T1.account_id = T2.district_id WHERE T1.type = 'VYDAJ' AND T1.date LIKE '1996-01%' GROUP BY T2.A2 ORDER BY withdrawal_count DESC LIMIT 10",,,True,False,False,771,88,6.141438192999885,"SELECT T1.A2, SUM(T3.amount) FROM district AS T1 INNER JOIN account AS T2 ON T1.district_id = T2.district_id INNER JOIN trans AS T3 ON T2.account_id = T3.account_id WHERE T3.type = 'W' AND T3.date LIKE '%/%/96' GROUP BY T1.A2 ORDER BY SUM(T3.amount) DESC LIMIT 10",,,True,False,False,816,103,6.985325273999479,"SELECT T1.A2, SUM(T3.amount) FROM district AS T1 INNER JOIN account AS T2 ON T1.district_id = T2.district_id INNER JOIN trans AS T3 ON T2.account_id = T3.account_id WHERE T3.type = 'VYDAJ' AND STRFTIME('%Y-%m', T3.date) = '1996-01' GROUP BY T1.A2 ORDER BY SUM(T3.amount) DESC LIMIT 10",,,False,True,False,True,False,True,False,True,both_wrong,both_wrong,both_wrong,both_wrong
485,485,financial,moderate,How many accounts have running contracts in Branch location 1?,"Status = 'C' stands for running contract, OK so far; Status = 'D' stands for running contract, client in debt",SELECT COUNT(T1.account_id) FROM account AS T1 INNER JOIN district AS T2 ON T1.district_id = T2.district_id INNER JOIN loan AS T3 ON T1.account_id = T3.account_id WHERE T1.district_id = 1 AND (T3.status = 'C' OR T3.status = 'D'),True,False,False,757,20,0.6402301589998842,SELECT COUNT(account_id) FROM account WHERE district_id = 1 AND frequency = 'running',,,True,True,False,783,32,1.0377839620000486,"SELECT COUNT(*) FROM loan WHERE status IN ('C', 'D') AND account_id IN ( SELECT account_id FROM account WHERE district_id = 1 )",,,False,False,False,757,48,3.3229102579998653,SELECT COUNT(T1.account_id) FROM account AS T1 INNER JOIN district AS T2 ON T1.district_id = T2.district_id WHERE T2.A1 = 'Branch' AND T1.frequency = 'running',no such column: T2.A1,,True,True,False,783,49,3.440670377999595,"SELECT COUNT(T1.account_id) FROM loan AS T1 INNER JOIN account AS T2 ON T1.account_id = T2.account_id WHERE T2.district_id = 1 AND T1.status IN ('C', 'D')",,,False,True,True,True,False,False,True,True,improved,improved,both_wrong,both_correct
486,486,financial,moderate,"In the branch where the second-highest number of crimes were committed in 1995 occurred, how many male clients are there?",Male refers to gender = 'M'; A15 stands for no. of commited crimes 1995,"SELECT COUNT(T1.client_id) FROM client AS T1 INNER JOIN district AS T2 ON T1.district_id = T2.district_id WHERE T1.gender = 'M' AND T2.A15 = (SELECT T3.A15 FROM district AS T3 ORDER BY T3.A15 DESC LIMIT 1, 1)",True,False,False,773,81,2.5089710160000323,"SELECT COUNT(T1.client_id) FROM client AS T1 INNER JOIN disp AS T2 ON T1.client_id = T2.client_id WHERE T1.gender = 'M' AND T2.account_id IN ( SELECT account_id FROM trans WHERE STRFTIME('%Y', date) = '1995' GROUP BY account_id ORDER BY COUNT(*) DESC LIMIT 1, 1 )",,,True,True,False,796,37,1.162731705999704,"SELECT COUNT(client_id) FROM client WHERE district_id IN ( SELECT district_id FROM district ORDER BY A15 DESC LIMIT 1, 1 ) AND gender = 'M'",,,True,False,False,773,86,5.913999575000162,"SELECT COUNT(T1.client_id) FROM client AS T1 INNER JOIN disp AS T2 ON T1.client_id = T2.client_id WHERE T1.gender = 'M' AND T2.type = 'C' AND STRFTIME('%Y', T1.birth_date) = '1995' GROUP BY T2.account_id ORDER BY COUNT(T2.disp_id) DESC LIMIT 1, 1",,,True,False,False,796,56,3.863970422999955,SELECT COUNT(T1.client_id) FROM client AS T1 INNER JOIN district AS T2 ON T1.district_id = T2.district_id WHERE T1.gender = 'M' AND T2.A15 = ( SELECT MAX(A15) FROM district ),,,False,True,True,True,False,True,False,True,improved,both_wrong,both_wrong,regressed
487,487,financial,moderate,"Who are the account holder identification numbers whose who have transactions on the credit card with the amount is less than the average, in 1998?",Operation = 'VYBER KARTOU' refers to credit card withdrawal,"SELECT T1.account_id FROM trans AS T1 INNER JOIN account AS T2 ON T1.account_id = T2.account_id WHERE STRFTIME('%Y', T1.date) = '1998' AND T1.operation = 'VYBER KARTOU' AND T1.amount < (SELECT AVG(amount) FROM trans WHERE STRFTIME('%Y', date) = '1998')",True,False,False,776,59,1.8320909840001605,"SELECT T1.disp_id FROM disp AS T1 INNER JOIN trans AS T2 ON T1.account_id = T2.account_id WHERE T2.amount < ( SELECT AVG(amount) FROM trans ) AND STRFTIME('%Y', T2.date) = '1998'",,,True,False,False,790,53,1.6449431559999539,"SELECT T1.account_id FROM trans AS T1 WHERE T1.operation = 'VYBER KARTOU' AND T1.amount < ( SELECT AVG(amount) FROM trans WHERE STRFTIME('%Y', date) = '1998' )",,,False,False,False,776,63,4.3271450000002005,SELECT T1.disp_id FROM card AS T1 INNER JOIN disp AS T2 ON T1.disp_id = T2.disp_id WHERE T1.type = 'credit' AND T1.issued LIKE '%/%/98' AND T1.amount < ( SELECT AVG(amount) FROM trans ),no such column: T1.amount,,True,False,False,790,72,4.931995650000317,"SELECT DISTINCT T1.account_id FROM trans AS T1 INNER JOIN account AS T2 ON T1.account_id = T2.account_id WHERE STRFTIME('%Y', T1.date) = '1998' AND T1.operation = 'VYBER KARTOU' AND T1.amount < ( SELECT AVG(amount) FROM trans )",,,False,True,False,True,False,False,False,True,both_wrong,both_wrong,both_wrong,both_wrong
488,488,financial,challenging,"Please list the account types that are not eligible for loans, and the average income of residents in the district where the account is located exceeds $8000 but is no more than $9000.","A11 represents the average salary; Salary and income share the similar meanings; when the account type = 'OWNER', it's eligible for loans",SELECT T3.type FROM district AS T1 INNER JOIN account AS T2 ON T1.district_id = T2.district_id INNER JOIN disp AS T3 ON T2.account_id = T3.account_id WHERE T3.type != 'OWNER' AND T1.A11 BETWEEN 8000 AND 9000,True,False,False,788,147,4.471161189999975,SELECT DISTINCT T1.type FROM card AS T1 INNER JOIN disp AS T2 ON T1.disp_id = T2.disp_id INNER JOIN account AS T3 ON T2.account_id = T3.account_id INNER JOIN district AS T4 ON T3.district_id = T4.district_id WHERE T4.A8 BETWEEN 8000 AND 9000 AND T1.type NOT IN ( SELECT T1.type FROM card AS T1 INNER JOIN disp AS T2 ON T1.disp_id = T2.disp_id INNER JOIN account AS T3 ON T2.account_id = T3.account_id INNER JOIN loan AS T4 ON T3.account_id = T4.account_id ),,,True,False,False,816,79,2.460512312999981,"SELECT DISTINCT T1.type, AVG(T3.A11) FROM disp AS T1 INNER JOIN account AS T2 ON T1.account_id = T2.account_id INNER JOIN district AS T3 ON T2.district_id = T3.district_id WHERE T1.type != 'OWNER' AND T3.A11 BETWEEN 8000 AND 9000",,,True,False,False,788,77,5.323304020000251,SELECT DISTINCT T1.type FROM card AS T1 INNER JOIN disp AS T2 ON T1.disp_id = T2.disp_id INNER JOIN account AS T3 ON T2.account_id = T3.account_id WHERE T3.district_id IN ( SELECT district_id FROM district WHERE A8 > 8000 AND A8 <= 9000 ),,,True,True,False,816,71,4.903490782000517,SELECT DISTINCT T1.type FROM disp AS T1 INNER JOIN account AS T2 ON T1.account_id = T2.account_id INNER JOIN district AS T3 ON T2.district_id = T3.district_id WHERE T1.type != 'OWNER' AND T3.A11 BETWEEN 8000 AND 9000,,,False,True,False,True,False,True,True,True,both_wrong,improved,both_wrong,improved
489,489,financial,moderate,What is the average number of crimes committed in 1995 in regions where the number exceeds 4000 and the region has accounts that are opened starting from the year 1997?,A3 refers to region names; A15 stands for the average number of crimes commited in 1995.,"SELECT AVG(T1.A15) FROM district AS T1 INNER JOIN account AS T2 ON T1.district_id = T2.district_id WHERE STRFTIME('%Y', T2.date) >= '1997' AND T1.A15 > 4000",True,False,False,788,69,2.0992753969999285,"SELECT AVG(T1.A10) 
FROM district AS T1 
INNER JOIN account AS T2 ON T1.district_id = T2.district_id 
WHERE T1.A10 > 4000 AND STRFTIME('%Y', T2.date) >= '1997';",,,True,True,False,812,62,1.9711808140000358,"SELECT AVG(T1.A15) FROM district AS T1 INNER JOIN account AS T2 ON T1.district_id = T2.district_id WHERE T1.A15 > 4000 AND STRFTIME('%Y', T2.date) >= '1997'",,,False,False,False,788,96,6.567760171000373,"SELECT CAST(SUM(CASE WHEN T1.A1 > 4000 THEN 1 ELSE 0 END) AS REAL) / COUNT(T1.district_id) FROM district AS T1 INNER JOIN account AS T2 ON T1.district_id = T2.district_id WHERE STRFTIME('%Y', T2.date) >= '1997' AND STRFTIME('%Y', T2.date) < '1998'",no such column: T1.A1,,True,True,False,812,60,4.1136497349998535,"SELECT AVG(T1.A15) FROM district AS T1 INNER JOIN account AS T2 ON T1.district_id = T2.district_id WHERE T1.A15 > 4000 AND strftime('%Y', T2.date) >= '1997'",,,False,True,True,True,False,False,True,True,improved,improved,both_wrong,both_correct
490,490,financial,simple,List all the withdrawals in cash transactions that the client with the id 3356 makes.,operation = 'VYBER' refers to withdrawal in cash,SELECT T4.trans_id FROM client AS T1 INNER JOIN disp AS T2 ON T1.client_id = T2.client_id INNER JOIN account AS T3 ON T2.account_id = T3.account_id INNER JOIN trans AS T4 ON T3.account_id = T4.account_id WHERE T1.client_id = 3356 AND T4.operation = 'VYBER',True,False,False,765,54,1.6513428170001134,SELECT T1.amount FROM trans AS T1 INNER JOIN disp AS T2 ON T1.account_id = T2.account_id WHERE T2.client_id = 3356 AND T1.type = 'withdrawal' AND T1.operation = 'cash',,,False,False,False,776,22,0.727563576999728,SELECT * FROM trans WHERE client_id = 3356 AND operation = 'VYBER',no such column: client_id,,True,False,False,765,58,3.9856589139999414,SELECT T1.amount FROM trans AS T1 INNER JOIN disp AS T2 ON T1.account_id = T2.account_id WHERE T2.client_id = 3356 AND T1.type = 'W' AND T1.operation = 'VYBER KASNY',,,True,False,False,776,47,3.2338063209999746,SELECT T1.date FROM trans AS T1 INNER JOIN disp AS T2 ON T1.account_id = T2.account_id WHERE T2.client_id = 3356 AND T1.operation = 'VYBER',,,False,True,False,False,False,True,False,True,both_wrong,both_wrong,both_wrong,both_wrong
491,491,financial,moderate,What percentage of clients who opened their accounts in the district with an average salary of over 10000 are women?,Female refers to gender = 'F'; Woman and female are closed; Average salary can be found in A11,SELECT CAST(SUM(T2.gender = 'F') AS REAL) * 100 / COUNT(T2.client_id) FROM district AS T1 INNER JOIN client AS T2 ON T1.district_id = T2.district_id WHERE T1.A11 > 10000,True,False,False,771,106,3.2714979350000704,SELECT CAST(SUM(CASE WHEN T1.gender = 'F' THEN 1 ELSE 0 END) AS REAL) * 100 / COUNT(T1.client_id) FROM client AS T1 INNER JOIN disp AS T2 ON T1.client_id = T2.client_id INNER JOIN account AS T3 ON T2.account_id = T3.account_id INNER JOIN district AS T4 ON T1.district_id = T4.district_id WHERE T4.A10 > 10000,,,True,True,False,793,106,3.2936474950001866,SELECT CAST(SUM(CASE WHEN T1.gender = 'F' THEN 1 ELSE 0 END) AS REAL) * 100 / COUNT(T1.client_id) FROM client AS T1 INNER JOIN disp AS T2 ON T1.client_id = T2.client_id INNER JOIN account AS T3 ON T2.account_id = T3.account_id INNER JOIN district AS T4 ON T1.district_id = T4.district_id WHERE T4.A11 > 10000,,,True,False,False,771,106,7.251314045000072,SELECT CAST(SUM(CASE WHEN T1.gender = 'W' THEN 1 ELSE 0 END) AS REAL) * 100 / COUNT(T1.client_id) FROM client AS T1 INNER JOIN disp AS T2 ON T1.client_id = T2.client_id INNER JOIN account AS T3 ON T2.account_id = T3.account_id INNER JOIN district AS T4 ON T3.district_id = T4.district_id WHERE T4.A10 > 10000,,,True,False,False,793,106,7.256247815999814,SELECT CAST(SUM(CASE WHEN T1.gender = 'F' THEN 1 ELSE 0 END) AS REAL) * 100 / COUNT(T1.client_id) FROM client AS T1 INNER JOIN disp AS T2 ON T1.client_id = T2.client_id INNER JOIN account AS T3 ON T2.account_id = T3.account_id INNER JOIN district AS T4 ON T3.district_id = T4.district_id WHERE T4.A11 > 10000,,,False,True,True,True,False,True,False,True,improved,both_wrong,both_wrong,regressed
492,492,financial,challenging,What was the growth rate of the total amount of loans across all accounts for a male client between 1996 and 1997?,Growth rate = (sum of amount_1997 - sum of amount_1996) / (sum of amount_1996) * 100%; Male refers to gender = 'M',"SELECT CAST((SUM(CASE WHEN STRFTIME('%Y', T1.date) = '1997' THEN T1.amount ELSE 0 END) - SUM(CASE WHEN STRFTIME('%Y', T1.date) = '1996' THEN T1.amount ELSE 0 END)) AS REAL) * 100 / SUM(CASE WHEN STRFTIME('%Y', T1.date) = '1996' THEN T1.amount ELSE 0 END) FROM loan AS T1 INNER JOIN account AS T2 ON T1.account_id = T2.account_id INNER JOIN disp AS T3 ON T3.account_id = T2.account_id INNER JOIN client AS T4 ON T4.client_id = T3.client_id WHERE T4.gender = 'M' AND T3.type = 'OWNER'",True,False,False,776,78,2.4595711950000805,"SELECT SUM(CASE WHEN T1.gender = 'M' AND STRFTIME('%Y', T2.date) BETWEEN '1996' AND '1997' THEN T2.amount ELSE 0 END) / COUNT(DISTINCT T1.client_id) FROM client AS T1 INNER JOIN loan AS T2 ON T1.client_id = T2.account_id",,,True,False,False,822,142,4.381505649999781,"SELECT ((SUM(CASE WHEN strftime('%Y', T1.date) = '1997' THEN T1.amount ELSE 0 END) - SUM(CASE WHEN strftime('%Y', T1.date) = '1996' THEN T1.amount ELSE 0 END)) / SUM(CASE WHEN strftime('%Y', T1.date) = '1996' THEN T1.amount ELSE 0 END)) * 100 AS growth_rate FROM loan AS T1 INNER JOIN disp AS T2 ON T1.account_id = T2.account_id INNER JOIN client AS T3 ON T2.client_id = T3.client_id WHERE T3.gender = 'M'",,,True,False,False,776,116,7.942546227999628,"SELECT CAST(SUM(CASE WHEN T1.gender = 'M' THEN T3.amount ELSE 0 END) AS REAL) * 100 / SUM(CASE WHEN T1.gender = 'F' THEN T3.amount ELSE 0 END) FROM client AS T1 INNER JOIN disp AS T2 ON T1.client_id = T2.client_id INNER JOIN loan AS T3 ON T2.account_id = T3.account_id WHERE STRFTIME('%Y', T1.birth_date) BETWEEN '1996' AND '1997'",,,True,False,False,822,114,7.790107028999955,"SELECT CAST(SUM(CASE WHEN strftime('%Y', T1.date) = '1997' THEN T1.amount ELSE 0 END) AS REAL) * 100 / SUM(CASE WHEN strftime('%Y', T1.date) = '1996' THEN T1.amount ELSE 0 END) FROM loan AS T1 INNER JOIN disp AS T2 ON T1.account_id = T2.account_id INNER JOIN client AS T3 ON T2.client_id = T3.client_id WHERE T3.gender = 'M'",,,False,True,False,True,False,True,False,True,both_wrong,both_wrong,both_wrong,both_wrong
493,493,financial,challenging,How often does account number 3 request an account statement to be released? What was the aim of debiting 3539 in total?,k_symbol refers to the purpose of payments,"SELECT T1.frequency, T2.k_symbol FROM account AS T1 INNER JOIN (SELECT account_id, k_symbol, SUM(amount) AS total_amount FROM `order` GROUP BY account_id, k_symbol) AS T2 ON T1.account_id = T2.account_id WHERE T1.account_id = 3 AND T2.total_amount = 3539",True,False,False,775,62,1.9475415239999165,"SELECT T1.frequency, SUM(T2.amount) FROM account AS T1 INNER JOIN trans AS T2 ON T1.account_id = T2.account_id WHERE T1.account_id = 3 AND T2.type = 'Vydání' AND T2.k_symbol = '3539'",,,True,False,False,782,62,1.9267428699999982,"SELECT T1.frequency, SUM(T2.amount) FROM account AS T1 INNER JOIN trans AS T2 ON T1.account_id = T2.account_id WHERE T1.account_id = 3 AND T2.type = 'Vydání' AND T2.k_symbol = '3539'",,,True,False,False,775,79,5.406202694000058,"SELECT T1.frequency, T2.amount FROM account AS T1 INNER JOIN trans AS T2 ON T1.account_id = T2.account_id WHERE T1.account_id = 3 AND T2.type = 'Vydání' AND T2.operation = 'Převod peněz' AND T2.k_symbol = 'POPLATKOVÁ KARTA'",,,True,False,False,782,49,3.4154528369999753,"SELECT T1.frequency, T2.k_symbol FROM account AS T1 INNER JOIN trans AS T2 ON T1.account_id = T2.account_id WHERE T1.account_id = 3 AND T2.amount = -3539",,,False,True,False,True,False,True,False,True,both_wrong,both_wrong,both_wrong,both_wrong
494,494,financial,moderate,What percentage of male clients request for weekly statements to be issued?,Percentage of male clients = [count(male clients who requested weekly statements / count(clients who requested weekly statements)] * 100%; Male means gender = 'M'; 'POPLATEK TYDNE' stands for weekly issuance,SELECT CAST(SUM(T1.gender = 'M') AS REAL) * 100 / COUNT(T1.client_id) FROM client AS T1 INNER JOIN district AS T3 ON T1.district_id = T3.district_id INNER JOIN account AS T2 ON T2.district_id = T3.district_id INNER JOIN disp as T4 on T1.client_id = T4.client_id AND T2.account_id = T4.account_id WHERE T2.frequency = 'POPLATEK TYDNE',True,False,False,758,67,2.095424125999898,SELECT CAST(SUM(CASE WHEN T1.gender = 'M' THEN 1 ELSE 0 END) AS REAL) * 100 / COUNT(T1.client_id) FROM client AS T1 INNER JOIN disp AS T2 ON T1.client_id = T2.client_id WHERE T2.type LIKE '%weekly%',,,True,False,False,806,69,2.220383276999655,SELECT CAST(SUM(CASE WHEN T1.gender = 'M' THEN 1 ELSE 0 END) AS REAL) * 100 / COUNT(*) FROM client AS T1 INNER JOIN disp AS T2 ON T1.client_id = T2.client_id WHERE T2.type LIKE '%POPLATEK TYDNE%',,,True,False,False,758,67,4.635099167999215,SELECT CAST(SUM(CASE WHEN T1.gender = 'M' THEN 1 ELSE 0 END) AS REAL) * 100 / COUNT(T1.client_id) FROM client AS T1 INNER JOIN disp AS T2 ON T1.client_id = T2.client_id WHERE T2.type = 'W',,,True,False,False,806,73,4.991675810999368,SELECT CAST(SUM(CASE WHEN T1.gender = 'M' THEN 1 ELSE 0 END) AS REAL) * 100 / COUNT(T1.client_id) FROM client AS T1 INNER JOIN disp AS T2 ON T1.client_id = T2.client_id WHERE T2.type = 'POPLATEK TYDNE',,,False,True,False,True,False,True,False,True,both_wrong,both_wrong,both_wrong,both_wrong
495,495,financial,moderate,Name the account numbers of female clients who are oldest and have lowest average salary?,Female refers to 'F' in the gender; A11 contains information about average salary,"SELECT T3.account_id FROM client AS T1 INNER JOIN district AS T2 ON T1.district_id = T2.district_id INNER JOIN account AS T3 ON T2.district_id = T3.district_id INNER JOIN disp AS T4 ON T1.client_id = T4.client_id AND T4.account_id = T3.account_id  WHERE T1.gender = 'F' ORDER BY T1.birth_date ASC, T2.A11 ASC LIMIT 1",False,False,False,761,52,1.6185899810000137,SELECT T1.account_id FROM disp AS T1 INNER JOIN client AS T2 ON T1.client_id = T2.client_id WHERE T2.gender = 'F' GROUP BY T1.account_id ORDER BY AVG(T2.salary) ASC LIMIT 1,no such column: T2.salary,,True,True,False,778,52,1.655079258999649,"SELECT T1.account_id FROM disp AS T1 INNER JOIN client AS T2 ON T1.client_id = T2.client_id WHERE T2.gender = 'F' ORDER BY T2.birth_date ASC, T2.district_id ASC LIMIT 1",,,False,False,False,761,59,4.061107484000786,"SELECT T1.account_id FROM disp AS T1 INNER JOIN client AS T2 ON T1.client_id = T2.client_id WHERE T2.gender = 'F' GROUP BY T1.account_id ORDER BY AVG(T2.birth_date), SUM(T2.A10) LIMIT 1",no such column: T2.A10,,True,True,False,778,60,4.173904852000305,SELECT T1.account_id FROM account AS T1 INNER JOIN disp AS T2 ON T1.account_id = T2.account_id INNER JOIN client AS T3 ON T2.client_id = T3.client_id WHERE T3.gender = 'F' ORDER BY T3.birth_date LIMIT 1,,,False,False,True,True,False,False,True,True,improved,improved,both_wrong,both_correct
496,496,financial,moderate,What is the average amount of loan which are still on running contract with statement issuance after each transaction?,"status = 'C' stands for running contract, OK so far; status = 'D' stands for running contract, client in debt. 'POPLATEK PO OBRATU' stands for issuance after transaction","SELECT AVG(T2.amount) FROM account AS T1 INNER JOIN loan AS T2 ON T1.account_id = T2.account_id WHERE T2.status IN ('C', 'D') AND T1.frequency = 'POPLATEK PO OBRATU'",True,False,False,765,54,1.679767861999835,"SELECT AVG(T1.amount), T2.date FROM loan AS T1 INNER JOIN trans AS T2 ON T1.account_id = T2.account_id WHERE T1.status = 'running' AND T2.type = 'issuance' GROUP BY T2.date",,,True,False,False,808,64,1.9970588219998717,"SELECT AVG(T1.amount), T2.date FROM loan AS T1 INNER JOIN trans AS T2 ON T1.account_id = T2.account_id WHERE T1.status IN ('C', 'D') AND T2.k_symbol = 'POPLATEK PO OBRATU' GROUP BY T2.date",,,True,False,False,765,44,3.0337874070000908,SELECT AVG(T1.amount) FROM loan AS T1 INNER JOIN trans AS T2 ON T1.account_id = T2.account_id WHERE T1.status = 'A' AND T2.type = 'W',,,True,False,False,808,53,3.6127456410004015,SELECT AVG(T1.amount) FROM loan AS T1 INNER JOIN trans AS T2 ON T1.account_id = T2.account_id WHERE T1.status = 'C' AND T2.k_symbol = 'POPLATEK PO OBRATU',,,False,True,False,True,False,True,False,True,both_wrong,both_wrong,both_wrong,both_wrong
497,497,financial,moderate,"Provide the IDs and age of the client with high level credit card, which is eligible for loans.",the credit card is high-level refers to card.type = 'gold'; eligible for loans refers to disp.type = 'OWNER',"SELECT T1.client_id, STRFTIME('%Y', CURRENT_TIMESTAMP) - STRFTIME('%Y', T3.birth_date) FROM disp AS T1 INNER JOIN card AS T2 ON T2.disp_id = T1.disp_id INNER JOIN client AS T3 ON T1.client_id = T3.client_id WHERE T2.type = 'gold' AND T1.type = 'OWNER'",True,False,False,765,68,2.107906572000047,"SELECT T1.client_id, julianday('now') - julianday(T1.birth_date) AS age FROM client AS T1 INNER JOIN disp AS T2 ON T1.client_id = T2.client_id WHERE T2.type LIKE '%credit%' AND T2.account_id IN ( SELECT account_id FROM loan )",,,True,False,False,788,81,2.5035906869998144,"SELECT T1.client_id, julianday('now') - julianday(T1.birth_date) AS age FROM client AS T1 INNER JOIN disp AS T2 ON T1.client_id = T2.client_id INNER JOIN card AS T3 ON T2.disp_id = T3.disp_id WHERE T3.type = 'gold' AND T2.type = 'OWNER'",,,True,False,False,765,68,4.619369000999541,"SELECT T1.client_id , strftime('%Y', 'now') - strftime('%Y', T1.birth_date) AS age FROM client AS T1 INNER JOIN disp AS T2 ON T1.client_id = T2.client_id WHERE T2.type = 'CC' AND T2.account_id IN ( SELECT account_id FROM loan )",,,True,False,False,788,82,5.621808669000529,"SELECT T1.client_id , strftime('%Y', 'now') - strftime('%Y', T1.birth_date) AS age FROM client AS T1 INNER JOIN disp AS T2 ON T1.client_id = T2.client_id INNER JOIN card AS T3 ON T2.disp_id = T3.disp_id WHERE T3.type = 'GOLD' AND T2.type = 'OWNER'",,,False,True,False,True,False,True,False,True,both_wrong,both_wrong,both_wrong,both_wrong
498,498,financial,moderate,"For accounts in 1993 with statement issued after transaction, list the account ID, district name and district region.",Records about district names could be found in A2; A3 contains the information about regions. 'POPLATEK PO OBRATU' stands for issuance after transaction,"SELECT T1.account_id, T2.A2, T2.A3 FROM account AS T1 INNER JOIN district AS T2 ON T1.district_id = T2.district_id WHERE T1.frequency = 'POPLATEK PO OBRATU' AND STRFTIME('%Y', T1.date)= '1993'",False,False,False,770,82,2.582310796999991,"SELECT T1.account_id, T3.A2, T3.A3 FROM account AS T1 INNER JOIN disp AS T2 ON T1.account_id = T2.account_id INNER JOIN district AS T3 ON T1.district_id = T3.district_id WHERE STRFTIME('%Y', T1.date) = '1993' AND T2.issued > T1.date",no such column: T2.issued,,True,False,False,804,105,3.264584107000246,"SELECT T1.account_id, T4.A2, T4.A3 FROM trans AS T1 INNER JOIN account AS T2 ON T1.account_id = T2.account_id INNER JOIN disp AS T3 ON T2.account_id = T3.account_id INNER JOIN district AS T4 ON T2.district_id = T4.district_id WHERE STRFTIME('%Y', T1.date) = '1993' AND T3.type = 'POPLATEK PO OBRATU'",,,True,False,False,770,89,6.078169096000238,"SELECT T1.account_id, T3.A2, T3.A3 FROM trans AS T1 INNER JOIN account AS T2 ON T1.account_id = T2.account_id INNER JOIN district AS T3 ON T2.district_id = T3.district_id WHERE STRFTIME('%Y', T1.date) = '1993' AND T1.balance > 0 ORDER BY T1.date DESC LIMIT 1",,,True,False,False,804,72,4.945054787999652,"SELECT T1.account_id, T2.A2, T2.A3 FROM trans AS T1 INNER JOIN district AS T2 ON T1.account_id = T2.district_id WHERE STRFTIME('%Y', T1.date) = '1993' AND T1.type = 'POPLATEK PO OBRATU'",,,False,False,False,True,False,True,False,True,both_wrong,both_wrong,both_wrong,both_wrong
499,499,financial,moderate,"From Year 1995 to 2000, who are the accounts holders from 'east Bohemia'. State the account ID the frequency of statement issuance.",Accounts holder refers to the person who own this account.,"SELECT T1.account_id, T1.frequency FROM account AS T1 INNER JOIN district AS T2 ON T1.district_id = T2.district_id WHERE T2.A3 = 'east Bohemia' AND STRFTIME('%Y', T1.date) BETWEEN '1995' AND '2000'",True,False,False,780,69,2.1560304639999686,"SELECT T1.account_id, T1.frequency FROM account AS T1 INNER JOIN district AS T2 ON T1.district_id = T2.district_id WHERE T2.A2 LIKE '%east Bohemia%' AND STRFTIME('%Y', T1.date) BETWEEN '1995' AND '2000'",,,True,False,False,789,106,3.3725946190002105,"SELECT T1.account_id, T1.frequency FROM account AS T1 INNER JOIN disp AS T2 ON T1.account_id = T2.account_id INNER JOIN client AS T3 ON T2.client_id = T3.client_id INNER JOIN district AS T4 ON T3.district_id = T4.district_id WHERE T4.A2 LIKE '%east Bohemia%' AND T1.date BETWEEN '1995-01-01' AND '2000-12-31'",,,True,True,False,780,69,4.75087765599983,"SELECT T1.account_id, T1.frequency FROM account AS T1 INNER JOIN district AS T2 ON T1.district_id = T2.district_id WHERE STRFTIME('%Y', T1.date) BETWEEN '1995' AND '2000' AND T2.A3 = 'east Bohemia'",,,True,True,False,789,111,7.554182365000088,"SELECT T1.account_id, T1.frequency FROM account AS T1 INNER JOIN disp AS T2 ON T1.account_id = T2.account_id INNER JOIN client AS T3 ON T2.client_id = T3.client_id INNER JOIN district AS T4 ON T3.district_id = T4.district_id WHERE STRFTIME('%Y', T1.date) BETWEEN '1995' AND '2000' AND T4.A3 = 'east Bohemia' GROUP BY T1.account_id, T1.frequency",,,False,True,False,True,True,True,True,True,both_wrong,both_correct,improved,improved
